"","PARID","saledate","date2","price","saleyr","SALETYPE","SALEVAL","presale","postsale","value","adj_price","lnadj_price"
"1","03H110160",2024-03-06,"03-2024",462000,2024,"2","X",2023,2025,312.107,470135.517626968,13.0607762675021
"2","03H210095",2024-05-20,"05-2024",250000,2024,"2","4",2023,2025,313.14,253563.102765536,12.4433679971332
"3","03H210233",2024-07-02,"07-2024",275000,2024,"2","X",2023,2025,313.566,278540.482705395,12.5373186875897
"4","03H320183",2024-03-04,"03-2024",365000,2024,"2","X",2023,2025,312.107,371427.411112215,12.8251087300029
"5","03H320206",2024-02-23,"02-2024",270000,2024,"2","Z",2023,2025,311.022,275713.004224782,12.5271157639256
"6","03H330014",2024-02-15,"02-2024",310000,2024,"2","X",2023,2025,311.022,316559.375221045,12.6652661024064
"7","03H330014",2024-08-08,"08-2024",170000,2024,"2","4",2023,2025,314.131,171878.961325052,12.0545457948468
"8","03H330041",2024-03-14,"03-2024",310000,2024,"2","X",2023,2025,312.107,315458.897109004,12.6617836738996
"9","03H340134",2024-01-04,"01-2024",155000,2024,"2","I",2023,2025,309.794,158907.096328528,11.9760750106121
"10","03H340134",2024-03-19,"03-2024",240000,2024,"2","X",2023,2025,312.107,244226.2429231,12.4058502997624
"11","03H340192",2024-01-25,"01-2024",217500,2024,"2","I",2023,2025,309.794,222982.538396483,12.3148487442216
"12","03H510131",2024-05-24,"05-2024",14000,2024,"1","X",2023,2025,313.14,14199.53375487,9.56096440888622
"13","03J220189",2024-10-24,"10-2024",460000,2024,"2","X",2023,2025,315.564,462972.265530922,13.0454224296131
"14","03J220332",2024-07-03,"07-2024",395000,2024,"2","X",2023,2025,313.566,400085.420613204,12.8994333548242
"15","03J320157",2024-02-13,"02-2024",340000,2024,"2","I",2023,2025,311.022,347194.153468243,12.7576394225374
"16","03J330035",2024-01-22,"01-2024",139001,2024,"2","5",2023,2025,309.794,142504.808366205,11.8671310210423
"17","03J610052",2024-07-01,"07-2024",525000,2024,"2","X",2023,2025,313.566,531759.103346664,13.1839458525147
"18","04G230084",2024-09-06,"09-2024",360000,2024,"2","X",2023,2025,314.851,363146.631263677,12.8025619745592
"19","04G410044",2024-02-23,"02-2024",3e+05,2024,"2","X",2023,2025,311.022,306347.78247198,12.6324762795834
"20","04G410110",2024-07-18,"07-2024",310000,2024,"2","I",2023,2025,313.566,313991.089595173,12.6571198874023
"21","04H140025",2024-11-19,"11-2024",450000,2024,"2","X",2023,2025,316.449,451641.022724041,13.0206429457593
"22","04H220183",2024-11-21,"11-2024",485000,2024,"2","X",2023,2025,316.449,486768.6578248,13.0955442539324
"23","04H520065",2024-07-31,"07-2024",243900,2024,"2","5",2023,2025,313.566,247040.086297622,12.417305895145
"24","04H520263",2024-01-18,"01-2024",440000,2024,"2","X",2023,2025,309.794,451091.112158402,13.0194246206052
"25","04H540140",2024-04-11,"04-2024",307500,2024,"2","X",2023,2025,313.016,312006.167416362,12.6507782339564
"26","04J120024",2024-07-01,"07-2024",379111,2024,"2","X",2023,2025,313.566,383991.857959728,12.8583766281152
"27","04J120035",2024-07-01,"07-2024",304295,2024,"2","X",2023,2025,313.566,308212.640672139,12.6385452155376
"28","04J120046",2024-05-23,"05-2024",334856,2024,"2","X",2023,2025,313.14,339628.505358626,12.7356076679374
"29","04J120079",2024-05-30,"05-2024",389891,2024,"2","X",2023,2025,313.14,395447.886801431,12.8877742921513
"30","04J120091",2024-04-08,"04-2024",337612,2024,"2","X",2023,2025,313.016,342559.434776497,12.7442004538236
"31","04J140033",2024-06-04,"06-2024",359447,2024,"2","X",2023,2025,313.131,364580.464856562,12.8065025601329
"32","04J140044",2024-02-29,"02-2024",333326,2024,"2","X",2023,2025,311.022,340378.936467517,12.7378147949992
"33","04J140055",2024-05-02,"05-2024",355403,2024,"2","X",2023,2025,313.14,360468.349648719,12.7951594361489
"34","04J140066",2024-06-03,"06-2024",387290,2024,"2","X",2023,2025,313.131,392821.106405945,12.8811095872316
"35","04J140077",2024-08-20,"08-2024",405240,2024,"2","X",2023,2025,314.131,409719.001690378,12.923226841982
"36","04J140088",2024-03-01,"03-2024",324215,2024,"2","X",2023,2025,312.107,329924.21395547,12.7066182523876
"37","04J140099",2024-02-06,"02-2024",334516,2024,"2","X",2023,2025,311.022,341594.116004656,12.7413785159375
"38","04J140101",2024-07-30,"07-2024",351312,2024,"2","X",2023,2025,313.566,355834.960218901,12.7822223074501
"39","04J210433",2024-05-31,"05-2024",380709,2024,"2","X",2023,2025,313.14,386135.021163058,12.8639423830419
"40","04J210444",2024-10-31,"10-2024",300560,2024,"2","X",2023,2025,315.564,302502.052452117,12.6198433413957
"41","04J210455",2024-08-29,"08-2024",320695,2024,"2","X",2023,2025,314.131,324239.550012574,12.6892378734792
"42","04J210466",2024-06-14,"06-2024",380715,2024,"2","X",2023,2025,313.131,386152.205131399,12.8639868845376
"43","04J210477",2024-05-01,"05-2024",459293,2024,"2","X",2023,2025,313.14,465839.032633966,13.0515954299031
"44","04J210488",2024-01-26,"01-2024",349838,2024,"2","X",2023,2025,309.794,358656.392034707,12.790120083882
"45","04J210501",2024-05-14,"05-2024",335000,2024,"2","X",2023,2025,313.14,339774.557705819,12.736037611096
"46","04J210510",2024-08-29,"08-2024",319315,2024,"2","X",2023,2025,314.131,322844.2972677,12.6849254341777
"47","04J210521",2024-08-16,"08-2024",380217,2024,"2","X",2023,2025,314.131,384419.429636044,12.85948950016
"48","04J210532",2024-04-29,"04-2024",325780,2024,"2","X",2023,2025,313.016,330554.046246837,12.7085254536393
"49","04J210543",2024-08-28,"08-2024",330480,2024,"2","X",2023,2025,314.131,334132.700815902,12.719293500885
"50","04J210554",2024-04-11,"04-2024",299900,2024,"2","X",2023,2025,313.016,304294.795473714,12.6257522324648
"51","04J210565",2024-09-16,"09-2024",423791,2024,"2","X",2023,2025,314.851,427495.205582958,12.9656983522854
"52","04J210576",2024-07-01,"07-2024",330895,2024,"2","X",2023,2025,313.566,335155.10190837,12.7223486944313
"53","04J210620",2024-05-29,"05-2024",323814,2024,"2","X",2023,2025,313.14,328429.130235677,12.7020763561456
"54","04J210631",2024-05-30,"05-2024",326347,2024,"2","X",2023,2025,313.14,330998.231592898,12.7098683117253
"55","04J210642",2024-01-31,"01-2024",277447,2024,"2","X",2023,2025,309.794,284440.626806846,12.5582798176473
"56","04J210653",2024-04-30,"04-2024",315828,2024,"2","X",2023,2025,313.016,320456.20761878,12.6775009083122
"57","04J210653",2024-04-30,"04-2024",315828,2024,"2","4",2023,2025,313.016,320456.20761878,12.6775009083122
"58","04J210664",2024-06-03,"06-2024",324917,2024,"2","X",2023,2025,313.131,329557.322497613,12.7055055859203
"59","04J210675",2024-02-26,"02-2024",400013,2024,"2","X",2023,2025,311.022,408476.985033213,12.9201908515071
"60","04J210686",2024-01-09,"01-2024",371986,2024,"2","X",2023,2025,309.794,381362.678289444,12.8515061128492
"61","04J210697",2024-01-03,"01-2024",405743,2024,"2","4",2023,2025,309.794,415970.593455651,12.9383698479363
"62","04J210697",2024-01-03,"01-2024",405743,2024,"2","X",2023,2025,309.794,415970.593455651,12.9383698479363
"63","04J210703",2024-05-14,"05-2024",339900,2024,"2","X",2023,2025,313.14,344744.394520023,12.750558535973
"64","04J230167",2024-08-06,"08-2024",296000,2024,"2","X",2023,2025,314.131,299271.603248326,12.6091068121206
"65","04J230332",2024-01-11,"01-2024",319000,2024,"2","X",2023,2025,309.794,327041.056314842,12.6978409964777
"66","04J240287",2024-01-08,"01-2024",245000,2024,"2","X",2023,2025,309.794,251175.732906383,12.4339081042376
"67","04J240397",2024-07-24,"07-2024",340000,2024,"2","X",2023,2025,313.566,344377.324072125,12.7494932075333
"68","04J240623",2024-03-28,"03-2024",212000,2024,"2","I",2023,2025,312.107,215733.181248738,12.2817976510924
"69","04J310072",2024-04-02,"04-2024",198000,2024,"2","I",2023,2025,313.016,200901.532190048,12.2105701774043
"70","04J310148",2024-02-12,"02-2024",321000,2024,"2","X",2023,2025,311.022,327792.127245018,12.7001349280572
"71","04J310379",2024-02-01,"02-2024",295000,2024,"2","X",2023,2025,311.022,301241.986097447,12.615669161267
"72","04J310702",2024-10-25,"10-2024",380000,2024,"2","X",2023,2025,315.564,382455.349786414,12.8543671928504
"73","04J320389",2024-07-24,"07-2024",369000,2024,"2","X",2023,2025,313.566,373750.684066512,12.8313442339637
"74","04J320422",2024-08-16,"08-2024",379000,2024,"2","X",2023,2025,314.131,383188.978483499,12.8562835628789
"75","04J320905",2024-06-07,"06-2024",151900,2024,"2","X",2023,2025,313.131,154069.369369369,11.9451582304239
"76","04J330212",2024-02-26,"02-2024",316000,2024,"2","X",2023,2025,311.022,322686.330870485,12.6844360185141
"77","04J330289",2024-11-15,"11-2024",327000,2024,"2","X",2023,2025,316.449,328192.476512803,12.7013555338921
"78","04J330366",2024-07-05,"07-2024",375000,2024,"2","X",2023,2025,313.566,379827.930961903,12.8474736158935
"79","04J330399",2024-11-06,"11-2024",2e+05,2024,"2","4",2023,2025,316.449,200729.343432907,12.2097127295429
"80","04J330621",2024-05-29,"05-2024",375000,2024,"2","X",2023,2025,313.14,380344.654148304,12.8488331052414
"81","04J330630",2024-05-16,"05-2024",375000,2024,"2","X",2023,2025,313.14,380344.654148304,12.8488331052414
"82","04J420094",2024-05-02,"05-2024",309000,2024,"2","X",2023,2025,313.14,313403.995018203,12.6552483561687
"83","04J510227",2024-05-15,"05-2024",190000,2024,"2","I",2023,2025,313.14,192707.958101807,12.1689311514314
"84","04J510580",2024-11-08,"11-2024",395000,2024,"2","X",2023,2025,316.449,396440.453279991,12.890281127896
"85","04J510711",2024-02-15,"02-2024",180000,2024,"2","Z",2023,2025,311.022,183808.669483188,12.1216506558174
"86","04J520413",2024-06-11,"06-2024",230000,2024,"2","4",2023,2025,313.131,233284.759413792,12.3600151297453
"87","04J530193",2024-07-09,"07-2024",404000,2024,"2","X",2023,2025,313.566,409201.29095629,12.9219624678843
"88","04J540334",2024-03-12,"03-2024",428000,2024,"2","X",2023,2025,312.107,435536.799879528,12.9843345720022
"89","04J540390",2024-01-25,"01-2024",395000,2024,"2","X",2023,2025,309.794,404956.793869475,12.911535658594
"90","04J610327",2024-01-02,"01-2024",315000,2024,"2","X",2023,2025,309.794,322940.228022492,12.6852225325185
"91","04J630105",2024-01-17,"01-2024",341300,2024,"2","X",2023,2025,309.794,349903.174044688,12.7654117496055
"92","04J630172",2024-09-20,"09-2024",375000,2024,"2","X",2023,2025,314.851,378277.740899664,12.8433839690794
"93","04J630424",2024-07-24,"07-2024",348000,2024,"2","X",2023,2025,313.566,352480.319932646,12.7727500696976
"94","04J630435",2024-08-08,"08-2024",4e+05,2024,"2","X",2023,2025,314.131,404421.085470711,12.9102119049045
"95","04J630534",2024-06-25,"06-2024",415000,2024,"2","X",2023,2025,313.131,420926.848507494,12.9502143410528
"96","04J640104",2024-04-29,"04-2024",4e+05,2024,"2","X",2023,2025,313.016,405861.681192016,12.9137676938178
"97","05F130030",2024-06-07,"06-2024",112300,2024,"2","Z",2023,2025,313.131,113903.81948769,11.6431096825665
"98","05G120052",2024-11-15,"11-2024",165000,2024,"1","X",2023,2025,316.449,165601.708332148,12.0173408368955
"99","05G130150",2024-11-21,"11-2024",495000,2024,"2","X",2023,2025,316.449,496805.124996445,13.1159531255636
"100","05G310088",2024-07-24,"07-2024",190000,2024,"2","X",2023,2025,313.566,192446.151687364,12.1675716620836
"101","05G310101",2024-09-04,"09-2024",184000,2024,"2","I",2023,2025,314.851,185608.278201435,12.131393700718
"102","05G310154",2024-05-02,"05-2024",128000,2024,"2","I",2023,2025,313.14,129824.308615955,11.7739373431906
"103","05H110232",2024-10-22,"10-2024",1e+05,2024,"2","I",2023,2025,315.564,100646.144680635,11.5193661261181
"104","05H110544",2024-01-08,"01-2024",135000,2024,"2","I",2023,2025,309.794,138402.954866782,11.8379246721313
"105","05H110544",2024-04-01,"04-2024",219900,2024,"2","X",2023,2025,313.016,223122.459235311,12.3154760442705
"106","05H110654",2024-02-02,"02-2024",200700,2024,"2","I",2023,2025,311.022,204946.666473754,12.2305050607295
"107","05H110874",2024-03-08,"03-2024",2e+05,2024,"2","X",2023,2025,312.107,203521.869102583,12.2235287429684
"108","05H110993",2024-06-10,"06-2024",187000,2024,"2","Z",2023,2025,313.131,189670.652219039,12.1530444376767
"109","05H111121",2024-08-19,"08-2024",250000,2024,"2","X",2023,2025,314.131,252763.178419195,12.4402082756588
"110","05H120141",2024-01-23,"01-2024",218000,2024,"2","X",2023,2025,309.794,223495.141933026,12.317144956482
"111","05H120590",2024-02-08,"02-2024",2e+05,2024,"2","X",2023,2025,311.022,204231.85498132,12.2270111714752
"112","05H130353",2024-08-19,"08-2024",275000,2024,"2","X",2023,2025,314.131,278039.496261114,12.5355184554631
"113","05H130537",2024-05-15,"05-2024",245000,2024,"2","Z",2023,2025,313.14,248491.840710225,12.4231652898157
"114","05H131141",2024-06-20,"06-2024",255000,2024,"2","X",2023,2025,313.131,258641.798480508,12.4631993659806
"115","05H140464",2024-06-06,"06-2024",325000,2024,"2","X",2023,2025,313.131,329641.507867314,12.7057610031519
"116","05H140648",2024-07-01,"07-2024",163843,2024,"2","5",2023,2025,313.566,165952.393846909,12.0194562421535
"117","05H140822",2024-05-14,"05-2024",250500,2024,"2","X",2023,2025,313.14,254070.228971067,12.4453659997959
"118","05H140923",2024-06-14,"06-2024",240000,2024,"2","X",2023,2025,313.131,243427.575040478,12.4025747441641
"119","05H210644",2024-03-12,"03-2024",324000,2024,"2","X",2023,2025,312.107,329705.427946185,12.7059548922127
"120","05H210819",2024-11-25,"11-2024",235000,2024,"2","X",2023,2025,316.449,235856.978533666,12.3709808771391
"121","05H220122",2024-04-18,"04-2024",290000,2024,"2","X",2023,2025,313.016,294249.718864211,12.5921840696903
"122","05H230183",2024-08-06,"08-2024",262000,2024,"2","X",2023,2025,314.131,264895.810983316,12.4870918615576
"123","05H230334",2024-03-08,"03-2024",147001,2024,"2","5",2023,2025,312.107,149589.591399744,11.9156507658971
"124","05H230334",2024-07-01,"07-2024",292000,2024,"2","X",2023,2025,313.566,295759.348909002,12.5973013921914
"125","05H230352",2024-04-10,"04-2024",261000,2024,"2","X",2023,2025,313.016,264824.74697779,12.4868235540325
"126","05H230590",2024-10-03,"10-2024",230000,2024,"2","X",2023,2025,315.564,231486.132765461,12.3522752490532
"127","05H230930",2024-02-20,"02-2024",312000,2024,"2","X",2023,2025,311.022,318601.693770859,12.6716969927367
"128","05H240380",2024-06-18,"06-2024",310000,2024,"2","X",2023,2025,313.131,314427.284427284,12.6585081183013
"129","05H310571",2024-09-04,"09-2024",280000,2024,"2","I",2023,2025,314.851,282447.379871749,12.5512475462783
"130","05H410312",2024-10-08,"10-2024",280000,2024,"2","X",2023,2025,315.564,281809.205105779,12.5489855432992
"131","05H410572",2024-02-21,"02-2024",240000,2024,"2","X",2023,2025,311.022,245078.225977584,12.4093327282692
"132","05H410891",2024-11-18,"11-2024",285000,2024,"2","X",2023,2025,316.449,286039.314391893,12.5638845432635
"133","05H410936",2024-09-06,"09-2024",279000,2024,"2","X",2023,2025,314.851,281438.63922935,12.5476697249304
"134","05H420212",2024-07-31,"07-2024",265000,2024,"2","X",2023,2025,313.566,268411.737879745,12.5002774159093
"135","05H420450",2024-06-06,"06-2024",295000,2024,"2","X",2023,2025,313.131,299213.060987255,12.608911177162
"136","05H420744",2024-11-04,"11-2024",296500,2024,"2","X",2023,2025,316.449,297581.251639285,12.6034425814327
"137","05H421000",2024-03-13,"03-2024",343000,2024,"2","X",2023,2025,312.107,349040.00551093,12.7629418235863
"138","05H421198",2024-07-30,"07-2024",255000,2024,"2","X",2023,2025,313.566,258282.993054094,12.4618111350816
"139","05H421286",2024-01-04,"01-2024",239000,2024,"2","X",2023,2025,309.794,245024.490467859,12.4091134456244
"140","05H421297",2024-07-29,"07-2024",306000,2024,"2","X",2023,2025,313.566,309939.591664913,12.6441326918755
"141","05H430174",2024-03-15,"03-2024",2e+05,2024,"2","X",2023,2025,312.107,203521.869102583,12.2235287429684
"142","05H430718",2024-09-06,"09-2024",190000,2024,"2","X",2023,2025,314.851,191660.72205583,12.1634820152695
"143","05H430846",2024-10-31,"10-2024",197000,2024,"2","X",2023,2025,315.564,198272.905020852,12.197399668868
"144","05H430873",2024-04-17,"04-2024",2e+05,2024,"2","X",2023,2025,313.016,202930.840596008,12.2206205132578
"145","05H430910",2024-04-02,"04-2024",159900,2024,"2","X",2023,2025,313.016,162243.207056508,11.9968517665497
"146","05H440122",2024-02-09,"02-2024",250000,2024,"2","Z",2023,2025,311.022,255289.81872665,12.4501547227894
"147","05H510298",2024-02-13,"02-2024",295500,2024,"2","X",2023,2025,311.022,301752.5657349,12.6173626417733
"148","05H510412",2024-03-28,"03-2024",327000,2024,"2","X",2023,2025,312.107,332758.255982724,12.7151715473176
"149","05H530076",2024-06-20,"06-2024",415000,2024,"2","I",2023,2025,313.131,420926.848507494,12.9502143410528
"150","05H530362",2024-08-14,"08-2024",265000,2024,"2","Z",2023,2025,314.131,267928.969124346,12.4984771837827
"151","05H530643",2024-07-15,"07-2024",365000,2024,"2","X",2023,2025,313.566,369699.186136252,12.8204449435056
"152","05H640087",2024-06-24,"06-2024",470000,2024,"2","X",2023,2025,313.131,476712.33445427,13.0746685155262
"153","05J110565",2024-04-10,"04-2024",174300,2024,"2","5",2023,2025,313.016,176854.227579421,12.0830810992358
"154","05J110565",2024-09-03,"09-2024",336000,2024,"2","X",2023,2025,314.851,338936.855846099,12.7335691030722
"155","05J111182",2024-06-05,"06-2024",269000,2024,"2","4",2023,2025,313.131,272841.740357869,12.516647200424
"156","05J120454",2024-03-15,"03-2024",230000,2024,"2","X",2023,2025,312.107,234050.149467971,12.3632906853436
"157","05J120722",2024-01-23,"01-2024",125000,2024,"2","I",2023,2025,309.794,128150.88413591,11.7609636309952
"158","05J120814",2024-08-26,"08-2024",185000,2024,"2","X",2023,2025,314.131,187044.752030204,12.1391031828748
"159","05J130091",2024-07-01,"07-2024",174000,2024,"2","X",2023,2025,313.566,176240.159966323,12.0796028891377
"160","05J140441",2024-09-20,"09-2024",227000,2024,"2","X",2023,2025,314.851,228984.125824596,12.3414079605904
"161","05J211161",2024-10-10,"10-2024",122321,2024,"2","5",2023,2025,315.564,123111.3706348,11.7208446769953
"162","05J220378",2024-09-18,"09-2024",196000,2024,"2","X",2023,2025,314.851,197713.165910224,12.1945726023395
"163","05J220598",2024-02-12,"02-2024",190000,2024,"2","X",2023,2025,311.022,194020.262232254,12.1757178770877
"164","05J230704",2024-08-09,"08-2024",210000,2024,"2","X",2023,2025,314.131,212321.069872123,12.265854888514
"165","05J231378",2024-04-22,"04-2024",103000,2024,"2","I",2023,2025,313.016,104509.382906944,11.5570321349394
"166","05J231422",2024-02-01,"02-2024",153000,2024,"2","X",2023,2025,311.022,156237.36906071,11.9591317263196
"167","05J231675",2024-02-23,"02-2024",190900,2024,"2","X",2023,2025,311.022,194939.30557967,12.1804435356589
"168","05J320302",2024-03-18,"03-2024",233000,2024,"2","X",2023,2025,312.107,237102.97750451,12.3762498299861
"169","05J330059",2024-02-16,"02-2024",245000,2024,"2","X",2023,2025,311.022,250184.022352117,12.4299520154719
"170","05J330071",2024-03-12,"03-2024",215000,2024,"2","X",2023,2025,312.107,218786.009285277,12.295849404548
"171","05J330213",2024-10-18,"10-2024",160000,2024,"2","I",2023,2025,315.564,161033.831489017,11.9893697553638
"172","05J330611",2024-08-19,"08-2024",380000,2024,"2","X",2023,2025,314.131,384200.031197176,12.8589186105169
"173","05J330631",2024-09-03,"09-2024",402500,2024,"2","X",2023,2025,314.851,406018.108565639,12.9141530399676
"174","05J340366",2024-06-13,"06-2024",209400,2024,"2","X",2023,2025,313.131,212390.559222817,12.2661821192586
"175","05J410326",2024-01-29,"01-2024",287500,2024,"2","I",2023,2025,309.794,294747.033512592,12.5938727539303
"176","05J411262",2024-07-22,"07-2024",183000,2024,"2","I",2023,2025,313.566,185356.030309409,12.1300337427645
"177","05J420194",2024-08-01,"08-2024",201000,2024,"2","I",2023,2025,314.131,203221.595449032,12.2220522658556
"178","05J430380",2024-06-14,"06-2024",296000,2024,"2","X",2023,2025,313.131,300227.342549923,12.6122952751462
"179","05J510493",2024-04-01,"04-2024",180000,2024,"2","X",2023,2025,313.016,182637.756536407,12.1152599976
"180","05J510514",2024-08-22,"08-2024",252000,2024,"2","Z",2023,2025,314.131,254785.283846548,12.4481764453079
"181","05J510657",2024-09-30,"09-2024",250000,2024,"2","X",2023,2025,314.851,252185.160599776,12.4379188609713
"182","05J520195",2024-11-15,"11-2024",227500,2024,"2","X",2023,2025,316.449,228329.628154932,12.3385456013859
"183","05J520678",2024-06-03,"06-2024",228500,2024,"2","X",2023,2025,313.131,231763.337069789,12.3534720311564
"184","05J520887",2024-09-27,"09-2024",205000,2024,"2","X",2023,2025,314.851,206791.831691816,12.2394679222474
"185","05J521008",2024-08-08,"08-2024",125000,2024,"2","X",2023,2025,314.131,126381.589209597,11.7470610950988
"186","05J521019",2024-01-19,"01-2024",135000,2024,"2","X",2023,2025,309.794,138402.954866782,11.8379246721313
"187","05J530336",2024-11-14,"11-2024",265000,2024,"2","X",2023,2025,316.449,265966.380048602,12.4911251889811
"188","05J530424",2024-07-10,"07-2024",168500,2024,"2","I",2023,2025,313.566,170669.350312215,12.0474833397155
"189","05J530556",2024-04-18,"04-2024",185500,2024,"2","X",2023,2025,313.016,188218.354652797,12.1453580287573
"190","05J530921",2024-10-14,"10-2024",153070,2024,"2","I",2023,2025,315.564,154059.053662648,11.9450912732336
"191","05J540072",2024-02-01,"02-2024",235000,2024,"2","X",2023,2025,311.022,239972.429603051,12.3882793190713
"192","05J610582",2024-07-15,"07-2024",180000,2024,"2","I",2023,2025,313.566,182317.406861713,12.1135044408133
"193","05J610845",2024-06-06,"06-2024",259900,2024,"2","X",2023,2025,313.131,263611.778137585,12.4822327624696
"194","05J610878",2024-09-17,"09-2024",243000,2024,"2","I",2023,2025,314.851,245123.976102982,12.4095193864496
"195","05J620712",2024-01-30,"01-2024",211300,2024,"2","X",2023,2025,309.794,216626.254543342,12.2859288183149
"196","05J620723",2024-01-17,"01-2024",243000,2024,"2","X",2023,2025,309.794,249125.318760208,12.4257113370334
"197","05J620855",2024-02-26,"02-2024",225000,2024,"2","X",2023,2025,311.022,229760.836853985,12.3447942071316
"198","05J620866",2024-10-15,"10-2024",270000,2024,"2","X",2023,2025,315.564,271744.590637715,12.5126178991284
"199","05J621230",2024-07-30,"07-2024",359000,2024,"2","X",2023,2025,313.566,363621.939240862,12.8038699784114
"200","05J630315",2024-03-06,"03-2024",243000,2024,"2","X",2023,2025,312.107,247279.070959639,12.4182728197609
"201","05J630348",2024-03-08,"03-2024",280000,2024,"2","X",2023,2025,312.107,284930.616743617,12.5600009795896
"202","05J630766",2024-07-01,"07-2024",383000,2024,"2","X",2023,2025,313.566,387930.926822423,12.8685825791038
"203","05J631251",2024-05-21,"05-2024",269900,2024,"2","X",2023,2025,313.14,273746.725745673,12.5199585992949
"204","05J640051",2024-05-23,"05-2024",270000,2024,"2","X",2023,2025,313.14,273848.150986779,12.5203290382693
"205","05J640325",2024-04-15,"04-2024",252000,2024,"2","Z",2023,2025,313.016,255692.85915097,12.4517322342212
"206","05J640589",2024-09-30,"09-2024",252500,2024,"2","X",2023,2025,314.851,254707.012205773,12.4478691918244
"207","05J640590",2024-10-10,"10-2024",310000,2024,"2","X",2023,2025,315.564,312003.048509969,12.6507682376092
"208","05K210224",2024-05-15,"05-2024",1e+05,2024,"2","I",2023,2025,313.14,101425.241106214,11.527077265259
"209","05K210411",2024-08-29,"08-2024",181000,2024,"2","I",2023,2025,314.131,183000.541175497,12.1172443890623
"210","05K210499",2024-08-29,"08-2024",209000,2024,"2","X",2023,2025,314.131,211310.017158447,12.2610816097613
"211","05K211038",2024-07-16,"07-2024",240000,2024,"2","X",2023,2025,313.566,243089.875815618,12.4011865132651
"212","05K220915",2024-06-06,"06-2024",208000,2024,"2","X",2023,2025,313.131,210970.565035081,12.2594739005235
"213","05K240254",2024-05-30,"05-2024",196000,2024,"2","X",2023,2025,313.14,198793.47256818,12.2000217385015
"214","05K240353",2024-10-15,"10-2024",196000,2024,"2","X",2023,2025,315.564,197266.443574045,12.1923105993605
"215","05K240504",2024-09-24,"09-2024",209900,2024,"2","X",2023,2025,314.851,211734.660839572,12.2630891699356
"216","05K240584",2024-07-29,"07-2024",189900,2024,"2","X",2023,2025,313.566,192344.864239108,12.1670452077414
"217","05K240724",2024-02-27,"02-2024",62000,2024,"2","I",2023,2025,311.022,63311.8750442091,11.0558281899723
"218","05K240724",2024-07-02,"07-2024",217500,2024,"2","X",2023,2025,313.566,220300.199957904,12.3027464404519
"219","05K311084",2024-11-20,"11-2024",225000,2024,"2","X",2023,2025,316.449,225820.51136202,12.3274957651993
"220","05K311204",2024-05-02,"05-2024",199000,2024,"2","X",2023,2025,313.14,201836.229801367,12.2152119039955
"221","05K620304",2024-05-28,"05-2024",280000,2024,"2","X",2023,2025,313.14,283990.6750974,12.5566966824402
"222","05K620502",2024-04-23,"04-2024",280000,2024,"2","X",2023,2025,313.016,284103.176834411,12.5570927498791
"223","05K620612",2024-07-22,"07-2024",308000,2024,"2","X",2023,2025,313.566,311965.340630043,12.6506473728967
"224","06E210211",2024-07-31,"07-2024",215000,2024,"2","X",2023,2025,313.566,217768.013751491,12.2911856180508
"225","06F130086",2024-05-09,"05-2024",185000,2024,"2","X",2023,2025,313.14,187636.696046497,12.1422629043493
"226","06F140063",2024-03-25,"03-2024",139000,2024,"2","I",2023,2025,312.107,141447.699026295,11.8596853095511
"227","06F210287",2024-09-18,"09-2024",135000,2024,"2","I",2023,2025,314.851,136179.986723879,11.8217327215474
"228","06F210412",2024-06-06,"06-2024",215000,2024,"2","X",2023,2025,313.131,218070.535973762,12.2925738489498
"229","06F240372",2024-01-04,"01-2024",122500,2024,"2","I",2023,2025,309.794,125587.866453191,11.7407609236777
"230","06F310134",2024-10-17,"10-2024",131000,2024,"2","I",2023,2025,315.564,131846.449531632,11.7893932633311
"231","06F310398",2024-06-14,"06-2024",1e+05,2024,"2","I",2023,2025,313.131,101428.156266866,11.5271060068102
"232","06G110111",2024-04-23,"04-2024",263000,2024,"2","X",2023,2025,313.016,266854.05538375,12.4944571788876
"233","06G120103",2024-02-22,"02-2024",241500,2024,"2","X",2023,2025,311.022,246609.964889943,12.4155632780198
"234","06G130315",2024-05-09,"05-2024",143406,2024,"2","5",2023,2025,313.14,145449.881260778,11.8875868475654
"235","06G131240",2024-08-29,"08-2024",132000,2024,"2","X",2023,2025,314.131,133458.958205335,11.8015492803829
"236","06G131295",2024-07-31,"07-2024",95000,2024,"2","X",2023,2025,313.566,96223.075843682,11.4744244815237
"237","06G131332",2024-09-12,"09-2024",129000,2024,"2","X",2023,2025,314.851,130127.542869484,11.7762703474707
"238","06G131516",2024-07-24,"07-2024",135000,2024,"2","X",2023,2025,313.566,136738.055146285,11.8258223683616
"239","06G131772",2024-10-04,"10-2024",70000,2024,"2","X",2023,2025,315.564,70452.3012764447,11.1626911821793
"240","06G140073",2024-01-23,"01-2024",235500,2024,"2","X",2023,2025,309.794,241436.265712054,12.3943608071494
"241","06G210954",2024-06-03,"06-2024",296000,2024,"2","X",2023,2025,313.131,300227.342549923,12.6122952751462
"242","06G211012",2024-03-22,"03-2024",389200,2024,"2","X",2023,2025,312.107,396053.557273627,12.8893047267322
"243","06G220087",2024-06-20,"06-2024",232900,2024,"2","X",2023,2025,313.131,236226.175945531,12.3725449977124
"244","06G220313",2024-07-22,"07-2024",340000,2024,"2","X",2023,2025,313.566,344377.324072125,12.7494932075333
"245","06G220483",2024-02-14,"02-2024",320000,2024,"2","X",2023,2025,311.022,326770.967970111,12.697014800721
"246","06G220919",2024-03-13,"03-2024",220000,2024,"2","X",2023,2025,312.107,223874.056012842,12.3188389227727
"247","06G221154",2024-08-01,"08-2024",606000,2024,"2","X",2023,2025,314.131,612697.944488128,13.3256273438658
"248","06G240443",2024-08-19,"08-2024",315000,2024,"2","X",2023,2025,314.131,318481.604808185,12.6713199966221
"249","06G240975",2024-08-28,"08-2024",470000,2024,"2","X",2023,2025,314.131,475194.775428086,13.0714800525006
"250","06G241372",2024-08-02,"08-2024",350000,2024,"2","X",2023,2025,314.131,353868.449786872,12.77668051228
"251","06G310111",2024-04-26,"04-2024",267000,2024,"2","X",2023,2025,313.016,270912.672195671,12.5095518051101
"252","06G310540",2024-06-11,"06-2024",430000,2024,"2","X",2023,2025,313.131,436141.071947524,12.9857210295097
"253","06G330322",2024-02-26,"02-2024",269900,2024,"2","X",2023,2025,311.022,275610.888297291,12.5267453249511
"254","06G330643",2024-04-11,"04-2024",242000,2024,"2","X",2023,2025,313.016,245546.31712117,12.4112408728665
"255","06G330827",2024-01-12,"01-2024",4e+05,2024,"2","4",2023,2025,309.794,410082.829234911,12.9241144408009
"256","06G340130",2024-06-26,"06-2024",273000,2024,"2","X",2023,2025,313.131,276898.866608544,12.5314076160071
"257","06G340433",2024-07-16,"07-2024",240000,2024,"2","X",2023,2025,313.566,243089.875815618,12.4011865132651
"258","06G410475",2024-05-03,"05-2024",412800,2024,"2","I",2023,2025,313.14,418683.395286453,12.9448702934383
"259","06G410475",2024-09-11,"09-2024",505000,2024,"2","X",2023,2025,314.851,509414.024411547,13.1410163723844
"260","06G610400",2024-03-18,"03-2024",170000,2024,"2","X",2023,2025,312.107,172993.588737196,12.0610098134706
"261","06G620081",2024-09-27,"09-2024",219000,2024,"2","X",2023,2025,314.851,220914.200685404,12.3055296729255
"262","06G620520",2024-08-29,"08-2024",197600,2024,"2","I",2023,2025,314.131,199784.016222531,12.2049921431103
"263","06G620575",2024-02-29,"02-2024",107000,2024,"2","5",2023,2025,311.022,109264.042415006,11.6015226393891
"264","06G620575",2024-08-22,"08-2024",270000,2024,"2","X",2023,2025,314.131,272984.23269273,12.5171693167949
"265","06G620597",2024-05-20,"05-2024",104000,2024,"2","I",2023,2025,313.14,105482.250750463,11.5662979784123
"266","06G620713",2024-08-05,"08-2024",325000,2024,"2","X",2023,2025,314.131,328592.131944953,12.7025725401262
"267","06G630134",2024-07-09,"07-2024",225000,2024,"2","X",2023,2025,313.566,227896.758577142,12.3366479921275
"268","06G630824",2024-04-18,"04-2024",225000,2024,"2","X",2023,2025,313.016,228297.195670509,12.3384035489142
"269","06G631003",2024-06-07,"06-2024",229900,2024,"2","X",2023,2025,313.131,233183.331257525,12.3595802525913
"270","06H110141",2024-03-13,"03-2024",229900,2024,"2","X",2023,2025,312.107,233948.38853342,12.3628558081895
"271","06H110152",2024-09-03,"09-2024",210000,2024,"2","X",2023,2025,314.851,211835.534903812,12.2635654738265
"272","06H110152",2024-10-09,"10-2024",210000,2024,"2","4",2023,2025,315.564,211356.903829334,12.2613034708474
"273","06H110185",2024-05-17,"05-2024",207000,2024,"2","X",2023,2025,313.14,209950.249089864,12.2546258725363
"274","06H110718",2024-04-15,"04-2024",120000,2024,"2","I",2023,2025,313.016,121758.504357605,11.7097948894919
"275","06H111021",2024-06-06,"06-2024",177900,2024,"2","X",2023,2025,313.131,180440.689998755,12.1031574154939
"276","06H120195",2024-06-12,"06-2024",176200,2024,"2","I",2023,2025,313.131,178716.411342218,12.0935555343242
"277","06H120636",2024-07-03,"07-2024",195000,2024,"2","X",2023,2025,313.566,197510.524100189,12.1935471484869
"278","06H120700",2024-09-13,"09-2024",191250,2024,"2","5",2023,2025,314.851,192921.647858828,12.1700394158157
"279","06H130664",2024-08-29,"08-2024",190000,2024,"2","X",2023,2025,314.131,192100.015598588,12.165771429957
"280","06H130691",2024-10-21,"10-2024",193000,2024,"2","X",2023,2025,315.564,194247.059233626,12.1768861290349
"281","06H130756",2024-02-20,"02-2024",186000,2024,"2","X",2023,2025,311.022,189935.625132627,12.1544404786404
"282","06H140160",2024-04-23,"04-2024",229000,2024,"2","X",2023,2025,313.016,232355.812482429,12.356025150264
"283","06H140281",2024-10-08,"10-2024",230000,2024,"2","X",2023,2025,315.564,231486.132765461,12.3522752490532
"284","06H140490",2024-05-01,"05-2024",219000,2024,"2","X",2023,2025,313.14,222121.27802261,12.3109788090875
"285","06H140784",2024-09-11,"09-2024",215000,2024,"2","X",2023,2025,314.851,216879.238115807,12.2870959712367
"286","06H210362",2024-06-07,"06-2024",185000,2024,"2","X",2023,2025,313.131,187642.089093702,12.1422916459005
"287","06H210423",2024-04-04,"04-2024",250000,2024,"2","X",2023,2025,313.016,253663.55074501,12.4437640645721
"288","06H210607",2024-01-26,"01-2024",195000,2024,"2","X",2023,2025,309.794,199915.379252019,12.2056494522566
"289","06H210753",2024-10-21,"10-2024",206856,2024,"2","X",2023,2025,315.564,208192.589040575,12.2462188391432
"290","06H210872",2024-02-07,"02-2024",169900,2024,"2","X",2023,2025,311.022,173494.960806631,12.0639038336051
"291","06H211143",2024-02-13,"02-2024",171000,2024,"2","X",2023,2025,311.022,174618.236009028,12.0703573614298
"292","06H220273",2024-05-10,"05-2024",171500,2024,"2","Z",2023,2025,313.14,173944.288497158,12.066490345877
"293","06H220350",2024-07-10,"07-2024",170000,2024,"2","I",2023,2025,313.566,172188.662036063,12.0563460269734
"294","06H230063",2024-06-12,"06-2024",2e+05,2024,"2","X",2023,2025,313.131,202856.312533732,12.2202531873702
"295","06H240316",2024-03-15,"03-2024",206000,2024,"2","X",2023,2025,312.107,209627.525175661,12.25308754521
"296","06H240392",2024-02-27,"02-2024",280000,2024,"2","X",2023,2025,311.022,285924.596973848,12.5634834080964
"297","06H310583",2024-01-24,"01-2024",145000,2024,"2","X",2023,2025,309.794,148655.025597655,11.9093836361135
"298","06H310743",2024-02-27,"02-2024",119000,2024,"2","X",2023,2025,311.022,121517.953713885,11.7078172980387
"299","06H310808",2024-03-05,"03-2024",139900,2024,"2","X",2023,2025,312.107,142363.547437257,11.8661392580918
"300","06H311733",2024-07-08,"07-2024",215000,2024,"2","X",2023,2025,313.566,217768.013751491,12.2911856180508
"301","06H311742",2024-02-26,"02-2024",240000,2024,"2","X",2023,2025,311.022,245078.225977584,12.4093327282692
"302","06H320322",2024-05-06,"05-2024",216900,2024,"2","X",2023,2025,313.14,219991.347959379,12.3013434971038
"303","06H330213",2024-07-22,"07-2024",250000,2024,"2","X",2023,2025,313.566,253218.620641269,12.4420085077854
"304","06H330772",2024-04-05,"04-2024",140000,2024,"2","I",2023,2025,313.016,142051.588417206,11.8639455693191
"305","06H330772",2024-10-11,"10-2024",270000,2024,"2","X",2023,2025,315.564,271744.590637715,12.5126178991284
"306","06H341086",2024-05-09,"05-2024",47636,2024,"2","5",2023,2025,313.14,48314.9278533563,10.7854958571767
"307","06H341086",2024-08-02,"08-2024",109000,2024,"2","X",2023,2025,314.131,110204.745790769,11.6100952400257
"308","06H341323",2024-06-06,"06-2024",115000,2024,"2","X",2023,2025,313.131,116642.379706896,11.6668679491854
"309","06H410403",2024-03-14,"03-2024",275000,2024,"2","X",2023,2025,312.107,279842.570016052,12.5419824740869
"310","06H420312",2024-11-06,"11-2024",285000,2024,"2","X",2023,2025,316.449,286039.314391893,12.5638845432635
"311","06H430175",2024-10-02,"10-2024",420000,2024,"2","X",2023,2025,315.564,422713.807658668,12.9544506514074
"312","06H430263",2024-07-30,"07-2024",507000,2024,"2","X",2023,2025,313.566,513527.362660493,13.1490585935143
"313","06H430414",2024-03-22,"03-2024",281500,2024,"2","X",2023,2025,312.107,286457.030761886,12.5653438240001
"314","06H431044",2024-06-18,"06-2024",385000,2024,"2","X",2023,2025,313.131,390498.401627434,12.8751791551099
"315","06H431671",2024-02-26,"02-2024",179900,2024,"2","X",2023,2025,311.022,183706.553555697,12.1210949458837
"316","06H440097",2024-04-10,"04-2024",215000,2024,"2","X",2023,2025,313.016,218150.653640708,12.2929411748375
"317","06H440103",2024-01-03,"01-2024",132000,2024,"2","I",2023,2025,309.794,135327.333647521,11.8154518162792
"318","06H440103",2024-07-03,"07-2024",260000,2024,"2","X",2023,2025,313.566,263347.365466919,12.4812292209387
"319","06H510057",2024-04-19,"04-2024",250000,2024,"2","X",2023,2025,313.016,253663.55074501,12.4437640645721
"320","06H510266",2024-08-07,"08-2024",176000,2024,"2","5",2023,2025,314.131,177945.277607113,12.0892313528347
"321","06H520122",2024-06-28,"06-2024",205000,2024,"2","I",2023,2025,313.131,207927.720347075,12.2449457999605
"322","06H520441",2024-06-11,"06-2024",239000,2024,"2","X",2023,2025,313.131,242413.29347781,12.3983993727537
"323","06H520971",2024-02-21,"02-2024",285000,2024,"2","Z",2023,2025,311.022,291030.393348381,12.5811829851958
"324","06H530473",2024-11-04,"11-2024",271000,2024,"2","X",2023,2025,316.449,271988.260351589,12.5135141838746
"325","06H540197",2024-01-19,"01-2024",2e+05,2024,"2","X",2023,2025,309.794,205041.414617456,12.2309672602409
"326","06H540515",2024-02-02,"02-2024",295000,2024,"2","X",2023,2025,311.022,301241.986097447,12.615669161267
"327","06H540670",2024-02-12,"02-2024",257000,2024,"2","X",2023,2025,311.022,262437.933650996,12.4777698898224
"328","06H540726",2024-02-22,"02-2024",170000,2024,"2","4",2023,2025,311.022,173597.076734122,12.0644922419774
"329","06H540726",2024-09-17,"09-2024",306000,2024,"2","X",2023,2025,314.851,308674.636574125,12.6400430450614
"330","06H610311",2024-07-12,"07-2024",257500,2024,"2","X",2023,2025,313.566,260815.179260507,12.4715673100269
"331","06H620112",2024-02-13,"02-2024",184000,2024,"2","I",2023,2025,311.022,187893.306582814,12.1436295625362
"332","06H630045",2024-01-30,"01-2024",207000,2024,"2","X",2023,2025,309.794,212217.864129066,12.2653686869582
"333","06H630724",2024-11-12,"11-2024",249500,2024,"2","X",2023,2025,316.449,250409.855932552,12.4308542781865
"334","06H630793",2024-03-07,"03-2024",203000,2024,"2","X",2023,2025,312.107,206574.697139122,12.2384173554622
"335","06J110324",2024-03-20,"03-2024",105400,2024,"2","I",2023,2025,312.107,107256.025017061,11.5829740125276
"336","06J110324",2024-09-20,"09-2024",250000,2024,"2","X",2023,2025,314.851,252185.160599776,12.4379188609713
"337","06J110489",2024-06-14,"06-2024",190000,2024,"2","X",2023,2025,313.131,192713.496907045,12.1689598929826
"338","06J110577",2024-09-10,"09-2024",155000,2024,"2","Z",2023,2025,314.851,156354.799571861,11.9598830600283
"339","06J110731",2024-09-10,"09-2024",150000,2024,"2","X",2023,2025,314.851,151311.096359865,11.9270932372053
"340","06J110863",2024-05-13,"05-2024",180000,2024,"2","X",2023,2025,313.14,182565.433991186,12.1148639301612
"341","06J111084",2024-01-12,"01-2024",165000,2024,"2","I",2023,2025,309.794,169159.167059401,12.0385953675935
"342","06J111084",2024-09-11,"09-2024",245000,2024,"2","X",2023,2025,314.851,247141.45738778,12.4177161536537
"343","06J111116",2024-05-07,"05-2024",124000,2024,"2","X",2023,2025,313.14,125767.298971706,11.742188644876
"344","06J120071",2024-10-18,"10-2024",209000,2024,"2","X",2023,2025,315.564,210350.442382528,12.2565301920948
"345","06J120521",2024-06-27,"06-2024",133600,2024,"2","I",2023,2025,313.131,135508.016772533,11.8167860819247
"346","06J120521",2024-09-11,"09-2024",176000,2024,"2","X",2023,2025,314.851,177538.353062242,12.0869419381472
"347","06J120712",2024-03-08,"03-2024",177000,2024,"2","X",2023,2025,312.107,180116.854155786,12.1013611089942
"348","06J120822",2024-06-12,"06-2024",98000,2024,"2","I",2023,2025,313.131,99399.5931415286,11.5069032994927
"349","06J121049",2024-04-12,"04-2024",160000,2024,"2","X",2023,2025,313.016,162344.672476806,11.9974769619436
"350","06J130036",2024-09-16,"09-2024",155000,2024,"2","X",2023,2025,314.851,156354.799571861,11.9598830600283
"351","06J130146",2024-09-12,"09-2024",139800,2024,"2","X",2023,2025,314.851,141021.941807395,11.8566707729087
"352","06J130333",2024-08-13,"08-2024",120000,2024,"2","I",2023,2025,314.131,121326.325641213,11.7062391005786
"353","06J130432",2024-09-17,"09-2024",180000,2024,"2","X",2023,2025,314.851,181573.315631839,12.1094147939992
"354","06J130597",2024-08-08,"08-2024",164000,2024,"2","X",2023,2025,314.131,165812.645042992,12.0186137856207
"355","06J130814",2024-10-10,"10-2024",206900,2024,"2","X",2023,2025,315.564,208236.873344234,12.2464315248815
"356","06J130982",2024-04-05,"04-2024",170000,2024,"2","X",2023,2025,313.016,172491.214506607,12.0581015837601
"357","06J131400",2024-03-11,"03-2024",204000,2024,"2","X",2023,2025,312.107,207592.306484635,12.2433313702646
"358","06J140200",2024-05-03,"05-2024",164000,2024,"2","X",2023,2025,313.14,166337.395414192,12.0217735070952
"359","06J140475",2024-02-01,"02-2024",95000,2024,"2","I",2023,2025,311.022,97010.1311161268,11.4825706965277
"360","06J140475",2024-06-27,"06-2024",205000,2024,"2","X",2023,2025,313.131,207927.720347075,12.2449457999605
"361","06J140772",2024-08-22,"08-2024",168000,2024,"2","X",2023,2025,314.131,169856.855897699,12.0427113371998
"362","06J210480",2024-02-14,"02-2024",151000,2024,"2","X",2023,2025,311.022,154195.050510896,11.9459736417421
"363","06J210732",2024-03-04,"03-2024",85000,2024,"2","I",2023,2025,312.107,86496.7943685979,11.3678626329107
"364","06J210743",2024-05-21,"05-2024",184000,2024,"2","X",2023,2025,313.14,186622.443635435,12.1368428368799
"365","06J210842",2024-09-24,"09-2024",170000,2024,"2","X",2023,2025,314.851,171485.909207848,12.0522563801593
"366","06J220601",2024-03-27,"03-2024",252500,2024,"2","X",2023,2025,312.107,256946.359742012,12.4566226251358
"367","06J230202",2024-02-26,"02-2024",205000,2024,"2","X",2023,2025,311.022,209337.651355853,12.2517037840656
"368","06J230345",2024-08-27,"08-2024",160000,2024,"2","X",2023,2025,314.131,161768.434188285,11.9939211730303
"369","06J230488",2024-07-02,"07-2024",170000,2024,"2","X",2023,2025,313.566,172188.662036063,12.0563460269734
"370","06J230862",2024-09-25,"09-2024",155000,2024,"2","X",2023,2025,314.851,156354.799571861,11.9598830600283
"371","06J231182",2024-03-06,"03-2024",76400,2024,"2","I",2023,2025,312.107,77745.3539971869,11.2611940725928
"372","06J310030",2024-09-13,"09-2024",190000,2024,"2","X",2023,2025,314.851,191660.72205583,12.1634820152695
"373","06J310052",2024-03-20,"03-2024",219900,2024,"2","X",2023,2025,312.107,223772.29507829,12.3183842739811
"374","06J310216",2024-10-07,"10-2024",168900,2024,"2","X",2023,2025,315.564,169991.338365593,12.0435027639437
"375","06J310359",2024-02-26,"02-2024",2e+05,2024,"2","X",2023,2025,311.022,204231.85498132,12.2270111714752
"376","06J310722",2024-04-01,"04-2024",229000,2024,"2","X",2023,2025,313.016,232355.812482429,12.356025150264
"377","06J310931",2024-09-09,"09-2024",236500,2024,"2","X",2023,2025,314.851,238567.161927388,12.382406151041
"378","06J310942",2024-11-06,"11-2024",207000,2024,"2","X",2023,2025,316.449,207754.870453059,12.2441141562603
"379","06J311008",2024-07-01,"07-2024",219900,2024,"2","X",2023,2025,313.566,222731.09871606,12.3137204874838
"380","06J311196",2024-02-27,"02-2024",131500,2024,"2","4",2023,2025,311.022,134282.444650218,11.807700656545
"381","06J320028",2024-04-10,"04-2024",130000,2024,"2","I",2023,2025,313.016,131905.046387405,11.7898375971654
"382","06J320084",2024-01-16,"01-2024",190000,2024,"2","X",2023,2025,309.794,194789.343886583,12.1796739658534
"383","06J320534",2024-01-29,"01-2024",156000,2024,"2","X",2023,2025,309.794,159932.303401615,11.9825059009424
"384","06J320655",2024-06-10,"06-2024",150000,2024,"2","I",2023,2025,313.131,152142.234400299,11.9325711149184
"385","06J320710",2024-06-17,"06-2024",205000,2024,"2","X",2023,2025,313.131,207927.720347075,12.2449457999605
"386","06J320912",2024-10-04,"10-2024",213000,2024,"2","X",2023,2025,315.564,214376.288169753,12.2754881058394
"387","06J321007",2024-07-11,"07-2024",175000,2024,"2","X",2023,2025,313.566,177253.034448888,12.0853335638466
"388","06J321096",2024-05-01,"05-2024",45000,2024,"2","I",2023,2025,313.14,45641.3584977965,10.7285695690413
"389","06J321117",2024-06-18,"06-2024",204000,2024,"2","X",2023,2025,313.131,206913.438784407,12.2400558146664
"390","06J330038",2024-04-01,"04-2024",440000,2024,"2","X",2023,2025,313.016,446447.849311217,13.0090778736221
"391","06J330072",2024-06-04,"06-2024",100250,2024,"2","I",2023,2025,313.131,101681.726657533,11.5296028870088
"392","06J330193",2024-03-26,"03-2024",275000,2024,"2","X",2023,2025,312.107,279842.570016052,12.5419824740869
"393","06J340279",2024-03-12,"03-2024",252400,2024,"2","X",2023,2025,312.107,256844.59880746,12.4562265070874
"394","06J340367",2024-08-15,"08-2024",180025,2024,"2","X",2023,2025,314.131,182014.764779662,12.1118430879314
"395","06J340611",2024-04-30,"04-2024",145000,2024,"2","I",2023,2025,313.016,147124.859432106,11.8990368891304
"396","06J340686",2024-08-21,"08-2024",192500,2024,"2","X",2023,2025,314.131,194627.64738278,12.1788435115244
"397","06J340697",2024-06-24,"06-2024",185000,2024,"2","X",2023,2025,313.131,187642.089093702,12.1422916459005
"398","06J410031",2024-01-08,"01-2024",243000,2024,"2","X",2023,2025,309.794,249125.318760208,12.4257113370334
"399","06J410206",2024-09-04,"09-2024",180000,2024,"2","X",2023,2025,314.851,181573.315631839,12.1094147939992
"400","06J410305",2024-10-04,"10-2024",135000,2024,"2","I",2023,2025,315.564,135872.295318858,11.8194707185684
"401","06J410415",2024-01-31,"01-2024",230000,2024,"2","X",2023,2025,309.794,235797.626810074,12.3707292026161
"402","06J410459",2024-05-20,"05-2024",190000,2024,"2","X",2023,2025,313.14,192707.958101807,12.1689311514314
"403","06J420492",2024-08-13,"08-2024",213000,2024,"2","X",2023,2025,314.131,215354.228013154,12.2800395235059
"404","06J430666",2024-07-25,"07-2024",252500,2024,"2","X",2023,2025,313.566,255750.806847681,12.4519588386385
"405","06J440137",2024-06-21,"06-2024",106000,2024,"2","X",2023,2025,313.131,107513.845642878,11.5853749149342
"406","06J440182",2024-06-28,"06-2024",245000,2024,"2","X",2023,2025,313.131,248498.982853822,12.4231940313669
"407","06J440467",2024-05-30,"05-2024",172000,2024,"2","X",2023,2025,313.14,174451.414702689,12.0694015560844
"408","06J440577",2024-03-15,"03-2024",142500,2024,"2","X",2023,2025,312.107,145009.331735591,11.8845533761291
"409","06J441073",2024-11-06,"11-2024",175000,2024,"2","X",2023,2025,316.449,175638.175503794,12.0761813369184
"410","06J441381",2024-06-11,"06-2024",180000,2024,"2","X",2023,2025,313.131,182570.681280359,12.1148926717124
"411","06J441402",2024-05-10,"05-2024",148000,2024,"2","X",2023,2025,313.14,150109.356837197,11.9191193530351
"412","06J441743",2024-08-28,"08-2024",265000,2024,"2","X",2023,2025,314.131,267928.969124346,12.4984771837827
"413","06J510405",2024-09-10,"09-2024",113000,2024,"2","I",2023,2025,314.851,113987.692591099,11.6438457618214
"414","06J510416",2024-11-12,"11-2024",60000,2024,"2","I",2023,2025,316.449,60218.8030298721,11.005739925217
"415","06J510450",2024-03-27,"03-2024",125000,2024,"2","X",2023,2025,312.107,127201.168189115,11.7535251137227
"416","06J510625",2024-11-18,"11-2024",176000,2024,"2","X",2023,2025,316.449,176641.822220958,12.081879358033
"417","06J510779",2024-04-19,"04-2024",177001,2024,"2","5",2023,2025,313.016,179594.80858167,12.0984585289852
"418","06J520350",2024-06-13,"06-2024",195615,2024,"2","X",2023,2025,313.131,198408.68788143,12.1980842625991
"419","06J520668",2024-03-25,"03-2024",225000,2024,"2","I",2023,2025,312.107,228962.102740406,12.3413117786248
"420","06J520943",2024-06-21,"06-2024",250000,2024,"2","X",2023,2025,313.131,253570.390667165,12.4433967386844
"421","06J530074",2024-05-20,"05-2024",145000,2024,"2","X",2023,2025,313.14,147066.599604011,11.8986408216915
"422","06J530139",2024-09-26,"09-2024",66611,2024,"2","5",2023,2025,314.851,67193.2229308466,11.1153276721823
"423","06J530535",2024-02-09,"02-2024",169500,2024,"2","X",2023,2025,311.022,173086.497096668,12.0615467317477
"424","06J531064",2024-01-04,"01-2024",118000,2024,"2","I",2023,2025,309.794,120974.434624299,11.7033345181585
"425","06J531064",2024-09-25,"09-2024",215000,2024,"2","X",2023,2025,314.851,216879.238115807,12.2870959712367
"426","06J540336",2024-04-16,"04-2024",229900,2024,"2","X",2023,2025,313.016,233269.001265111,12.3599475784789
"427","06J540347",2024-02-26,"02-2024",226500,2024,"2","X",2023,2025,311.022,231292.575766345,12.3514387498503
"428","06J540985",2024-10-31,"10-2024",150000,2024,"2","X",2023,2025,315.564,150969.217020953,11.9248312342262
"429","06J541085",2024-04-18,"04-2024",185000,2024,"2","X",2023,2025,313.016,187711.027551307,12.1426589717881
"430","06J541117",2024-07-01,"07-2024",135000,2024,"2","X",2023,2025,313.566,136738.055146285,11.8258223683616
"431","06J541458",2024-08-01,"08-2024",154000,2024,"2","X",2023,2025,314.131,155702.117906224,11.9556999602101
"432","06J541524",2024-01-18,"01-2024",158000,2024,"2","X",2023,2025,309.794,161982.71754779,11.9952449267198
"433","06J610484",2024-08-29,"08-2024",297500,2024,"2","X",2023,2025,314.131,300788.182318842,12.6141615827822
"434","06J630437",2024-05-23,"05-2024",99500,2024,"2","X",2023,2025,313.14,100918.114900683,11.5220647234355
"435","06J630680",2024-01-09,"01-2024",84326,2024,"2","5",2023,2025,309.794,86451.6116451578,11.3673401334496
"436","06J630877",2024-02-15,"02-2024",51000,2024,"2","I",2023,2025,311.022,52079.1230202365,10.8605194376515
"437","06J630877",2024-05-21,"05-2024",143000,2024,"2","X",2023,2025,313.14,145038.094781887,11.8847517095309
"438","06J640832",2024-06-12,"06-2024",185000,2024,"2","X",2023,2025,313.131,187642.089093702,12.1422916459005
"439","06K110059",2024-10-07,"10-2024",75000,2024,"2","I",2023,2025,315.564,75484.6085104765,11.2316840536663
"440","06K110213",2024-09-05,"09-2024",140000,2024,"2","I",2023,2025,314.851,141223.689935874,11.8581003657183
"441","06K110532",2024-10-11,"10-2024",165000,2024,"2","X",2023,2025,315.564,166066.138723048,12.0201414140306
"442","06K110620",2024-06-14,"06-2024",115000,2024,"2","I",2023,2025,313.131,116642.379706896,11.6668679491854
"443","06K110620",2024-10-29,"10-2024",226500,2024,"2","X",2023,2025,315.564,227963.517701639,12.3369408850531
"444","06K110712",2024-06-27,"06-2024",312000,2024,"2","X",2023,2025,313.131,316455.847552622,12.6649390086316
"445","06K120168",2024-06-13,"06-2024",177000,2024,"2","X",2023,2025,313.131,179527.836592353,12.098085553396
"446","06K120191",2024-03-13,"03-2024",205000,2024,"2","X",2023,2025,312.107,208609.915830148,12.2482213555588
"447","06K120814",2024-07-26,"07-2024",105000,2024,"2","I",2023,2025,313.566,106351.820669333,11.5745079400806
"448","06K120823",2024-10-15,"10-2024",125125,2024,"2","I",2023,2025,315.564,125933.488531645,11.7435091777654
"449","06K120942",2024-06-14,"06-2024",172000,2024,"2","X",2023,2025,313.131,174456.428779009,12.0694302976356
"450","06K130035",2024-09-13,"09-2024",216000,2024,"2","X",2023,2025,314.851,217887.978758206,12.2917363507932
"451","06K130189",2024-02-06,"02-2024",2e+05,2024,"2","X",2023,2025,311.022,204231.85498132,12.2270111714752
"452","06K130475",2024-09-11,"09-2024",105000,2024,"2","I",2023,2025,314.851,105917.767451906,11.5704182932665
"453","06K140177",2024-10-11,"10-2024",169900,2024,"2","X",2023,2025,315.564,170997.799812399,12.0494059688079
"454","06K140210",2024-05-09,"05-2024",197500,2024,"2","X",2023,2025,313.14,200314.851184774,12.2076456636121
"455","06K140311",2024-07-30,"07-2024",1e+05,2024,"2","I",2023,2025,313.566,101287.448256507,11.5257177759112
"456","06K140881",2024-02-28,"02-2024",65000,2024,"2","I",2023,2025,311.022,66375.3528689289,11.1030810748228
"457","06K140962",2024-09-05,"09-2024",110000,2024,"2","I",2023,2025,314.851,110961.470663901,11.6169383089014
"458","06K141046",2024-03-27,"03-2024",150000,2024,"2","X",2023,2025,312.107,152641.401826938,11.9358466705166
"459","06K210841",2024-03-25,"03-2024",165000,2024,"2","X",2023,2025,312.107,167905.542009631,12.031156850321
"460","06K220059",2024-04-26,"04-2024",115000,2024,"2","I",2023,2025,313.016,116685.233342705,11.6672352750731
"461","06K220071",2024-05-31,"05-2024",175000,2024,"2","X",2023,2025,313.14,177494.171935875,12.0866930531945
"462","06K220093",2024-07-18,"07-2024",92000,2024,"2","I",2023,2025,313.566,93184.4523959868,11.4423361669722
"463","06K220301",2024-10-03,"10-2024",132500,2024,"2","I",2023,2025,315.564,133356.141701842,11.8007785855563
"464","06K220433",2024-05-07,"05-2024",102000,2024,"2","I",2023,2025,313.14,103453.745928339,11.5468798925552
"465","06K220433",2024-08-01,"08-2024",210000,2024,"2","X",2023,2025,314.131,212321.069872123,12.265854888514
"466","06K220499",2024-05-09,"05-2024",115000,2024,"2","I",2023,2025,313.14,116639.027272147,11.6668392076342
"467","06K220499",2024-09-27,"09-2024",180000,2024,"2","X",2023,2025,314.851,181573.315631839,12.1094147939992
"468","06K220932",2024-05-22,"05-2024",194900,2024,"2","X",2023,2025,313.14,197677.794916012,12.1943936857845
"469","06K230102",2024-02-20,"02-2024",108000,2024,"2","I",2023,2025,311.022,110285.201689913,11.6108250320514
"470","06K230102",2024-06-26,"06-2024",189900,2024,"2","X",2023,2025,313.131,192612.068750778,12.1684334386404
"471","06K230180",2024-07-29,"07-2024",119000,2024,"2","I",2023,2025,313.566,120532.063425244,11.6996710830347
"472","06K230322",2024-11-18,"11-2024",180000,2024,"2","X",2023,2025,316.449,180656.409089616,12.1043522138851
"473","06K230366",2024-06-17,"06-2024",180000,2024,"2","X",2023,2025,313.131,182570.681280359,12.1148926717124
"474","06K230421",2024-01-26,"01-2024",175000,2024,"2","X",2023,2025,309.794,179411.237790274,12.0974358676164
"475","06K240222",2024-04-23,"04-2024",110201,2024,"2","5",2023,2025,313.016,111815.907822603,11.6246091177976
"476","06K240833",2024-05-07,"05-2024",84000,2024,"2","X",2023,2025,313.14,85197.2025292202,11.3527238781143
"477","06K240851",2024-06-21,"06-2024",88000,2024,"2","X",2023,2025,313.131,89256.777514842,11.3992726353003
"478","06K241058",2024-01-26,"01-2024",62999,2024,"2","X",2023,2025,309.794,64587.0203974254,11.0757687469426
"479","06K310248",2024-10-17,"10-2024",105000,2024,"2","I",2023,2025,315.564,105678.451914667,11.5681562902875
"480","06K310392",2024-05-02,"05-2024",140000,2024,"2","X",2023,2025,313.14,141995.3375487,11.8635495018803
"481","06K310402",2024-08-22,"08-2024",170000,2024,"2","X",2023,2025,314.131,171878.961325052,12.0545457948468
"482","06K310424",2024-06-28,"06-2024",95000,2024,"2","I",2023,2025,313.131,96356.7484535227,11.4758127124227
"483","06K310611",2024-03-27,"03-2024",169900,2024,"2","X",2023,2025,312.107,172891.827802645,12.0604214050983
"484","06K310666",2024-11-06,"11-2024",164000,2024,"2","I",2023,2025,316.449,164598.061614984,12.0112617908191
"485","06K310710",2024-06-07,"06-2024",230000,2024,"2","X",2023,2025,313.131,233284.759413792,12.3600151297453
"486","06K311173",2024-01-04,"01-2024",127500,2024,"2","I",2023,2025,309.794,130713.901818628,11.7807662582914
"487","06K311173",2024-05-22,"05-2024",241500,2024,"2","X",2023,2025,313.14,244941.957271508,12.4087765523636
"488","06K320588",2024-06-25,"06-2024",162000,2024,"2","X",2023,2025,313.131,164313.613152323,12.0095321560545
"489","06K320601",2024-01-08,"01-2024",105500,2024,"2","I",2023,2025,309.794,108159.346210708,11.591360846609
"490","06K320786",2024-09-06,"09-2024",98250,2024,"2","I",2023,2025,314.851,99108.7681157119,11.5039731938584
"491","06K320913",2024-09-10,"09-2024",120091,2024,"2","5",2023,2025,314.851,121140.672486351,11.704707731835
"492","06K330411",2024-09-18,"09-2024",165000,2024,"2","X",2023,2025,314.851,166442.205995852,12.0224034170096
"493","06K330444",2024-09-24,"09-2024",250000,2024,"2","X",2023,2025,314.851,252185.160599776,12.4379188609713
"494","06K330611",2024-09-27,"09-2024",140000,2024,"2","I",2023,2025,314.851,141223.689935874,11.8581003657183
"495","06K331137",2024-04-25,"04-2024",220000,2024,"2","X",2023,2025,313.016,223223.924655609,12.3159306930622
"496","06K331247",2024-06-28,"06-2024",115000,2024,"2","X",2023,2025,313.131,116642.379706896,11.6668679491854
"497","06K340191",2024-09-30,"09-2024",177700,2024,"2","I",2023,2025,314.851,179253.212154321,12.0965546782696
"498","06K340212",2024-10-02,"10-2024",183000,2024,"2","X",2023,2025,315.564,184182.444765563,12.1236820929714
"499","06K341015",2024-08-30,"08-2024",163500,2024,"2","X",2023,2025,314.131,165307.118686153,12.0155603481338
"500","06K341103",2024-06-10,"06-2024",182000,2024,"2","X",2023,2025,313.131,184599.244405696,12.1259425078989
"501","06K341367",2024-06-28,"06-2024",120000,2024,"2","I",2023,2025,313.131,121713.787520239,11.7094275636042
"502","06K420293",2024-08-14,"08-2024",170000,2024,"2","X",2023,2025,314.131,171878.961325052,12.0545457948468
"503","06K420578",2024-05-22,"05-2024",167250,2024,"2","X",2023,2025,313.14,169633.715750144,12.0413967782793
"504","06K420820",2024-06-05,"06-2024",150000,2024,"2","X",2023,2025,313.131,152142.234400299,11.9325711149184
"505","06K420842",2024-01-25,"01-2024",87000,2024,"2","I",2023,2025,309.794,89193.0153585931,11.3985580123475
"506","06K420842",2024-05-23,"05-2024",227500,2024,"2","X",2023,2025,313.14,230742.423516638,12.349057317662
"507","06K420921",2024-06-25,"06-2024",185000,2024,"2","X",2023,2025,313.131,187642.089093702,12.1422916459005
"508","06K420985",2024-11-06,"11-2024",148000,2024,"2","X",2023,2025,316.449,148539.714140351,11.908607636759
"509","06K421184",2024-01-10,"01-2024",159000,2024,"2","X",2023,2025,309.794,163007.924620877,12.0015540959131
"510","06K440257",2024-10-23,"10-2024",75933,2024,"2","5",2023,2025,315.564,76423.6370403468,11.2440473126497
"511","06K440862",2024-06-04,"06-2024",217000,2024,"2","X",2023,2025,313.131,220099.099099099,12.3018331743626
"512","06K510129",2024-01-16,"01-2024",145450,2024,"2","X",2023,2025,309.794,149116.368780545,11.9124822786341
"513","06K510767",2024-03-14,"03-2024",155000,2024,"2","X",2023,2025,312.107,157729.448554502,11.9686364933396
"514","06K510778",2024-02-26,"02-2024",179900,2024,"2","X",2023,2025,311.022,183706.553555697,12.1210949458837
"515","06K510833",2024-04-10,"04-2024",110000,2024,"2","I",2023,2025,313.016,111611.962327804,11.6227835125022
"516","06K510901",2024-07-11,"07-2024",171000,2024,"2","X",2023,2025,313.566,173201.536518628,12.0622111464258
"517","06K520216",2024-01-04,"01-2024",86250,2024,"2","I",2023,2025,309.794,88424.1100537777,11.3898999496043
"518","06K520216",2024-08-30,"08-2024",214000,2024,"2","X",2023,2025,314.131,216365.280726831,12.2847233728184
"519","06K520810",2024-03-27,"03-2024",95000,2024,"2","X",2023,2025,312.107,96672.8878237271,11.4790882680209
"520","06K521437",2024-03-08,"03-2024",58000,2024,"2","X",2023,2025,312.107,59021.3420397492,10.9856543869668
"521","06K521866",2024-08-08,"08-2024",25000,2024,"2","5",2023,2025,314.131,25276.3178419195,10.1376231826647
"522","06K521888",2024-05-14,"05-2024",120000,2024,"2","I",2023,2025,313.14,121710.289327457,11.709398822053
"523","06K521932",2024-09-26,"09-2024",69000,2024,"2","X",2023,2025,314.851,69603.1043255381,11.1505644477063
"524","06K521954",2024-09-09,"09-2024",115000,2024,"2","X",2023,2025,314.851,116005.173875897,11.6613900714723
"525","06K522065",2024-02-15,"02-2024",1e+05,2024,"2","X",2023,2025,311.022,102115.92749066,11.5338639909153
"526","06K522164",2024-11-04,"11-2024",79500,2024,"2","X",2023,2025,316.449,79789.9140145805,11.2871523846552
"527","06K522405",2024-04-26,"04-2024",53000,2024,"2","X",2023,2025,313.016,53776.6727579421,10.8925950602619
"528","06K522681",2024-04-10,"04-2024",120000,2024,"2","X",2023,2025,313.016,121758.504357605,11.7097948894919
"529","06K522746",2024-01-02,"01-2024",109150,2024,"2","X",2023,2025,309.794,111901.352027476,11.6253729766888
"530","06K530556",2024-01-31,"01-2024",141900,2024,"2","X",2023,2025,309.794,145476.883671085,11.8877724778589
"531","06K530798",2024-08-27,"08-2024",224000,2024,"2","X",2023,2025,314.131,226475.807863598,12.3303934096516
"532","06K530811",2024-07-29,"07-2024",110000,2024,"2","I",2023,2025,313.566,111416.193082158,11.6210279557155
"533","06K540610",2024-11-06,"11-2024",2000,2024,"2","5",2023,2025,316.449,2007.29343432907,7.60454254355484
"534","06K540874",2024-10-23,"10-2024",189600,2024,"2","Z",2023,2025,315.564,190825.090314485,12.1591125299509
"535","06K610108",2024-06-11,"06-2024",160000,2024,"2","X",2023,2025,313.131,162285.050026986,11.997109636056
"536","06K610230",2024-06-11,"06-2024",85700,2024,"2","5",2023,2025,313.131,86923.9299207041,11.3727886464259
"537","06K610230",2024-08-01,"08-2024",258000,2024,"2","X",2023,2025,314.131,260851.600128609,12.4717069427181
"538","06K610427",2024-06-12,"06-2024",181000,2024,"2","X",2023,2025,313.131,183584.962843027,12.120432852088
"539","06K610757",2024-08-06,"08-2024",90000,2024,"2","X",2023,2025,314.131,90994.74423091,11.4185570281268
"540","06K610845",2024-08-29,"08-2024",110000,2024,"2","X",2023,2025,314.131,111215.798504446,11.6192277235889
"541","06K611220",2024-01-31,"01-2024",140000,2024,"2","I",2023,2025,309.794,143528.990232219,11.8742923163022
"542","06K620042",2024-06-03,"06-2024",114700,2024,"2","I",2023,2025,313.131,116338.095238095,11.6642558449575
"543","06K620404",2024-02-09,"02-2024",209500,2024,"2","X",2023,2025,311.022,213932.868092932,12.2734175442894
"544","06K620569",2024-03-01,"03-2024",135000,2024,"2","I",2023,2025,312.107,137377.261644244,11.8304861548588
"545","06K620635",2024-04-16,"04-2024",173000,2024,"2","X",2023,2025,313.016,175535.177115547,12.0755947412076
"546","06K620844",2024-04-23,"04-2024",260000,2024,"2","X",2023,2025,313.016,263810.09277481,12.4829847777253
"547","06K620866",2024-03-12,"03-2024",133000,2024,"2","I",2023,2025,312.107,135342.042953218,11.8155605046421
"548","06K630315",2024-03-15,"03-2024",212900,2024,"2","X",2023,2025,312.107,216649.0296597,12.2860339483198
"549","06K630898",2024-03-04,"03-2024",197900,2024,"2","X",2023,2025,312.107,201384.889477006,12.2129732290289
"550","06K631185",2024-08-26,"08-2024",165000,2024,"2","Z",2023,2025,314.131,166823.697756668,12.0246928316971
"551","06K640138",2024-01-09,"01-2024",179900,2024,"2","X",2023,2025,309.794,184434.752448401,12.1250510346494
"552","06K640161",2024-08-29,"08-2024",91000,2024,"2","I",2023,2025,314.131,92005.7969445868,11.4296068643134
"553","06L210037",2024-10-17,"10-2024",610000,2024,"2","X",2023,2025,315.564,613941.482551875,13.3276548972973
"554","06L320037",2024-10-08,"10-2024",2e+05,2024,"2","X",2023,2025,315.564,201292.289361271,12.212513306678
"555","06L320466",2024-11-20,"11-2024",82000,2024,"2","5",2023,2025,316.449,82299.0308074919,11.3181146102591
"556","06L320642",2024-02-01,"02-2024",185000,2024,"2","X",2023,2025,311.022,188914.465857721,12.1490496300055
"557","06L340299",2024-05-02,"05-2024",206500,2024,"2","X",2023,2025,313.14,209443.122884333,12.252207491672
"558","07D530203",2024-03-12,"03-2024",245000,2024,"2","X",2023,2025,312.107,249314.289650665,12.4264695869651
"559","07E110190",2024-07-22,"07-2024",269500,2024,"2","X",2023,2025,313.566,272969.673051287,12.5171159802722
"560","07E120276",2024-05-06,"05-2024",275000,2024,"2","X",2023,2025,313.14,278919.41304209,12.5386781769375
"561","07E140331",2024-02-09,"02-2024",195000,2024,"2","X",2023,2025,311.022,199126.058606787,12.2016933634909
"562","07E140593",2024-08-22,"08-2024",235000,2024,"2","X",2023,2025,314.131,237597.387714043,12.3783328719407
"563","07E210025",2024-10-31,"10-2024",173500,2024,"2","X",2023,2025,315.564,174621.061020902,12.0703735395169
"564","07E210355",2024-09-03,"09-2024",250000,2024,"2","X",2023,2025,314.851,252185.160599776,12.4379188609713
"565","07E210401",2024-04-26,"04-2024",282000,2024,"2","X",2023,2025,313.016,286132.485240371,12.5642102176479
"566","07E230342",2024-08-26,"08-2024",170000,2024,"2","I",2023,2025,314.131,171878.961325052,12.0545457948468
"567","07E230614",2024-07-12,"07-2024",106000,2024,"2","I",2023,2025,313.566,107364.695151898,11.5839866840352
"568","07E240187",2024-03-07,"03-2024",179000,2024,"2","X",2023,2025,312.107,182152.072846812,12.1125971822611
"569","07E240242",2024-07-03,"07-2024",215000,2024,"2","X",2023,2025,313.566,217768.013751491,12.2911856180508
"570","07E410061",2024-07-05,"07-2024",143000,2024,"2","Z",2023,2025,313.566,144841.051006806,11.883392220183
"571","07E410292",2024-01-23,"01-2024",125000,2024,"2","Z",2023,2025,309.794,128150.88413591,11.7609636309952
"572","07E410292",2024-09-06,"09-2024",270000,2024,"2","X",2023,2025,314.851,272359.973447758,12.5148799021074
"573","07E420356",2024-06-03,"06-2024",204000,2024,"2","X",2023,2025,313.131,206913.438784407,12.2400558146664
"574","07E420554",2024-01-08,"01-2024",150125,2024,"2","I",2023,2025,309.794,153909.211847228,11.944118174093
"575","07E420554",2024-05-01,"05-2024",277000,2024,"2","X",2023,2025,313.14,280947.917864214,12.5459245854583
"576","07E430333",2024-07-02,"07-2024",2e+05,2024,"2","X",2023,2025,313.566,202574.896513015,12.2188649564712
"577","07E430713",2024-06-26,"06-2024",270000,2024,"2","P",2023,2025,313.131,273856.021920538,12.5203577798205
"578","07E510194",2024-07-30,"07-2024",278000,2024,"2","X",2023,2025,313.566,281579.106153091,12.5481687036138
"579","07E530136",2024-09-26,"09-2024",250000,2024,"2","X",2023,2025,314.851,252185.160599776,12.4379188609713
"580","07F110210",2024-05-07,"05-2024",185000,2024,"2","X",2023,2025,313.14,187636.696046497,12.1422629043493
"581","07F110302",2024-08-19,"08-2024",77000,2024,"2","I",2023,2025,314.131,77851.0589531119,11.2625527796502
"582","07F110331",2024-03-28,"03-2024",210000,2024,"2","X",2023,2025,312.107,213697.962557713,12.2723189071378
"583","07F110421",2024-06-17,"06-2024",22308,2024,"2","5",2023,2025,313.131,22626.5931000125,10.0268811793494
"584","07F110496",2024-04-03,"04-2024",220000,2024,"2","X",2023,2025,313.016,223223.924655609,12.3159306930622
"585","07F140130",2024-03-05,"03-2024",247500,2024,"2","X",2023,2025,312.107,251858.313014447,12.4366219584291
"586","07F210190",2024-01-05,"01-2024",117000,2024,"2","I",2023,2025,309.794,119949.227551211,11.6948238284906
"587","07F220614",2024-09-16,"09-2024",161000,2024,"2","Z",2023,2025,314.851,162407.243426256,11.9978623080935
"588","07F230330",2024-04-04,"04-2024",257000,2024,"2","X",2023,2025,313.016,260766.13016587,12.471379231605
"589","07F231023",2024-08-16,"08-2024",98750,2024,"2","5",2023,2025,314.131,99841.4554755818,11.5113387615777
"590","07F240313",2024-06-18,"06-2024",205000,2024,"2","Z",2023,2025,313.131,207927.720347075,12.2449457999605
"591","07F320200",2024-07-03,"07-2024",115000,2024,"2","I",2023,2025,313.566,116480.565494984,11.6654797182864
"592","07F330201",2024-05-24,"05-2024",310000,2024,"2","X",2023,2025,313.14,314418.247429265,12.6584793767501
"593","07F330551",2024-09-27,"09-2024",250000,2024,"2","X",2023,2025,314.851,252185.160599776,12.4379188609713
"594","07F340121",2024-03-04,"03-2024",144500,2024,"2","I",2023,2025,312.107,147044.550426617,11.8984908839729
"595","07F340202",2024-05-07,"05-2024",125000,2024,"2","I",2023,2025,313.14,126781.551382768,11.7502208165733
"596","07F410093",2024-05-15,"05-2024",189900,2024,"2","X",2023,2025,313.14,192606.532860701,12.1684046970892
"597","07F410158",2024-03-20,"03-2024",143800,2024,"2","Z",2023,2025,312.107,146332.223884757,11.8936348217073
"598","07F410158",2024-08-19,"08-2024",250000,2024,"2","X",2023,2025,314.131,252763.178419195,12.4402082756588
"599","07F510126",2024-01-19,"01-2024",185000,2024,"2","X",2023,2025,309.794,189663.308521146,12.1530057187712
"600","07F510247",2024-03-13,"03-2024",138900,2024,"2","X",2023,2025,312.107,141345.938091744,11.8589656261807
"601","07F510434",2024-04-19,"04-2024",40000,2024,"2","I",2023,2025,313.016,40586.1681192016,10.6111826008237
"602","07F510601",2024-10-30,"10-2024",90000,2024,"2","X",2023,2025,315.564,90581.5302125718,11.4140056104602
"603","07F511402",2024-05-24,"05-2024",70375,2024,"2","I",2023,2025,313.14,71378.0134284984,11.1757451657308
"604","07F511402",2024-10-17,"10-2024",96500,2024,"2","X",2023,2025,315.564,97123.5296168131,11.4837389484749
"605","07F520060",2024-02-12,"02-2024",97400,2024,"2","I",2023,2025,311.022,99460.9133759027,11.5075200155757
"606","07F520060",2024-10-25,"10-2024",285000,2024,"2","X",2023,2025,315.564,286841.512339811,12.5666851203986
"607","07F520367",2024-05-08,"05-2024",280000,2024,"2","X",2023,2025,313.14,283990.6750974,12.5566966824402
"608","07F540695",2024-09-11,"09-2024",121900,2024,"2","5",2023,2025,314.851,122965.484308451,11.7196589795962
"609","07F610040",2024-02-20,"02-2024",205000,2024,"2","X",2023,2025,311.022,209337.651355853,12.2517037840656
"610","07F620401",2024-05-15,"05-2024",113000,2024,"2","I",2023,2025,313.14,114610.522450022,11.6492948979833
"611","07F630268",2024-06-10,"06-2024",224750,2024,"2","X",2023,2025,313.131,227959.781209781,12.3369244941739
"612","07F631016",2024-08-06,"08-2024",2e+05,2024,"2","X",2023,2025,314.131,202210.542735356,12.2170647243445
"613","07F640036",2024-10-15,"10-2024",268500,2024,"2","X",2023,2025,315.564,270234.898467506,12.5070468540789
"614","07G120331",2024-06-10,"06-2024",290000,2024,"2","X",2023,2025,313.131,294141.653173911,12.5918167438027
"615","07G120384",2024-02-14,"02-2024",121400,2024,"2","I",2023,2025,311.022,123968.735973661,11.7277846835526
"616","07G120726",2024-04-25,"04-2024",197000,2024,"2","X",2023,2025,313.016,199886.877987068,12.2055068754478
"617","07G120753",2024-04-19,"04-2024",145000,2024,"2","5",2023,2025,313.016,147124.859432106,11.8990368891304
"618","07G130130",2024-02-28,"02-2024",220000,2024,"2","X",2023,2025,311.022,224655.040479452,12.3223213512795
"619","07G130174",2024-09-20,"09-2024",264000,2024,"2","X",2023,2025,314.851,266307.529593363,12.4924070462553
"620","07G130295",2024-02-06,"02-2024",242000,2024,"2","X",2023,2025,311.022,247120.544527397,12.4176315310839
"621","07G140609",2024-10-07,"10-2024",307400,2024,"2","X",2023,2025,315.564,309386.248748273,12.6423457712345
"622","07G220231",2024-07-23,"07-2024",264900,2024,"2","X",2023,2025,313.566,268310.450431488,12.4998999862011
"623","07G221133",2024-09-05,"09-2024",246000,2024,"2","X",2023,2025,314.851,248150.198030179,12.4217894790414
"624","07G221320",2024-04-18,"04-2024",210000,2024,"2","Z",2023,2025,313.016,213077.382625808,12.2694106774273
"625","07G240141",2024-02-06,"02-2024",195000,2024,"2","X",2023,2025,311.022,199126.058606787,12.2016933634909
"626","07G240141",2024-07-02,"07-2024",145000,2024,"2","4",2023,2025,313.566,146866.799971936,11.8972813323437
"627","07G310057",2024-09-30,"09-2024",153000,2024,"2","X",2023,2025,314.851,154337.318287063,11.9468958645015
"628","07G310299",2024-11-01,"11-2024",382000,2024,"2","X",2023,2025,316.449,383393.045956852,12.8568159716015
"629","07G320100",2024-06-25,"06-2024",265000,2024,"2","X",2023,2025,313.131,268784.614107195,12.5016656468084
"630","07G320724",2024-07-29,"07-2024",121808,2024,"2","5",2023,2025,313.566,123376.214972287,11.722993624487
"631","07G330044",2024-05-09,"05-2024",250000,2024,"2","X",2023,2025,313.14,253563.102765536,12.4433679971332
"632","07G330275",2024-07-05,"07-2024",230000,2024,"2","X",2023,2025,313.566,232961.130989967,12.3586268988463
"633","07G330451",2024-01-16,"01-2024",225000,2024,"2","I",2023,2025,309.794,230671.591444637,12.3487502958973
"634","07G340111",2024-11-20,"11-2024",249900,2024,"2","X",2023,2025,316.449,250811.314619417,12.4324562008358
"635","07G340175",2024-01-17,"01-2024",140600,2024,"2","5",2023,2025,309.794,144144.114476071,11.8785688730694
"636","07G340175",2024-06-25,"06-2024",135000,2024,"2","I",2023,2025,313.131,136928.010960269,11.8272105992606
"637","07G420024",2024-03-14,"03-2024",250000,2024,"2","X",2023,2025,312.107,254402.336378229,12.4466722942826
"638","07G520036",2024-01-29,"01-2024",275000,2024,"2","X",2023,2025,309.794,281931.945099001,12.5494209913595
"639","07H110032",2024-04-29,"04-2024",250000,2024,"2","X",2023,2025,313.016,253663.55074501,12.4437640645721
"640","07H110252",2024-10-16,"10-2024",79100,2024,"2","4",2023,2025,315.564,79611.1004423825,11.2849088149036
"641","07H110313",2024-02-15,"02-2024",216950,2024,"2","X",2023,2025,311.022,221540.504690987,12.3083607171715
"642","07H110991",2024-05-28,"05-2024",248000,2024,"2","X",2023,2025,313.14,251534.597943412,12.4353358254359
"643","07H120011",2024-01-03,"01-2024",125000,2024,"2","I",2023,2025,309.794,128150.88413591,11.7609636309952
"644","07H120763",2024-08-08,"08-2024",292000,2024,"2","X",2023,2025,314.131,295227.392393619,12.5955011600648
"645","07H120819",2024-05-10,"05-2024",250000,2024,"2","X",2023,2025,313.14,253563.102765536,12.4433679971332
"646","07H120891",2024-01-18,"01-2024",220000,2024,"2","X",2023,2025,309.794,225545.556079201,12.3262774400452
"647","07H130063",2024-10-14,"10-2024",145000,2024,"2","I",2023,2025,315.564,145936.909786921,11.8909296825506
"648","07H130074",2024-09-17,"09-2024",210000,2024,"2","X",2023,2025,314.851,211835.534903812,12.2635654738265
"649","07H130232",2024-10-04,"10-2024",180000,2024,"2","I",2023,2025,315.564,181163.060425144,12.1071527910202
"650","07H140123",2024-08-23,"08-2024",225000,2024,"2","X",2023,2025,314.131,227486.860577275,12.3348477600009
"651","07H210011",2024-09-10,"09-2024",182300,2024,"2","I",2023,2025,314.851,183893.419109356,12.1221116247936
"652","07H210198",2024-10-24,"10-2024",190000,2024,"2","X",2023,2025,315.564,191227.674893207,12.1612200122905
"653","07H210220",2024-08-20,"08-2024",277500,2024,"2","X",2023,2025,314.131,280567.128045306,12.544568290983
"654","07H210264",2024-07-22,"07-2024",205000,2024,"2","X",2023,2025,313.566,207639.26892584,12.2435575690615
"655","07H210404",2024-04-22,"04-2024",105000,2024,"2","I",2023,2025,313.016,106538.691312904,11.5762634968673
"656","07H210954",2024-03-25,"03-2024",167000,2024,"2","X",2023,2025,312.107,169940.760700657,12.0432051888371
"657","07H220274",2024-06-03,"06-2024",180000,2024,"2","X",2023,2025,313.131,182570.681280359,12.1148926717124
"658","07H220560",2024-06-07,"06-2024",160000,2024,"2","X",2023,2025,313.131,162285.050026986,11.997109636056
"659","07H220670",2024-10-01,"10-2024",140000,2024,"2","I",2023,2025,315.564,140904.602552889,11.8558383627393
"660","07H230031",2024-03-04,"03-2024",108000,2024,"2","I",2023,2025,312.107,109901.809315395,11.6073426035446
"661","07H230031",2024-06-12,"06-2024",275000,2024,"2","X",2023,2025,313.131,278927.429733881,12.5387069184887
"662","07H230754",2024-01-05,"01-2024",30000,2024,"2","I",2023,2025,309.794,30756.2121926183,10.333847275355
"663","07H230754",2024-08-19,"08-2024",95000,2024,"2","X",2023,2025,314.131,96050.0077992939,11.4726242493971
"664","07H231285",2024-02-20,"02-2024",108000,2024,"2","X",2023,2025,311.022,110285.201689913,11.6108250320514
"665","07H231331",2024-08-01,"08-2024",51800,2024,"2","5",2023,2025,314.131,52372.5305684571,10.8661375070619
"666","07H231331",2024-09-27,"09-2024",58500,2024,"2","Z",2023,2025,314.851,59011.3275803475,10.9854846973468
"667","07H240104",2024-11-25,"11-2024",135000,2024,"2","I",2023,2025,316.449,135492.306817212,11.8166701414333
"668","07H240470",2024-05-16,"05-2024",192250,2024,"2","X",2023,2025,313.14,194990.026026697,12.1807036876567
"669","07H240829",2024-06-24,"06-2024",249900,2024,"2","X",2023,2025,313.131,253468.962510898,12.442996658663
"670","07H240920",2024-03-25,"03-2024",270000,2024,"2","X",2023,2025,312.107,274754.523288488,12.5236333354187
"671","07H310463",2024-11-07,"11-2024",182500,2024,"2","I",2023,2025,316.449,183165.525882528,12.1181455360174
"672","07H320110",2024-02-13,"02-2024",139500,2024,"2","I",2023,2025,311.022,142451.71884947,11.8667584061886
"673","07H330142",2024-10-23,"10-2024",236000,2024,"2","X",2023,2025,315.564,237524.901446299,12.3780277451556
"674","07H330164",2024-05-21,"05-2024",240000,2024,"2","X",2023,2025,313.14,243420.578654915,12.4025460026129
"675","07H330313",2024-02-12,"02-2024",206670,2024,"2","5",2023,2025,311.022,211042.987344947,12.2598171232004
"676","07H330762",2024-03-28,"03-2024",238500,2024,"2","X",2023,2025,312.107,242699.828904831,12.3995806867488
"677","07H410190",2024-03-04,"03-2024",289900,2024,"2","X",2023,2025,312.107,295004.949264195,12.594747412348
"678","07H430303",2024-03-01,"03-2024",270000,2024,"2","X",2023,2025,312.107,274754.523288488,12.5236333354187
"679","07H440054",2024-11-18,"11-2024",64000,2024,"2","I",2023,2025,316.449,64233.3898985303,11.0702784463546
"680","07H520079",2024-04-04,"04-2024",272000,2024,"2","X",2023,2025,313.016,275985.943210571,12.5281052130058
"681","07H520233",2024-04-24,"04-2024",148000,2024,"2","I",2023,2025,313.016,150168.822041046,11.9195154204739
"682","07H520233",2024-10-16,"10-2024",260500,2024,"2","X",2023,2025,315.564,262183.206893055,12.4767988013234
"683","07H520332",2024-09-10,"09-2024",235000,2024,"2","Z",2023,2025,314.851,237054.050963789,12.3760434572532
"684","07H520420",2024-09-06,"09-2024",214000,2024,"2","X",2023,2025,314.851,215870.497473408,12.2824339581309
"685","07H520732",2024-03-22,"03-2024",75000,2024,"2","I",2023,2025,312.107,76320.7009134688,11.2426994899567
"686","07H540165",2024-10-30,"10-2024",527000,2024,"2","5",2023,2025,315.564,530405.182466948,13.1813964886713
"687","07H610390",2024-11-12,"11-2024",145000,2024,"2","I",2023,2025,316.449,145528.773988858,11.8881291054155
"688","07H610422",2024-01-02,"01-2024",265000,2024,"2","X",2023,2025,309.794,271679.874368129,12.5123797196791
"689","07H610653",2024-05-01,"05-2024",118275,2024,"2","I",2023,2025,313.14,119960.703918375,11.6949195007882
"690","07H610785",2024-02-14,"02-2024",186000,2024,"2","X",2023,2025,311.022,189935.625132627,12.1544404786404
"691","07H631058",2024-08-20,"08-2024",125000,2024,"2","X",2023,2025,314.131,126381.589209597,11.7470610950988
"692","07H631564",2024-06-10,"06-2024",117000,2024,"2","X",2023,2025,313.131,118670.942832233,11.6841097556199
"693","07H640188",2024-04-12,"04-2024",184000,2024,"2","X",2023,2025,313.016,186696.373348327,12.1372389043188
"694","07H640474",2024-01-10,"01-2024",175000,2024,"2","4",2023,2025,309.794,179411.237790274,12.0974358676164
"695","07H640991",2024-02-20,"02-2024",120000,2024,"2","I",2023,2025,311.022,122539.112988792,11.7161855477092
"696","07J110347",2024-03-11,"03-2024",93000,2024,"2","I",2023,2025,312.107,94637.6691327013,11.4578108695736
"697","07J110347",2024-11-04,"11-2024",184900,2024,"2","X",2023,2025,316.449,185574.278003723,12.131210501388
"698","07J110457",2024-10-24,"10-2024",175000,2024,"2","X",2023,2025,315.564,176130.753191112,12.0789819140535
"699","07J130169",2024-10-21,"10-2024",118500,2024,"2","I",2023,2025,315.564,119265.681446553,11.6891089007052
"700","07J130312",2024-10-01,"10-2024",167700,2024,"2","X",2023,2025,315.564,168783.584629425,12.0363726089591
"701","07J130521",2024-05-30,"05-2024",175000,2024,"2","X",2023,2025,313.14,177494.171935875,12.0866930531945
"702","07J130822",2024-07-15,"07-2024",117000,2024,"2","X",2023,2025,313.566,118506.314460114,11.6827215247209
"703","07J130961",2024-07-18,"07-2024",80500,2024,"2","I",2023,2025,313.566,81536.3958464885,11.3088047743476
"704","07J131104",2024-01-24,"01-2024",96601,2024,"2","5",2023,2025,309.794,99036.0284673041,11.5032389868246
"705","07J131104",2024-06-27,"06-2024",180000,2024,"2","X",2023,2025,313.131,182570.681280359,12.1148926717124
"706","07J131160",2024-10-08,"10-2024",80000,2024,"2","I",2023,2025,315.564,80516.9157445083,11.2962225748039
"707","07J131357",2024-06-17,"06-2024",90000,2024,"2","I",2023,2025,313.131,91285.3406401794,11.4217454911524
"708","07J140113",2024-06-05,"06-2024",93000,2024,"2","I",2023,2025,313.131,94328.1853281854,11.4545353139754
"709","07J140124",2024-04-24,"04-2024",140000,2024,"2","X",2023,2025,313.016,142051.588417206,11.8639455693191
"710","07J210216",2024-02-22,"02-2024",155000,2024,"2","X",2023,2025,311.022,158279.687610523,11.9721189218464
"711","07J210216",2024-02-23,"02-2024",155000,2024,"2","4",2023,2025,311.022,158279.687610523,11.9721189218464
"712","07J210227",2024-10-22,"10-2024",80000,2024,"2","I",2023,2025,315.564,80516.9157445083,11.2962225748039
"713","07J210304",2024-03-22,"03-2024",132000,2024,"2","X",2023,2025,312.107,134324.433607705,11.8080132990067
"714","07J210436",2024-01-31,"01-2024",125000,2024,"2","X",2023,2025,309.794,128150.88413591,11.7609636309952
"715","07J210481",2024-04-25,"04-2024",86500,2024,"2","I",2023,2025,313.016,87767.5885577734,11.3824475606476
"716","07J210902",2024-01-08,"01-2024",102600,2024,"2","5",2023,2025,309.794,105186.245698755,11.5634878264295
"717","07J210902",2024-07-29,"07-2024",148900,2024,"2","X",2023,2025,313.566,150817.01045394,11.9238225296131
"718","07J220194",2024-10-30,"10-2024",136000,2024,"2","X",2023,2025,315.564,136878.756765664,11.826850825866
"719","07J220215",2024-03-28,"03-2024",130000,2024,"2","X",2023,2025,312.107,132289.214916679,11.792745826876
"720","07J220545",2024-04-02,"04-2024",135000,2024,"2","X",2023,2025,313.016,136978.317402305,11.8275779251482
"721","07J220590",2024-01-30,"01-2024",1e+05,2024,"2","X",2023,2025,309.794,102520.707308728,11.537820079681
"722","07J230391",2024-08-08,"08-2024",85000,2024,"2","I",2023,2025,314.131,85939.4806625261,11.3613986142868
"723","07J240158",2024-07-31,"07-2024",152000,2024,"2","X",2023,2025,313.566,153956.921349891,11.9444281107694
"724","07J310174",2024-06-28,"06-2024",2e+05,2024,"2","X",2023,2025,313.131,202856.312533732,12.2202531873702
"725","07J320249",2024-02-26,"02-2024",119000,2024,"2","I",2023,2025,311.022,121517.953713885,11.7078172980387
"726","07J320249",2024-10-22,"10-2024",231830,2024,"2","X",2023,2025,315.564,233327.957213117,12.3602002845768
"727","07J320557",2024-08-09,"08-2024",249900,2024,"2","X",2023,2025,314.131,252662.073147827,12.4398081956374
"728","07J330040",2024-06-28,"06-2024",214000,2024,"2","X",2023,2025,313.131,217056.254411093,12.287911835844
"729","07J330095",2024-07-02,"07-2024",116000,2024,"2","I",2023,2025,313.566,117493.439977549,11.6741377810295
"730","07J330095",2024-10-24,"10-2024",195000,2024,"2","X",2023,2025,315.564,196259.982127239,12.1871954986937
"731","07J330260",2024-02-26,"02-2024",141237,2024,"2","X",2023,2025,311.022,144225.472509983,11.87913313532
"732","07J330271",2024-05-03,"05-2024",154900,2024,"2","X",2023,2025,313.14,157107.698473526,11.9646868266938
"733","07J330732",2024-08-22,"08-2024",185000,2024,"2","X",2023,2025,314.131,187044.752030204,12.1391031828748
"734","07J330765",2024-02-27,"02-2024",116500,2024,"2","Z",2023,2025,311.022,118965.055526619,11.6865850779329
"735","07J330776",2024-04-15,"04-2024",150000,2024,"2","X",2023,2025,313.016,152198.130447006,11.9329384408061
"736","07J331018",2024-10-31,"10-2024",125000,2024,"2","I",2023,2025,315.564,125807.680850794,11.7425096774323
"737","07J331052",2024-02-29,"02-2024",154000,2024,"2","X",2023,2025,311.022,157258.528335616,11.9656464073408
"738","07J340182",2024-01-12,"01-2024",2e+05,2024,"2","X",2023,2025,309.794,205041.414617456,12.2309672602409
"739","07J410472",2024-03-04,"03-2024",158000,2024,"2","X",2023,2025,312.107,160782.276591041,11.9878064094473
"740","07J410890",2024-08-01,"08-2024",130000,2024,"2","X",2023,2025,314.131,131436.852777981,11.7862818082521
"741","07J411307",2024-05-15,"05-2024",157000,2024,"2","X",2023,2025,313.14,159237.628536757,11.9781528846193
"742","07J420592",2024-09-04,"09-2024",78000,2024,"2","I",2023,2025,314.851,78681.77010713,11.2731667697986
"743","07J420602",2024-07-02,"07-2024",26000,2024,"2","I",2023,2025,313.566,26334.7365466919,10.1786441279446
"744","07J420646",2024-06-10,"06-2024",1e+05,2024,"2","I",2023,2025,313.131,101428.156266866,11.5271060068102
"745","07J420899",2024-06-18,"06-2024",180000,2024,"2","X",2023,2025,313.131,182570.681280359,12.1148926717124
"746","07J421164",2024-04-30,"04-2024",216500,2024,"2","X",2023,2025,313.016,219672.634945179,12.2998936941524
"747","07J430535",2024-02-22,"02-2024",135000,2024,"2","X",2023,2025,311.022,137856.502112391,11.8339685833656
"748","07J440864",2024-04-15,"04-2024",66600,2024,"2","5",2023,2025,313.016,67575.9699184706,11.1210077242562
"749","07J440864",2024-08-28,"08-2024",85000,2024,"2","I",2023,2025,314.131,85939.4806625261,11.3613986142868
"750","07J440996",2024-02-12,"02-2024",190000,2024,"2","X",2023,2025,311.022,194020.262232254,12.1757178770877
"751","07J510187",2024-05-28,"05-2024",169900,2024,"2","X",2023,2025,313.14,172321.484639458,12.0571171079488
"752","07J510352",2024-04-23,"04-2024",205000,2024,"2","X",2023,2025,313.016,208004.111610908,12.2453131258482
"753","07J510439",2024-02-29,"02-2024",155500,2024,"2","I",2023,2025,311.022,158790.267247976,11.9753395365465
"754","07J510615",2024-04-30,"04-2024",189900,2024,"2","X",2023,2025,313.016,192682.833145909,12.1688007645281
"755","07J511001",2024-05-22,"05-2024",133900,2024,"2","X",2023,2025,313.14,135808.397841221,11.8190003319681
"756","07J511056",2024-05-14,"05-2024",101000,2024,"2","5",2023,2025,313.14,102439.493517277,11.5370275961122
"757","07J520526",2024-04-02,"04-2024",130000,2024,"2","I",2023,2025,313.016,131905.046387405,11.7898375971654
"758","07J520878",2024-06-06,"06-2024",185000,2024,"2","X",2023,2025,313.131,187642.089093702,12.1422916459005
"759","07J530350",2024-04-26,"04-2024",150000,2024,"2","X",2023,2025,313.016,152198.130447006,11.9329384408061
"760","07J530372",2024-08-01,"08-2024",172500,2024,"2","X",2023,2025,314.131,174406.593109244,12.0691445942679
"761","07J530404",2024-04-26,"04-2024",188000,2024,"2","X",2023,2025,313.016,190754.990160247,12.1587451095398
"762","07J530954",2024-05-02,"05-2024",199900,2024,"2","X",2023,2025,313.14,202749.056971323,12.2197243207773
"763","07J531108",2024-06-20,"06-2024",80000,2024,"2","I",2023,2025,313.131,81142.5250134928,11.303962455496
"764","07J531229",2024-07-29,"07-2024",157000,2024,"2","X",2023,2025,313.566,159021.293762717,11.9767933952714
"765","07J540436",2024-10-02,"10-2024",142109,2024,"2","5",2023,2025,315.564,143027.229744204,11.8707903089065
"766","07J540513",2024-11-08,"11-2024",175000,2024,"2","X",2023,2025,316.449,175638.175503794,12.0761813369184
"767","07J610210",2024-05-30,"05-2024",115000,2024,"2","I",2023,2025,313.14,116639.027272147,11.6668392076342
"768","07J610308",2024-08-07,"08-2024",233000,2024,"2","X",2023,2025,314.131,235575.282286689,12.3697858113622
"769","07J610353",2024-02-02,"02-2024",230000,2024,"2","X",2023,2025,311.022,234866.633228518,12.3667731138504
"770","07J610627",2024-04-30,"04-2024",235000,2024,"2","X",2023,2025,313.016,238443.737700309,12.381888660854
"771","07J610836",2024-09-05,"09-2024",239900,2024,"2","X",2023,2025,314.851,241996.880111545,12.3966801129547
"772","07J610881",2024-03-19,"03-2024",175000,2024,"2","I",2023,2025,312.107,178081.63546476,12.0899973503439
"773","07J610957",2024-03-22,"03-2024",1e+05,2024,"2","I",2023,2025,312.107,101760.934551292,11.5303815624085
"774","07J611200",2024-05-02,"05-2024",229900,2024,"2","X",2023,2025,313.14,233176.629303187,12.3595515110401
"775","07J620220",2024-04-30,"04-2024",173000,2024,"2","X",2023,2025,313.016,175535.177115547,12.0755947412076
"776","07J620671",2024-03-18,"03-2024",154400,2024,"2","X",2023,2025,312.107,157118.882947194,11.964758014011
"777","07J621364",2024-04-19,"04-2024",252500,2024,"2","I",2023,2025,313.016,256200.18625246,12.4537143954252
"778","07J621683",2024-03-22,"03-2024",318000,2024,"2","X",2023,2025,312.107,323599.771873108,12.6872627592006
"779","07J630010",2024-01-23,"01-2024",230000,2024,"2","X",2023,2025,309.794,235797.626810074,12.3707292026161
"780","07J630065",2024-10-21,"10-2024",110000,2024,"2","I",2023,2025,315.564,110710.759148699,11.6146763059224
"781","07J630450",2024-01-05,"01-2024",162500,2024,"2","I",2023,2025,309.794,166596.149376683,12.0233278954627
"782","07J630450",2024-03-27,"03-2024",232000,2024,"2","X",2023,2025,312.107,236085.368158997,12.3719487480867
"783","07J630890",2024-07-01,"07-2024",140000,2024,"2","I",2023,2025,313.566,141802.42755911,11.8621900125324
"784","07J631154",2024-10-25,"10-2024",170000,2024,"2","I",2023,2025,315.564,171098.44595708,12.0499943771802
"785","07J640503",2024-02-23,"02-2024",220000,2024,"2","X",2023,2025,311.022,224655.040479452,12.3223213512795
"786","07J640536",2024-01-18,"01-2024",105000,2024,"2","I",2023,2025,309.794,107646.742674164,11.5866102438504
"787","07J640536",2024-10-08,"10-2024",232500,2024,"2","X",2023,2025,315.564,234002.286382477,12.3630861651574
"788","07J640570",2024-09-06,"09-2024",220000,2024,"2","X",2023,2025,314.851,221922.941327803,12.3100854894614
"789","07J641076",2024-04-19,"04-2024",205000,2024,"2","X",2023,2025,313.016,208004.111610908,12.2453131258482
"790","07K110072",2024-06-10,"06-2024",179000,2024,"2","X",2023,2025,313.131,181556.39971769,12.1093216266629
"791","07K110236",2024-04-02,"04-2024",185000,2024,"2","X",2023,2025,313.016,187711.027551307,12.1426589717881
"792","07K110281",2024-08-22,"08-2024",215000,2024,"2","X",2023,2025,314.131,217376.333440507,12.2893853859242
"793","07K110324",2024-05-31,"05-2024",185000,2024,"2","X",2023,2025,313.14,187636.696046497,12.1422629043493
"794","07K110830",2024-05-13,"05-2024",191000,2024,"2","X",2023,2025,313.14,193722.21051287,12.1741805073176
"795","07K110863",2024-10-28,"10-2024",130000,2024,"2","I",2023,2025,315.564,130839.988084826,11.7817303905856
"796","07K120664",2024-05-09,"05-2024",179100,2024,"2","I",2023,2025,313.14,181652.60682123,12.1098513883376
"797","07K130502",2024-06-03,"06-2024",242500,2024,"2","X",2023,2025,313.131,245963.27894715,12.4129375311997
"798","07K130731",2024-06-05,"06-2024",1e+05,2024,"2","I",2023,2025,313.131,101428.156266866,11.5271060068102
"799","07K130795",2024-11-06,"11-2024",140000,2024,"2","I",2023,2025,316.449,140510.540403035,11.8530377856042
"800","07K140079",2024-04-22,"04-2024",169000,2024,"2","X",2023,2025,313.016,171476.560303627,12.0522018616329
"801","07K141070",2024-10-31,"10-2024",190000,2024,"2","X",2023,2025,315.564,191227.674893207,12.1612200122905
"802","07K141124",2024-09-09,"09-2024",249000,2024,"2","X",2023,2025,314.851,251176.419957377,12.4339108395737
"803","07K210347",2024-03-01,"03-2024",138000,2024,"2","X",2023,2025,312.107,140430.089680783,11.8524650615776
"804","07K210754",2024-02-02,"02-2024",180000,2024,"2","X",2023,2025,311.022,183808.669483188,12.1216506558174
"805","07K210886",2024-05-09,"05-2024",165000,2024,"2","X",2023,2025,313.14,167351.647825254,12.0278525531715
"806","07K211041",2024-08-16,"08-2024",150800,2024,"2","X",2023,2025,314.131,152466.749222458,11.9347018133704
"807","07K211140",2024-11-06,"11-2024",127518,2024,"2","5",2023,2025,316.449,127983.022079387,11.7596528940995
"808","07K220379",2024-08-27,"08-2024",104000,2024,"2","X",2023,2025,314.131,105149.482222385,11.5631382569379
"809","07K221039",2024-04-22,"04-2024",150000,2024,"2","X",2023,2025,313.016,152198.130447006,11.9329384408061
"810","07K230235",2024-11-04,"11-2024",170000,2024,"2","X",2023,2025,316.449,170619.941917971,12.0471938000452
"811","07K230950",2024-02-23,"02-2024",105000,2024,"2","I",2023,2025,311.022,107221.723865193,11.5826541550847
"812","07K230950",2024-07-16,"07-2024",215000,2024,"2","X",2023,2025,313.566,217768.013751491,12.2911856180508
"813","07K231137",2024-07-25,"07-2024",1e+05,2024,"2","I",2023,2025,313.566,101287.448256507,11.5257177759112
"814","07K240399",2024-01-02,"01-2024",99913,2024,"2","5",2023,2025,309.794,102431.514293369,11.5369497010113
"815","07K240399",2024-05-20,"05-2024",80000,2024,"2","I",2023,2025,313.14,81140.1928849716,11.3039337139448
"816","07K240399",2024-09-27,"09-2024",230000,2024,"2","X",2023,2025,314.851,232010.347751794,12.3545372520322
"817","07K240476",2024-01-17,"01-2024",169900,2024,"2","X",2023,2025,309.794,174182.681717528,12.0678599223708
"818","07K240542",2024-02-01,"02-2024",175000,2024,"2","X",2023,2025,311.022,178702.873108655,12.0934797788507
"819","07K240951",2024-08-21,"08-2024",35000,2024,"2","I",2023,2025,314.131,35386.8449786872,10.4740954192859
"820","07K240951",2024-08-30,"08-2024",77000,2024,"2","I",2023,2025,314.131,77851.0589531119,11.2625527796502
"821","07K241114",2024-07-19,"07-2024",210000,2024,"2","X",2023,2025,313.566,212703.641338666,12.2676551206406
"822","07K310139",2024-08-26,"08-2024",205000,2024,"2","X",2023,2025,314.131,207265.80630374,12.2417573369349
"823","07K310667",2024-09-20,"09-2024",122000,2024,"2","X",2023,2025,314.851,123066.358372691,11.7204789878423
"824","07K310689",2024-04-17,"04-2024",154500,2024,"2","X",2023,2025,313.016,156764.074360416,11.9624972430476
"825","07K310975",2024-07-26,"07-2024",52600,2024,"2","5",2023,2025,313.566,53277.1977829229,10.8832637096668
"826","07K310975",2024-08-21,"08-2024",85000,2024,"2","Z",2023,2025,314.131,85939.4806625261,11.3613986142868
"827","07K310997",2024-05-31,"05-2024",98500,2024,"2","I",2023,2025,313.14,99903.8624896213,11.511963627449
"828","07K320446",2024-08-21,"08-2024",91000,2024,"2","5",2023,2025,314.131,92005.7969445868,11.4296068643134
"829","07K320491",2024-02-29,"02-2024",144000,2024,"2","X",2023,2025,311.022,147046.93558655,11.8985071045032
"830","07K320556",2024-03-27,"03-2024",165000,2024,"2","X",2023,2025,312.107,167905.542009631,12.031156850321
"831","07K320655",2024-07-19,"07-2024",175000,2024,"2","X",2023,2025,313.566,177253.034448888,12.0853335638466
"832","07K320688",2024-02-05,"02-2024",153000,2024,"2","X",2023,2025,311.022,156237.36906071,11.9591317263196
"833","07K330126",2024-07-15,"07-2024",150000,2024,"2","X",2023,2025,313.566,151931.172384761,11.9311828840194
"834","07K330676",2024-05-01,"05-2024",175000,2024,"2","X",2023,2025,313.14,177494.171935875,12.0866930531945
"835","07K330764",2024-09-12,"09-2024",173200,2024,"2","I",2023,2025,314.851,174713.879263525,12.0709049392374
"836","07K330885",2024-07-09,"07-2024",174900,2024,"2","X",2023,2025,313.566,177151.747000631,12.0847619719477
"837","07K330984",2024-01-23,"01-2024",128000,2024,"2","X",2023,2025,309.794,131226.505355172,11.7846801576125
"838","07K331413",2024-06-21,"06-2024",144000,2024,"2","X",2023,2025,313.131,146056.545024287,11.8917491203981
"839","07K340082",2024-05-14,"05-2024",160000,2024,"2","X",2023,2025,313.14,162280.385769943,11.9970808945048
"840","07K340246",2024-10-03,"10-2024",170000,2024,"2","X",2023,2025,315.564,171098.44595708,12.0499943771802
"841","07K340334",2024-10-28,"10-2024",138000,2024,"2","X",2023,2025,315.564,138891.679659277,11.8414496252872
"842","07K340422",2024-04-03,"04-2024",189900,2024,"2","X",2023,2025,313.016,192682.833145909,12.1688007645281
"843","07K340554",2024-05-09,"05-2024",195000,2024,"2","X",2023,2025,313.14,197779.220157118,12.1949066378347
"844","07K340675",2024-08-22,"08-2024",180000,2024,"2","X",2023,2025,314.131,181989.48846182,12.1117042086867
"845","07K340796",2024-05-03,"05-2024",185000,2024,"2","X",2023,2025,313.14,187636.696046497,12.1422629043493
"846","07K341049",2024-09-18,"09-2024",170000,2024,"2","X",2023,2025,314.851,171485.909207848,12.0522563801593
"847","07K341236",2024-04-01,"04-2024",137900,2024,"2","X",2023,2025,313.016,139920.814590947,11.8488319315091
"848","07K341335",2024-07-08,"07-2024",105125,2024,"2","I",2023,2025,313.566,106478.429979653,11.5756977082162
"849","07K341391",2024-08-02,"08-2024",158000,2024,"2","X",2023,2025,314.131,159746.328760931,11.9813423908235
"850","07K410075",2024-07-17,"07-2024",248000,2024,"2","X",2023,2025,313.566,251192.871676138,12.4339763360881
"851","07K410262",2024-03-13,"03-2024",120500,2024,"2","Z",2023,2025,312.107,122621.926134306,11.7168611293511
"852","07K410910",2024-10-29,"10-2024",105000,2024,"2","X",2023,2025,315.564,105678.451914667,11.5681562902875
"853","07K420128",2024-04-30,"04-2024",156000,2024,"2","X",2023,2025,313.016,158286.055664886,11.9721591539593
"854","07K420403",2024-01-10,"01-2024",142000,2024,"2","X",2023,2025,309.794,145579.404378393,11.8884769512941
"855","07K420458",2024-08-07,"08-2024",255000,2024,"2","X",2023,2025,314.131,257818.441987578,12.4600109029549
"856","07K420580",2024-07-15,"07-2024",315000,2024,"2","X",2023,2025,313.566,319055.462007998,12.6731202287488
"857","07K420810",2024-06-05,"06-2024",160000,2024,"2","I",2023,2025,313.131,162285.050026986,11.997109636056
"858","07K430798",2024-01-29,"01-2024",115000,2024,"2","I",2023,2025,309.794,117898.813405037,11.6775820220561
"859","07K430798",2024-06-28,"06-2024",228500,2024,"2","X",2023,2025,313.131,231763.337069789,12.3534720311564
"860","07K431041",2024-09-25,"09-2024",295000,2024,"2","X",2023,2025,314.851,297578.489507735,12.6034332994488
"861","07K431195",2024-01-04,"01-2024",234750,2024,"2","X",2023,2025,309.794,240667.360407238,12.3911710117813
"862","07K440292",2024-09-24,"09-2024",215000,2024,"2","X",2023,2025,314.851,216879.238115807,12.2870959712367
"863","07K440324",2024-07-01,"07-2024",180000,2024,"2","X",2023,2025,313.566,182317.406861713,12.1135044408133
"864","07K441226",2024-02-20,"02-2024",274900,2024,"2","X",2023,2025,311.022,280716.684671824,12.5451012000984
"865","07K510120",2024-04-19,"04-2024",167460,2024,"2","X",2023,2025,313.016,169913.992831037,12.0430476634861
"866","07K510351",2024-03-29,"03-2024",190000,2024,"2","X",2023,2025,312.107,193345.775647454,12.1722354485809
"867","07K510384",2024-09-18,"09-2024",133500,2024,"2","I",2023,2025,314.851,134666.87576028,11.8105594209493
"868","07K510438",2024-03-14,"03-2024",160000,2024,"2","X",2023,2025,312.107,162817.495282067,12.0003851916542
"869","07K510494",2024-06-18,"06-2024",180000,2024,"2","X",2023,2025,313.131,182570.681280359,12.1148926717124
"870","07K510801",2024-07-02,"07-2024",215000,2024,"2","X",2023,2025,313.566,217768.013751491,12.2911856180508
"871","07K510834",2024-09-16,"09-2024",170000,2024,"2","X",2023,2025,314.851,171485.909207848,12.0522563801593
"872","07K511527",2024-01-29,"01-2024",162000,2024,"2","I",2023,2025,309.794,166083.545840139,12.0202462289253
"873","07K511527",2024-05-14,"05-2024",199900,2024,"2","X",2023,2025,313.14,202749.056971323,12.2197243207773
"874","07K520503",2024-02-13,"02-2024",194000,2024,"2","X",2023,2025,311.022,198104.89933188,12.1965519639905
"875","07K520558",2024-05-02,"05-2024",162500,2024,"2","X",2023,2025,313.14,164816.016797599,12.0125850810408
"876","07K520613",2024-06-03,"06-2024",123000,2024,"2","X",2023,2025,313.131,124756.632208245,11.7341201761946
"877","07K520877",2024-05-31,"05-2024",168000,2024,"2","X",2023,2025,313.14,170394.40505844,12.0458710586742
"878","07K521207",2024-10-07,"10-2024",96000,2024,"2","I",2023,2025,315.564,96620.2988934099,11.4785441315978
"879","07K521285",2024-07-30,"07-2024",106700,2024,"2","I",2023,2025,313.566,108073.707289693,11.5905687482308
"880","07K530393",2024-09-25,"09-2024",120000,2024,"2","I",2023,2025,314.851,121048.877087892,11.7039496858911
"881","07K530591",2024-06-25,"06-2024",170000,2024,"2","X",2023,2025,313.131,172427.865653672,12.0577342578724
"882","07K530601",2024-05-17,"05-2024",150000,2024,"2","X",2023,2025,313.14,152137.861659322,11.9325423733672
"883","07K530711",2024-03-15,"03-2024",220000,2024,"2","X",2023,2025,312.107,223874.056012842,12.3188389227727
"884","07K530986",2024-07-29,"07-2024",231500,2024,"2","X",2023,2025,313.566,234480.442713815,12.3651274634494
"885","07K540039",2024-03-04,"03-2024",124500,2024,"2","X",2023,2025,312.107,126692.363516358,11.7495170923251
"886","07K540248",2024-03-27,"03-2024",2e+05,2024,"2","X",2023,2025,312.107,203521.869102583,12.2235287429684
"887","07K540271",2024-01-03,"01-2024",154750,2024,"2","X",2023,2025,309.794,158650.794560256,11.9744608052576
"888","07K540293",2024-08-15,"08-2024",172000,2024,"2","X",2023,2025,314.131,173901.066752406,12.06624183461
"889","07K540435",2024-09-13,"09-2024",90000,2024,"2","I",2023,2025,314.851,90786.6578159193,11.4162676134393
"890","07K540567",2024-01-19,"01-2024",135000,2024,"2","X",2023,2025,309.794,138402.954866782,11.8379246721313
"891","07K540930",2024-10-03,"10-2024",153000,2024,"2","I",2023,2025,315.564,153988.601361372,11.9446338615224
"892","07K541184",2024-01-03,"01-2024",120000,2024,"2","I",2023,2025,309.794,123024.848770473,11.7201416364749
"893","07K610143",2024-03-12,"03-2024",138000,2024,"2","X",2023,2025,312.107,140430.089680783,11.8524650615776
"894","07K610275",2024-06-05,"06-2024",210000,2024,"2","X",2023,2025,313.131,212999.128160419,12.2690433515396
"895","07K610330",2024-01-30,"01-2024",80000,2024,"2","I",2023,2025,309.794,82016.5658469822,11.3146765283668
"896","07K610451",2024-08-02,"08-2024",183500,2024,"2","X",2023,2025,314.131,185528.172959689,12.1309620252911
"897","07K610682",2024-07-30,"07-2024",155000,2024,"2","I",2023,2025,313.566,156995.544797587,11.9639727068424
"898","07K610758",2024-03-06,"03-2024",160000,2024,"2","X",2023,2025,312.107,162817.495282067,12.0003851916542
"899","07K620087",2024-10-21,"10-2024",157600,2024,"2","X",2023,2025,315.564,158618.324016681,11.9742561175538
"900","07K620515",2024-11-12,"11-2024",158390,2024,"2","X",2023,2025,316.449,158967.603531691,11.9764557090692
"901","07K620582",2024-02-14,"02-2024",142000,2024,"2","X",2023,2025,311.022,145004.617036737,11.8845208625284
"902","07K620647",2024-02-27,"02-2024",154569,2024,"2","5",2023,2025,311.022,157839.567963038,11.9693344035098
"903","07K620670",2024-04-26,"04-2024",120000,2024,"2","X",2023,2025,313.016,121758.504357605,11.7097948894919
"904","07K620801",2024-04-30,"04-2024",119500,2024,"2","I",2023,2025,313.016,121251.177256115,11.7056195180814
"905","07K620922",2024-10-25,"10-2024",60000,2024,"2","I",2023,2025,315.564,60387.6868083812,11.0085405023521
"906","07K621329",2024-07-09,"07-2024",148500,2024,"2","X",2023,2025,313.566,150411.860660914,11.9211325481659
"907","07K630075",2024-06-10,"06-2024",220000,2024,"2","X",2023,2025,313.131,223141.943787105,12.3155633671745
"908","07K630206",2024-02-07,"02-2024",70000,2024,"2","I",2023,2025,311.022,71481.1492434619,11.1771890469765
"909","07K630251",2024-10-24,"10-2024",167000,2024,"2","X",2023,2025,315.564,168079.061616661,12.0321897525467
"910","07K630624",2024-02-21,"02-2024",152400,2024,"2","I",2023,2025,311.022,155624.673495766,11.9552024481797
"911","07K630624",2024-09-20,"09-2024",167000,2024,"2","X",2023,2025,314.851,168459.68728065,12.0344517555258
"912","07K630954",2024-04-10,"04-2024",203000,2024,"2","X",2023,2025,313.016,205974.803204948,12.2355091257516
"913","07K631010",2024-07-03,"07-2024",150000,2024,"2","I",2023,2025,313.566,151931.172384761,11.9311828840194
"914","07K631054",2024-01-19,"01-2024",229900,2024,"2","X",2023,2025,309.794,235695.106102765,12.370294325462
"915","07K640029",2024-02-29,"02-2024",149900,2024,"2","X",2023,2025,311.022,153071.775308499,11.9386622100357
"916","07K640371",2024-01-25,"01-2024",234500,2024,"2","X",2023,2025,309.794,240411.058638967,12.3901054815792
"917","07K640755",2024-08-23,"08-2024",195000,2024,"2","X",2023,2025,314.131,197155.279166972,12.1917469163603
"918","07K640953",2024-01-11,"01-2024",112000,2024,"2","I",2023,2025,309.794,114823.192185775,11.651148764988
"919","07K640953",2024-06-26,"06-2024",135000,2024,"2","X",2023,2025,313.131,136928.010960269,11.8272105992606
"920","07K641053",2024-04-08,"04-2024",133950,2024,"2","4",2023,2025,313.016,135912.930489176,11.8197697427004
"921","07K641206",2024-03-14,"03-2024",71000,2024,"2","I",2023,2025,312.107,72250.2635314171,11.1878912534617
"922","07K641206",2024-09-04,"09-2024",195000,2024,"2","X",2023,2025,314.851,196704.425267825,12.1894575016728
"923","07L110093",2024-06-20,"06-2024",335000,2024,"2","X",2023,2025,313.131,339784.323494001,12.7360663526472
"924","07L110466",2024-07-29,"07-2024",271000,2024,"2","X",2023,2025,313.566,274488.984775135,12.5226664108028
"925","07L120102",2024-03-08,"03-2024",275000,2024,"2","X",2023,2025,312.107,279842.570016052,12.5419824740869
"926","07L120553",2024-02-15,"02-2024",290000,2024,"2","X",2023,2025,311.022,296136.189722913,12.5985747279077
"927","07L140188",2024-09-17,"09-2024",352000,2024,"2","X",2023,2025,314.851,355076.706124484,12.7800891187071
"928","07L210094",2024-06-07,"06-2024",186500,2024,"2","X",2023,2025,313.131,189163.511437705,12.150367059906
"929","07L210182",2024-05-16,"05-2024",195000,2024,"2","X",2023,2025,313.14,197779.220157118,12.1949066378347
"930","07L210270",2024-07-16,"07-2024",259000,2024,"2","X",2023,2025,313.566,262334.490984354,12.4773756516227
"931","07L210368",2024-07-23,"07-2024",370000,2024,"2","X",2023,2025,313.566,374763.558549077,12.8340505955614
"932","07L210711",2024-05-06,"05-2024",1e+05,2024,"2","4",2023,2025,313.14,101425.241106214,11.527077265259
"933","07L210962",2024-05-06,"05-2024",115692,2024,"2","5",2023,2025,313.14,117340.889940602,11.6728385667412
"934","07L210995",2024-04-10,"04-2024",142000,2024,"2","X",2023,2025,313.016,144080.896823166,11.8781302043111
"935","07L211194",2024-06-05,"06-2024",175000,2024,"2","X",2023,2025,313.131,177499.273467015,12.0867217947457
"936","07L211424",2024-08-12,"08-2024",183700,2024,"2","X",2023,2025,314.131,185730.383502424,12.1320513500176
"937","07L220015",2024-11-06,"11-2024",188000,2024,"2","X",2023,2025,316.449,188685.582826933,12.1478373258248
"938","07L220356",2024-02-29,"02-2024",304000,2024,"2","X",2023,2025,311.022,310432.419571606,12.6457215063334
"939","07L230311",2024-09-16,"09-2024",339900,2024,"2","X",2023,2025,314.851,342870.944351455,12.7451093998111
"940","07L230553",2024-07-18,"07-2024",3e+05,2024,"2","X",2023,2025,313.566,303862.344769522,12.6243300645793
"941","07L230832",2024-02-23,"02-2024",335000,2024,"2","X",2023,2025,311.022,342088.35709371,12.7428243367523
"942","07L240453",2024-08-19,"08-2024",320000,2024,"2","X",2023,2025,314.131,323536.868376569,12.6870683535903
"943","07L310358",2024-07-22,"07-2024",399000,2024,"2","X",2023,2025,313.566,404136.918543465,12.909509006813
"944","07L320049",2024-07-10,"07-2024",218500,2024,"2","X",2023,2025,313.566,221313.074440469,12.3073336044588
"945","07L320049",2024-07-17,"07-2024",218500,2024,"2","4",2023,2025,313.566,221313.074440469,12.3073336044588
"946","07L320904",2024-02-27,"02-2024",220000,2024,"2","5",2023,2025,311.022,224655.040479452,12.3223213512795
"947","07L320922",2024-07-08,"07-2024",380000,2024,"2","X",2023,2025,313.566,384892.303374728,12.8607188426436
"948","07L330301",2024-05-30,"05-2024",150000,2024,"2","I",2023,2025,313.14,152137.861659322,11.9325423733672
"949","07L330510",2024-01-02,"01-2024",380000,2024,"2","X",2023,2025,309.794,389578.687773165,12.8728211464133
"950","07L340191",2024-04-23,"04-2024",224900,2024,"2","X",2023,2025,313.016,228195.730250211,12.3379590056751
"951","07L340421",2024-09-17,"09-2024",190000,2024,"2","I",2023,2025,314.851,191660.72205583,12.1634820152695
"952","07L420084",2024-11-06,"11-2024",306800,2024,"2","X",2023,2025,316.449,307918.812826079,12.637591432488
"953","07L420358",2024-04-25,"04-2024",325000,2024,"2","X",2023,2025,313.016,329762.615968513,12.7061283290395
"954","07L420666",2024-04-22,"04-2024",361000,2024,"2","X",2023,2025,313.016,366290.167275794,12.8111811050427
"955","07L520184",2024-05-23,"05-2024",395000,2024,"2","X",2023,2025,313.14,400629.702369547,12.9007928441721
"956","08D110136",2024-05-24,"05-2024",84000,2024,"2","I",2023,2025,313.14,85197.2025292202,11.3527238781143
"957","08D110543",2024-06-17,"06-2024",115000,2024,"2","X",2023,2025,313.131,116642.379706896,11.6668679491854
"958","08D110631",2024-06-20,"06-2024",150000,2024,"2","X",2023,2025,313.131,152142.234400299,11.9325711149184
"959","08D110941",2024-03-21,"03-2024",92000,2024,"2","X",2023,2025,312.107,93620.0597871884,11.4469999534694
"960","08D111027",2024-05-30,"05-2024",93000,2024,"2","I",2023,2025,313.14,94325.4742287795,11.4545065724242
"961","08D111225",2024-07-02,"07-2024",150000,2024,"2","4",2023,2025,313.566,151931.172384761,11.9311828840194
"962","08D111412",2024-04-25,"04-2024",81777,2024,"2","5",2023,2025,313.016,82975.3767570987,11.3262991771877
"963","08D111456",2024-06-21,"06-2024",62850,2024,"2","I",2023,2025,313.131,63747.5962137253,11.0626867558584
"964","08D111467",2024-04-29,"04-2024",95000,2024,"2","I",2023,2025,313.016,96392.1492831037,11.4761800383104
"965","08D120850",2024-06-12,"06-2024",110000,2024,"2","X",2023,2025,313.131,111570.971893553,11.6224161866146
"966","08D120872",2024-04-25,"04-2024",156000,2024,"2","X",2023,2025,313.016,158286.055664886,11.9721591539593
"967","08D130925",2024-09-17,"09-2024",178000,2024,"2","X",2023,2025,314.851,179555.83434704,12.0982414934011
"968","08D131641",2024-07-02,"07-2024",141000,2024,"2","X",2023,2025,313.566,142815.302041675,11.8693074803013
"969","08D131652",2024-05-09,"05-2024",166000,2024,"2","X",2023,2025,313.14,168365.900236316,12.0338948676275
"970","08D140254",2024-11-12,"11-2024",78750,2024,"2","I",2023,2025,316.449,79037.1789767071,11.2776736407006
"971","08D141842",2024-10-18,"10-2024",160000,2024,"2","X",2023,2025,315.564,161033.831489017,11.9893697553638
"972","08D142003",2024-01-19,"01-2024",149000,2024,"2","X",2023,2025,309.794,152755.853890004,11.9365961996383
"973","08D211051",2024-04-29,"04-2024",135000,2024,"2","X",2023,2025,313.016,136978.317402305,11.8275779251482
"974","08D230713",2024-03-08,"03-2024",106500,2024,"2","X",2023,2025,312.107,108375.395297126,11.5933563615699
"975","08D240134",2024-01-02,"01-2024",12000,2024,"2","I",2023,2025,309.794,12302.4848770473,9.41755654348088
"976","08E110751",2024-06-14,"06-2024",1e+05,2024,"2","I",2023,2025,313.131,101428.156266866,11.5271060068102
"977","08E110751",2024-10-11,"10-2024",240000,2024,"2","X",2023,2025,315.564,241550.747233525,12.394834863472
"978","08E110841",2024-06-17,"06-2024",102500,2024,"2","I",2023,2025,313.131,103963.860173538,11.5517986194006
"979","08E120134",2024-04-08,"04-2024",153400,2024,"2","I",2023,2025,313.016,155647.954737138,11.955352035643
"980","08E120200",2024-04-10,"04-2024",150000,2024,"2","X",2023,2025,313.016,152198.130447006,11.9329384408061
"981","08E120365",2024-05-13,"05-2024",129000,2024,"2","5",2023,2025,313.14,130838.561027017,11.7817194836326
"982","08E120640",2024-04-29,"04-2024",170000,2024,"2","X",2023,2025,313.016,172491.214506607,12.0581015837601
"983","08E130353",2024-04-05,"04-2024",111663,2024,"2","5",2023,2025,313.016,113299.33226736,11.6377885535068
"984","08E130403",2024-03-26,"03-2024",144000,2024,"2","I",2023,2025,312.107,146535.74575386,11.8950246759964
"985","08E130650",2024-07-03,"07-2024",135000,2024,"2","X",2023,2025,313.566,136738.055146285,11.8258223683616
"986","08E130861",2024-05-01,"05-2024",210000,2024,"2","X",2023,2025,313.14,212993.00632305,12.2690146099884
"987","08E130908",2024-07-02,"07-2024",225000,2024,"2","X",2023,2025,313.566,227896.758577142,12.3366479921275
"988","08E140606",2024-09-16,"09-2024",82500,2024,"2","I",2023,2025,314.851,83221.102997926,11.3292562364497
"989","08E220502",2024-03-04,"03-2024",8000,2024,"2","I",2023,2025,312.107,8140.87476410334,9.00465291810021
"990","08E221026",2024-04-17,"04-2024",65000,2024,"2","I",2023,2025,313.016,65952.5231937026,11.0966904166054
"991","08E221565",2024-09-13,"09-2024",105000,2024,"2","X",2023,2025,314.851,105917.767451906,11.5704182932665
"992","08E240386",2024-04-17,"04-2024",131400,2024,"2","X",2023,2025,313.016,133325.562271577,11.8005492527603
"993","08E310391",2024-05-23,"05-2024",120000,2024,"2","X",2023,2025,313.14,121710.289327457,11.709398822053
"994","08E310511",2024-05-02,"05-2024",87800,2024,"2","I",2023,2025,313.14,89051.3616912563,11.396968579912
"995","08E310511",2024-08-27,"08-2024",87500,2024,"2","X",2023,2025,314.131,88467.1124467181,11.3903861511601
"996","08E310786",2024-05-21,"05-2024",37000,2024,"2","I",2023,2025,313.14,37527.3392092994,10.5328249919152
"997","08E310812",2024-10-03,"10-2024",115000,2024,"2","X",2023,2025,315.564,115743.066382731,11.6591280684932
"998","08E310885",2024-04-25,"04-2024",1e+05,2024,"2","X",2023,2025,313.016,101465.420298004,11.5274733326979
"999","08E311358",2024-06-07,"06-2024",69739,2024,"2","5",2023,2025,313.131,70734.9818989497,11.1666955229935
"1000","08E320158",2024-06-12,"06-2024",67000,2024,"2","I",2023,2025,313.131,67956.8646988002,11.1266284402131
"1001","08E320169",2024-05-30,"05-2024",84000,2024,"2","X",2023,2025,313.14,85197.2025292202,11.3527238781143
"1002","08E320181",2024-08-23,"08-2024",25000,2024,"2","I",2023,2025,314.131,25276.3178419195,10.1376231826647
"1003","08E320202",2024-04-09,"04-2024",68000,2024,"2","I",2023,2025,313.016,68996.4858026427,11.1418108518859
"1004","08E320246",2024-05-10,"05-2024",67827,2024,"2","5",2023,2025,313.14,68793.6982851121,11.1388674250332
"1005","08E320246",2024-05-16,"05-2024",67827,2024,"2","5",2023,2025,313.14,68793.6982851121,11.1388674250332
"1006","08E320323",2024-01-04,"01-2024",65000,2024,"2","I",2023,2025,309.794,66638.459750673,11.1070371635885
"1007","08E320598",2024-11-01,"11-2024",82682,2024,"2","I",2023,2025,316.449,82983.5178685981,11.3263972871627
"1008","08E320774",2024-10-02,"10-2024",84000,2024,"2","I",2023,2025,315.564,84542.7615317337,11.3450127389733
"1009","08E320804",2024-10-28,"10-2024",75000,2024,"2","I",2023,2025,315.564,75484.6085104765,11.2316840536663
"1010","08E320840",2024-05-23,"05-2024",105000,2024,"2","X",2023,2025,313.14,106496.503161525,11.5758674294285
"1011","08E321005",2024-07-01,"07-2024",50000,2024,"2","I",2023,2025,313.566,50643.7241282537,10.8325705953513
"1012","08E321115",2024-06-12,"06-2024",74000,2024,"2","I",2023,2025,313.131,75056.8356374808,11.2260009140263
"1013","08E321292",2024-06-17,"06-2024",85000,2024,"2","X",2023,2025,313.131,86213.9328268361,11.3645870773125
"1014","08E330696",2024-08-30,"08-2024",250000,2024,"2","X",2023,2025,314.131,252763.178419195,12.4402082756588
"1015","08E410479",2024-02-15,"02-2024",139000,2024,"2","X",2023,2025,311.022,141941.139212017,11.8631677380579
"1016","08E430235",2024-02-12,"02-2024",365000,2024,"2","X",2023,2025,311.022,372723.135340908,12.8285911585097
"1017","08E610206",2024-05-29,"05-2024",104040,2024,"2","X",2023,2025,313.14,105522.820846906,11.5666825198514
"1018","08E610240",2024-05-22,"05-2024",50000,2024,"2","I",2023,2025,313.14,50712.6205531072,10.8339300846991
"1019","08E610251",2024-03-27,"03-2024",145000,2024,"2","X",2023,2025,312.107,147553.355099373,11.9019451188409
"1020","08E610327",2024-07-15,"07-2024",52000,2024,"2","5",2023,2025,313.566,52669.4730933839,10.8717913085046
"1021","08E610745",2024-04-11,"04-2024",117500,2024,"2","X",2023,2025,313.016,119221.868850155,11.688741480294
"1022","08E610899",2024-04-17,"04-2024",104000,2024,"2","X",2023,2025,313.016,105524.037109924,11.5666940458512
"1023","08E610987",2024-05-08,"05-2024",167000,2024,"2","X",2023,2025,313.14,169380.152647378,12.0399008916877
"1024","08E611120",2024-06-27,"06-2024",131000,2024,"2","X",2023,2025,313.131,132870.884709594,11.7971331440233
"1025","08E611229",2024-07-30,"07-2024",78000,2024,"2","I",2023,2025,313.566,79004.2096400758,11.2772564166127
"1026","08E611285",2024-06-03,"06-2024",75000,2024,"2","4",2023,2025,313.131,76071.1172001495,11.2394239343585
"1027","08E630392",2024-05-02,"05-2024",2500,2024,"2","I",2023,2025,313.14,2535.63102765536,7.83819781114511
"1028","08E630479",2024-03-18,"03-2024",101200,2024,"2","I",2023,2025,312.107,102982.065765907,11.5423101332737
"1029","08E630556",2024-08-13,"08-2024",65000,2024,"2","Z",2023,2025,314.131,65718.4263889906,11.0931346276921
"1030","08E630811",2024-01-03,"01-2024",90000,2024,"2","X",2023,2025,309.794,92268.636577855,11.4324595640231
"1031","08F220343",2024-09-12,"09-2024",235000,2024,"2","X",2023,2025,314.851,237054.050963789,12.3760434572532
"1032","08F220585",2024-08-27,"08-2024",142000,2024,"2","X",2023,2025,314.131,143569.485342103,11.8745744153978
"1033","08F220732",2024-11-06,"11-2024",167000,2024,"2","X",2023,2025,316.449,167609.001766477,12.0293891754116
"1034","08F221102",2024-03-13,"03-2024",115000,2024,"2","I",2023,2025,312.107,117025.074733985,11.6701435047836
"1035","08F230034",2024-04-01,"04-2024",152000,2024,"2","X",2023,2025,313.016,154227.438852966,11.9461836675561
"1036","08F230122",2024-05-29,"05-2024",80000,2024,"2","I",2023,2025,313.14,81140.1928849716,11.3039337139448
"1037","08F230265",2024-07-29,"07-2024",250000,2024,"2","X",2023,2025,313.566,253218.620641269,12.4420085077854
"1038","08F230364",2024-04-09,"04-2024",136520,2024,"2","5",2023,2025,313.016,138520.591790835,11.8387742707483
"1039","08F230364",2024-09-05,"09-2024",125000,2024,"2","I",2023,2025,314.851,126092.580299888,11.7447716804113
"1040","08F230504",2024-04-18,"04-2024",225000,2024,"2","X",2023,2025,313.016,228297.195670509,12.3384035489142
"1041","08F230573",2024-05-28,"05-2024",160000,2024,"2","X",2023,2025,313.14,162280.385769943,11.9970808945048
"1042","08F240088",2024-04-03,"04-2024",295000,2024,"2","X",2023,2025,313.016,299322.989879112,12.6092785030496
"1043","08F240176",2024-03-13,"03-2024",199900,2024,"2","X",2023,2025,312.107,203420.108168032,12.2230286179267
"1044","08F240385",2024-10-29,"10-2024",199000,2024,"2","X",2023,2025,315.564,200285.827914464,12.2075007648545
"1045","08F240561",2024-09-12,"09-2024",149500,2024,"2","X",2023,2025,314.851,150806.726038666,11.9237543359398
"1046","08F240707",2024-07-15,"07-2024",1e+05,2024,"2","I",2023,2025,313.566,101287.448256507,11.5257177759112
"1047","08F241265",2024-08-19,"08-2024",130000,2024,"2","I",2023,2025,314.131,131436.852777981,11.7862818082521
"1048","08F241311",2024-08-13,"08-2024",160000,2024,"2","I",2023,2025,314.131,161768.434188285,11.9939211730303
"1049","08F310192",2024-06-03,"06-2024",120000,2024,"2","X",2023,2025,313.131,121713.787520239,11.7094275636042
"1050","08F320832",2024-03-21,"03-2024",201000,2024,"2","Z",2023,2025,312.107,204539.478448096,12.2285162844794
"1051","08F330233",2024-02-27,"02-2024",107500,2024,"2","I",2023,2025,311.022,109774.622052459,11.6061846524949
"1052","08F330233",2024-07-01,"07-2024",156000,2024,"2","X",2023,2025,313.566,158008.419280152,11.9704035971727
"1053","08F330651",2024-02-23,"02-2024",1e+05,2024,"2","I",2023,2025,311.022,102115.92749066,11.5338639909153
"1054","08F330815",2024-06-12,"06-2024",70000,2024,"2","5",2023,2025,313.131,70999.7093868062,11.1704310628715
"1055","08F340078",2024-04-12,"04-2024",195000,2024,"2","X",2023,2025,313.016,197857.569581108,12.1953027052736
"1056","08F340353",2024-11-14,"11-2024",61800,2024,"2","5",2023,2025,316.449,62025.3671207683,11.0352987274585
"1057","08F340474",2024-06-18,"06-2024",177000,2024,"2","X",2023,2025,313.131,179527.836592353,12.098085553396
"1058","08F340584",2024-10-09,"10-2024",159900,2024,"2","X",2023,2025,315.564,160933.185344336,11.9887445599699
"1059","08F340595",2024-04-02,"04-2024",181300,2024,"2","X",2023,2025,313.016,183956.807000281,12.1224562644706
"1060","08F410270",2024-04-29,"04-2024",140000,2024,"2","5",2023,2025,313.016,142051.588417206,11.8639455693191
"1061","08F410270",2024-10-15,"10-2024",117000,2024,"2","I",2023,2025,315.564,117755.989276343,11.6763698749277
"1062","08F410380",2024-08-01,"08-2024",210000,2024,"2","X",2023,2025,314.131,212321.069872123,12.265854888514
"1063","08F410555",2024-11-04,"11-2024",65000,2024,"2","I",2023,2025,316.449,65237.0366156948,11.0857826328905
"1064","08F420356",2024-10-01,"10-2024",229000,2024,"2","X",2023,2025,315.564,230479.671318655,12.3479179436842
"1065","08F420686",2024-02-06,"02-2024",203500,2024,"2","X",2023,2025,311.022,207805.912443493,12.2443598098098
"1066","08F420721",2024-06-12,"06-2024",118300,2024,"2","I",2023,2025,313.131,119989.508863702,11.6951595918065
"1067","08F430267",2024-02-15,"02-2024",135000,2024,"2","I",2023,2025,311.022,137856.502112391,11.8339685833656
"1068","08F430704",2024-11-21,"11-2024",60000,2024,"2","I",2023,2025,316.449,60218.8030298721,11.005739925217
"1069","08F520599",2024-04-30,"04-2024",106100,2024,"2","I",2023,2025,313.016,107654.810936182,11.5866851923297
"1070","08F520665",2024-07-08,"07-2024",119725,2024,"2","I",2023,2025,313.566,121266.397425104,11.7057450361518
"1071","08F530433",2024-04-02,"04-2024",2e+05,2024,"2","X",2023,2025,313.016,202930.840596008,12.2206205132578
"1072","08F530840",2024-04-23,"04-2024",163150,2024,"2","X",2023,2025,313.016,165540.833216193,12.0169731697491
"1073","08F530873",2024-10-28,"10-2024",172000,2024,"2","X",2023,2025,315.564,173111.368850693,12.0616904169434
"1074","08F610337",2024-11-04,"11-2024",199000,2024,"2","X",2023,2025,316.449,199725.696715742,12.2047001877194
"1075","08F630027",2024-06-28,"06-2024",85600,2024,"2","I",2023,2025,313.131,86822.5017644373,11.3716211039698
"1076","08F630489",2024-02-28,"02-2024",111000,2024,"2","X",2023,2025,311.022,113348.679514632,11.6382240062395
"1077","08F630797",2024-06-25,"06-2024",113000,2024,"2","Z",2023,2025,313.131,114613.816581559,11.6493236395345
"1078","08G110353",2024-04-30,"04-2024",164000,2024,"2","I",2023,2025,313.016,166403.289288726,12.022169574534
"1079","08G110463",2024-07-15,"07-2024",205550,2024,"2","X",2023,2025,313.566,208196.349891251,12.246236903267
"1080","08G110474",2024-07-12,"07-2024",170000,2024,"2","X",2023,2025,313.566,172188.662036063,12.0563460269734
"1081","08G120066",2024-01-10,"01-2024",78100,2024,"2","I",2023,2025,309.794,80068.6724081164,11.2906399505385
"1082","08G120716",2024-01-02,"01-2024",253000,2024,"2","X",2023,2025,309.794,259377.389491081,12.4660393824204
"1083","08G130043",2024-01-02,"01-2024",245500,2024,"2","X",2023,2025,309.794,251688.336442927,12.4359468409275
"1084","08G130230",2024-03-08,"03-2024",250000,2024,"2","X",2023,2025,312.107,254402.336378229,12.4466722942826
"1085","08G130322",2024-07-11,"07-2024",230000,2024,"2","X",2023,2025,313.566,232961.130989967,12.3586268988463
"1086","08G140053",2024-06-10,"06-2024",140000,2024,"2","I",2023,2025,313.131,141999.418773612,11.8635782434314
"1087","08G220661",2024-02-23,"02-2024",155000,2024,"2","X",2023,2025,311.022,158279.687610523,11.9721189218464
"1088","08G220825",2024-07-02,"07-2024",255000,2024,"2","X",2023,2025,313.566,258282.993054094,12.4618111350816
"1089","08G240197",2024-06-27,"06-2024",148000,2024,"2","I",2023,2025,313.131,150113.671274962,11.9191480945863
"1090","08G310234",2024-08-14,"08-2024",130000,2024,"2","I",2023,2025,314.131,131436.852777981,11.7862818082521
"1091","08G310603",2024-06-04,"06-2024",231000,2024,"2","X",2023,2025,313.131,234299.04097646,12.3643535313439
"1092","08G330210",2024-02-22,"02-2024",271000,2024,"2","X",2023,2025,311.022,276734.163499688,12.5308126258069
"1093","08G330375",2024-07-12,"07-2024",227000,2024,"2","X",2023,2025,313.566,229922.507542272,12.3454976074045
"1094","08G330540",2024-09-19,"09-2024",215000,2024,"2","X",2023,2025,314.851,216879.238115807,12.2870959712367
"1095","08G340253",2024-07-01,"07-2024",1e+05,2024,"2","I",2023,2025,313.566,101287.448256507,11.5257177759112
"1096","08G340642",2024-07-23,"07-2024",2e+05,2024,"2","X",2023,2025,313.566,202574.896513015,12.2188649564712
"1097","08G410082",2024-09-05,"09-2024",161500,2024,"2","I",2023,2025,314.851,162911.613747455,12.0009630857717
"1098","08G410433",2024-10-09,"10-2024",2e+05,2024,"2","X",2023,2025,315.564,201292.289361271,12.212513306678
"1099","08G410712",2024-07-10,"07-2024",234100,2024,"2","I",2023,2025,313.566,237113.916368484,12.37629596442
"1100","08G420289",2024-08-14,"08-2024",230000,2024,"2","X",2023,2025,314.131,232542.124145659,12.3568266667197
"1101","08G430035",2024-03-06,"03-2024",220000,2024,"2","X",2023,2025,312.107,223874.056012842,12.3188389227727
"1102","08G430255",2024-06-06,"06-2024",290000,2024,"2","X",2023,2025,313.131,294141.653173911,12.5918167438027
"1103","08G430596",2024-08-02,"08-2024",313063,2024,"2","X",2023,2025,314.131,316523.195701793,12.6651518060382
"1104","08G430662",2024-04-25,"04-2024",299900,2024,"2","X",2023,2025,313.016,304294.795473714,12.6257522324648
"1105","08G430723",2024-07-10,"07-2024",330960,2024,"2","X",2023,2025,313.566,335220.938749737,12.7225451120763
"1106","08G430833",2024-08-30,"08-2024",408665,2024,"2","X",2023,2025,314.131,413181.857234721,12.9316431073128
"1107","08G430860",2024-04-05,"04-2024",310927,2024,"2","X",2023,2025,313.016,315483.387369975,12.6618613046483
"1108","08G430871",2024-04-29,"04-2024",342114,2024,"2","X",2023,2025,313.016,347127.407998313,12.7574471615625
"1109","08G440342",2024-05-28,"05-2024",366995,2024,"2","X",2023,2025,313.14,372225.563597752,12.8272553032545
"1110","08G440364",2024-05-02,"05-2024",375230,2024,"2","X",2023,2025,313.14,380577.932202849,12.8494462505627
"1111","08G510038",2024-01-08,"01-2024",278520,2024,"2","P",2023,2025,309.794,285540.673996269,12.5621397637672
"1112","09K330106",2024-05-13,"05-2024",595000,2024,"2","X",2023,2025,313.14,603480.184581976,13.3104684848166
"1113","09K410352",2024-10-09,"10-2024",420000,2024,"2","P",2023,2025,315.564,422713.807658668,12.9544506514074
"1114","09K420032",2024-09-10,"09-2024",109900,2024,"2","X",2023,2025,314.851,110860.596599661,11.6160288045186
"1115","09K430404",2024-05-28,"05-2024",177000,2024,"2","Z",2023,2025,313.14,179522.676758,12.0980568118448
"1116","09K430514",2024-10-10,"10-2024",210000,2024,"2","X",2023,2025,315.564,211356.903829334,12.2613034708474
"1117","09K440128",2024-01-08,"01-2024",160000,2024,"2","X",2023,2025,309.794,164033.131693964,12.0078237089267
"1118","09K440360",2024-05-08,"05-2024",183500,2024,"2","X",2023,2025,313.14,186115.317429904,12.1341217467656
"1119","09K440393",2024-10-25,"10-2024",165000,2024,"2","X",2023,2025,315.564,166066.138723048,12.0201414140306
"1120","09K440481",2024-03-01,"03-2024",154900,2024,"2","X",2023,2025,312.107,157627.687619951,11.9679911238432
"1121","09K440612",2024-01-24,"01-2024",159900,2024,"2","X",2023,2025,309.794,163930.610986656,12.0071985135328
"1122","09K510199",2024-10-15,"10-2024",120000,2024,"2","X",2023,2025,315.564,120775.373616762,11.701687682912
"1123","09K510232",2024-06-11,"06-2024",138600,2024,"2","5",2023,2025,313.131,140579.424585876,11.8535279075779
"1124","09K510418",2024-02-12,"02-2024",165000,2024,"2","X",2023,2025,311.022,168491.280359589,12.0346392788278
"1125","09K520198",2024-08-28,"08-2024",165000,2024,"2","X",2023,2025,314.131,166823.697756668,12.0246928316971
"1126","09K520208",2024-09-16,"09-2024",176000,2024,"2","X",2023,2025,314.851,177538.353062242,12.0869419381472
"1127","09K530098",2024-06-11,"06-2024",160000,2024,"2","X",2023,2025,313.131,162285.050026986,11.997109636056
"1128","09K530593",2024-09-27,"09-2024",206000,2024,"2","X",2023,2025,314.851,207800.572334215,12.2443341118986
"1129","09K530812",2024-06-06,"06-2024",149800,2024,"2","I",2023,2025,313.131,151939.378087765,11.9312368919053
"1130","09K531011",2024-07-08,"07-2024",152000,2024,"2","X",2023,2025,313.566,153956.921349891,11.9444281107694
"1131","09K610585",2024-01-08,"01-2024",23255,2024,"2","5",2023,2025,309.794,23841.1904846446,10.0791700563689
"1132","09K610585",2024-03-01,"03-2024",22000,2024,"2","Z",2023,2025,312.107,22387.4056012842,10.0162538297787
"1133","09K610585",2024-06-11,"06-2024",60000,2024,"2","X",2023,2025,313.131,60856.8937601196,11.0162803830442
"1134","09K610639",2024-01-02,"01-2024",57000,2024,"2","X",2023,2025,309.794,58436.8031659748,10.9757011615274
"1135","09K610640",2024-02-27,"02-2024",54000,2024,"2","I",2023,2025,311.022,55142.6008449563,10.9176778514915
"1136","09K610684",2024-02-05,"02-2024",50000,2024,"2","X",2023,2025,311.022,51057.9637453299,10.8407168103553
"1137","09K610705",2024-02-05,"02-2024",54100,2024,"2","X",2023,2025,311.022,55244.716772447,10.9195279907796
"1138","09K610716",2024-08-22,"08-2024",70000,2024,"2","X",2023,2025,314.131,70773.6899573745,11.1672425998459
"1139","09K610750",2024-09-16,"09-2024",65500,2024,"2","X",2023,2025,314.851,66072.5120771412,11.0985080857502
"1140","10F140642",2024-10-07,"10-2024",80000,2024,"2","X",2023,2025,315.564,80516.9157445083,11.2962225748039
"1141","10F140716",2024-04-09,"04-2024",37000,2024,"2","I",2023,2025,313.016,37542.2055102615,10.533221059354
"1142","10F140761",2024-04-30,"04-2024",67000,2024,"2","X",2023,2025,313.016,67981.8315996626,11.1269957661008
"1143","10F210291",2024-05-23,"05-2024",158000,2024,"2","X",2023,2025,313.14,160251.880947819,11.9845021122979
"1144","10F210556",2024-03-11,"03-2024",20000,2024,"2","I",2023,2025,312.107,20352.1869102583,9.92094364997436
"1145","10F210868",2024-11-19,"11-2024",24250,2024,"2","I",2023,2025,316.449,24338.43289124,10.0998119803784
"1146","10F210969",2024-07-24,"07-2024",14603,2024,"2","I",2023,2025,313.566,14791.0060688978,9.60177457698146
"1147","10F211555",2024-09-13,"09-2024",83000,2024,"2","I",2023,2025,314.851,83725.4733191256,11.3352985509056
"1148","10F230044",2024-05-23,"05-2024",143500,2024,"2","X",2023,2025,313.14,145545.220987418,11.8882421144706
"1149","10F230109",2024-10-24,"10-2024",106063,2024,"2","I",2023,2025,315.564,106748.320432622,11.5782291973148
"1150","10F230374",2024-08-29,"08-2024",68000,2024,"2","X",2023,2025,314.131,68751.5845300209,11.1382550629726
"1151","10F230668",2024-03-27,"03-2024",50500,2024,"2","I",2023,2025,312.107,51389.2719484023,10.8471847127017
"1152","10F230833",2024-03-14,"03-2024",175000,2024,"2","X",2023,2025,312.107,178081.63546476,12.0899973503439
"1153","10F320464",2024-08-13,"08-2024",140000,2024,"2","X",2023,2025,314.131,141547.379914749,11.8603897804058
"1154","10F320482",2024-06-11,"06-2024",85120,2024,"2","5",2023,2025,313.131,86335.6466143563,11.3659978464155
"1155","10F320574",2024-01-19,"01-2024",69000,2024,"2","X",2023,2025,309.794,70739.2880430222,11.1667563982901
"1156","10F320592",2024-02-07,"02-2024",80720,2024,"2","I",2023,2025,311.022,82427.9766704606,11.3196801809725
"1157","10F320804",2024-06-13,"06-2024",130000,2024,"2","X",2023,2025,313.131,131856.603146926,11.7894702712777
"1158","10F321106",2024-07-01,"07-2024",99500,2024,"2","X",2023,2025,313.566,100781.011015225,11.5207052340877
"1159","10F321353",2024-10-11,"10-2024",70000,2024,"2","I",2023,2025,315.564,70452.3012764447,11.1626911821793
"1160","10F321490",2024-11-06,"11-2024",68000,2024,"2","I",2023,2025,316.449,68247.9767671884,11.130903068171
"1161","10F340374",2024-06-21,"06-2024",164900,2024,"2","X",2023,2025,313.131,167255.029684062,12.0272750503877
"1162","10F340567",2024-02-26,"02-2024",85000,2024,"2","X",2023,2025,311.022,86798.5383670609,11.3713450614175
"1163","10F340659",2024-07-09,"07-2024",95000,2024,"2","X",2023,2025,313.566,96223.075843682,11.4744244815237
"1164","10F410392",2024-03-27,"03-2024",25000,2024,"2","I",2023,2025,312.107,25440.2336378229,10.1440872012886
"1165","10F410536",2024-07-30,"07-2024",169900,2024,"2","X",2023,2025,313.566,172087.374587806,12.055757618601
"1166","10F410664",2024-04-03,"04-2024",92125,2024,"2","I",2023,2025,313.016,93475.0184495361,11.4454494972193
"1167","10F430446",2024-03-21,"03-2024",140700,2024,"2","I",2023,2025,312.107,143177.634913667,11.8718413405407
"1168","10F430611",2024-02-23,"02-2024",215000,2024,"2","X",2023,2025,311.022,219549.244104919,12.2993318330548
"1169","10F430611",2024-08-06,"08-2024",220000,2024,"2","I",2023,2025,314.131,222431.597008891,12.3123749041489
"1170","10F430666",2024-03-28,"03-2024",178500,2024,"2","X",2023,2025,312.107,181643.268174056,12.1097999776401
"1171","10F431151",2024-03-18,"03-2024",257500,2024,"2","X",2023,2025,312.107,262034.406469576,12.4762310965242
"1172","10F440162",2024-06-18,"06-2024",252000,2024,"2","I",2023,2025,313.131,255598.953792502,12.4513649083336
"1173","10F440272",2024-01-10,"01-2024",220000,2024,"2","X",2023,2025,309.794,225545.556079201,12.3262774400452
"1174","10G110181",2024-10-25,"10-2024",65000,2024,"2","I",2023,2025,315.564,65419.994042413,11.0885832100256
"1175","10G110200",2024-06-26,"06-2024",125000,2024,"2","X",2023,2025,313.131,126785.195333582,11.7502495581244
"1176","10G110448",2024-05-28,"05-2024",1e+05,2024,"2","X",2023,2025,313.14,101425.241106214,11.527077265259
"1177","10G120027",2024-09-24,"09-2024",102000,2024,"2","I",2023,2025,314.851,102891.545524709,11.5414307563933
"1178","10G120641",2024-03-19,"03-2024",72500,2024,"2","4",2023,2025,312.107,73776.6775496865,11.208797938281
"1179","10G120641",2024-10-16,"10-2024",150000,2024,"2","X",2023,2025,315.564,150969.217020953,11.9248312342262
"1180","10G120715",2024-03-11,"03-2024",109500,2024,"2","I",2023,2025,312.107,111428.223333664,11.6211359256769
"1181","10G120861",2024-11-04,"11-2024",91000,2024,"2","X",2023,2025,316.449,91331.8512619727,11.4222548695117
"1182","10G120944",2024-07-23,"07-2024",150000,2024,"2","X",2023,2025,313.566,151931.172384761,11.9311828840194
"1183","10G121008",2024-08-23,"08-2024",65000,2024,"2","I",2023,2025,314.131,65718.4263889906,11.0931346276921
"1184","10G121273",2024-03-15,"03-2024",84900,2024,"2","I",2023,2025,312.107,86395.0334340467,11.3666854697377
"1185","10G121273",2024-09-10,"09-2024",154900,2024,"2","X",2023,2025,314.851,156253.925507621,11.9592376905318
"1186","10G121301",2024-01-30,"01-2024",127200,2024,"2","X",2023,2025,309.794,130406.339696702,11.7784105445989
"1187","10G121374",2024-03-01,"03-2024",140000,2024,"2","X",2023,2025,312.107,142465.308371808,11.8668537990297
"1188","10G121439",2024-05-24,"05-2024",55000,2024,"2","I",2023,2025,313.14,55783.882608418,10.9292402645034
"1189","10G121668",2024-02-05,"02-2024",140000,2024,"2","X",2023,2025,311.022,142962.298486924,11.8703362275365
"1190","10G131128",2024-01-31,"01-2024",220000,2024,"2","X",2023,2025,309.794,225545.556079201,12.3262774400452
"1191","10G131623",2024-07-01,"07-2024",170000,2024,"2","X",2023,2025,313.566,172188.662036063,12.0563460269734
"1192","10G140386",2024-06-18,"06-2024",172000,2024,"2","X",2023,2025,313.131,174456.428779009,12.0694302976356
"1193","10G140597",2024-08-29,"08-2024",146000,2024,"2","X",2023,2025,314.131,147613.69619681,11.9023539795048
"1194","10G140836",2024-04-02,"04-2024",121500,2024,"2","X",2023,2025,313.016,123280.485662075,11.7222174094904
"1195","10G141028",2024-03-28,"03-2024",145000,2024,"2","X",2023,2025,312.107,147553.355099373,11.9019451188409
"1196","10G141248",2024-09-03,"09-2024",65000,2024,"2","I",2023,2025,314.851,65568.1417559417,11.0908452130047
"1197","10G141367",2024-08-14,"08-2024",145000,2024,"2","X",2023,2025,314.131,146602.643483133,11.8954811002171
"1198","10G141440",2024-07-09,"07-2024",175000,2024,"2","X",2023,2025,313.566,177253.034448888,12.0853335638466
"1199","10G210108",2024-08-29,"08-2024",65000,2024,"2","I",2023,2025,314.131,65718.4263889906,11.0931346276921
"1200","10G210337",2024-04-26,"04-2024",80250,2024,"2","I",2023,2025,313.016,81425.9997891482,11.3074499087199
"1201","10G210979",2024-09-06,"09-2024",127000,2024,"2","X",2023,2025,314.851,128110.061584686,11.7606450295676
"1202","10G211093",2024-09-30,"09-2024",160000,2024,"2","Z",2023,2025,314.851,161398.502783856,11.9916317583428
"1203","10G220493",2024-08-16,"08-2024",139000,2024,"2","X",2023,2025,314.131,140536.327201072,11.8532212909272
"1204","10G220558",2024-08-26,"08-2024",130000,2024,"2","X",2023,2025,314.131,131436.852777981,11.7862818082521
"1205","10G220613",2024-08-12,"08-2024",150000,2024,"2","X",2023,2025,314.131,151657.907051517,11.9293826518928
"1206","10G220659",2024-04-01,"04-2024",95000,2024,"2","I",2023,2025,313.016,96392.1492831037,11.4761800383104
"1207","10G220659",2024-11-06,"11-2024",2000,2024,"2","5",2023,2025,316.449,2007.29343432907,7.60454254355484
"1208","10G220787",2024-09-10,"09-2024",140000,2024,"2","X",2023,2025,314.851,141223.689935874,11.8581003657183
"1209","10G220833",2024-03-28,"03-2024",120000,2024,"2","X",2023,2025,312.107,122113.12146155,11.7127031192024
"1210","10G220961",2024-03-27,"03-2024",61393,2024,"2","5",2023,2025,312.107,62474.0905490745,11.0425071985596
"1211","10G221043",2024-06-05,"06-2024",131800,2024,"2","X",2023,2025,313.131,133682.309959729,11.8032214428905
"1212","10G221117",2024-02-08,"02-2024",104000,2024,"2","X",2023,2025,311.022,106200.564590286,11.5730847040686
"1213","10G230063",2024-03-13,"03-2024",94900,2024,"2","X",2023,2025,312.107,96571.1268891758,11.4780350820363
"1214","10G230467",2024-02-12,"02-2024",15000,2024,"2","I",2023,2025,311.022,15317.389123599,9.6367440060294
"1215","10G230476",2024-10-02,"10-2024",125000,2024,"2","X",2023,2025,315.564,125807.680850794,11.7425096774323
"1216","10G230494",2024-06-20,"06-2024",90000,2024,"2","X",2023,2025,313.131,91285.3406401794,11.4217454911524
"1217","10G231008",2024-03-15,"03-2024",35700,2024,"2","I",2023,2025,312.107,36328.6536348111,10.500362065206
"1218","10G231310",2024-03-12,"03-2024",145500,2024,"2","X",2023,2025,312.107,148062.159772129,11.9053874630319
"1219","10G231484",2024-04-01,"04-2024",75000,2024,"2","I",2023,2025,313.016,76099.065223503,11.2397912602461
"1220","10G231484",2024-11-06,"11-2024",2000,2024,"2","5",2023,2025,316.449,2007.29343432907,7.60454254355484
"1221","10G240615",2024-04-16,"04-2024",79215,2024,"2","5",2023,2025,313.016,80375.8326890638,11.2944688215368
"1222","10G240918",2024-11-08,"11-2024",109000,2024,"2","I",2023,2025,316.449,109397.492170934,11.602743245224
"1223","10G241146",2024-07-15,"07-2024",73250,2024,"2","I",2023,2025,313.566,74193.0558478917,11.2144258378203
"1224","10G241238",2024-05-14,"05-2024",35000,2024,"2","I",2023,2025,313.14,35498.8343871751,10.4772551407604
"1225","10G310372",2024-09-27,"09-2024",133000,2024,"2","X",2023,2025,314.851,134162.505439081,11.8068070713308
"1226","10G320768",2024-05-21,"05-2024",211000,2024,"2","X",2023,2025,313.14,214007.258734113,12.273765212747
"1227","10G330301",2024-01-11,"01-2024",98601,2024,"2","Z",2023,2025,309.794,101086.442613479,11.5237312972379
"1228","10G330420",2024-08-08,"08-2024",87000,2024,"2","I",2023,2025,314.131,87961.5860898797,11.3846554764511
"1229","10G340027",2024-07-18,"07-2024",2000,2024,"2","5",2023,2025,313.566,2025.74896513015,7.61369477048307
"1230","10G340623",2024-10-30,"10-2024",145000,2024,"2","X",2023,2025,315.564,145936.909786921,11.8909296825506
"1231","10G340724",2024-08-21,"08-2024",90000,2024,"2","I",2023,2025,314.131,90994.74423091,11.4185570281268
"1232","10G340788",2024-11-04,"11-2024",68600,2024,"2","5",2023,2025,316.449,68850.1647974871,11.1396878977267
"1233","10G341044",2024-05-07,"05-2024",160000,2024,"2","X",2023,2025,313.14,162280.385769943,11.9970808945048
"1234","10G341071",2024-02-21,"02-2024",180000,2024,"2","X",2023,2025,311.022,183808.669483188,12.1216506558174
"1235","10G341091",2024-05-29,"05-2024",175000,2024,"2","X",2023,2025,313.14,177494.171935875,12.0866930531945
"1236","10G341190",2024-07-29,"07-2024",216500,2024,"2","X",2023,2025,313.566,219287.325475339,12.2981381373657
"1237","10G341246",2024-05-01,"05-2024",189000,2024,"2","X",2023,2025,313.14,191693.705690745,12.1636540943306
"1238","10G410151",2024-08-08,"08-2024",225000,2024,"2","X",2023,2025,314.131,227486.860577275,12.3348477600009
"1239","10G420482",2024-09-05,"09-2024",185000,2024,"2","Z",2023,2025,314.851,186617.018843834,12.1368137681873
"1240","10G510123",2024-09-11,"09-2024",162000,2024,"2","X",2023,2025,314.851,163415.984068655,12.0040542783414
"1241","10G510132",2024-02-26,"02-2024",110000,2024,"2","X",2023,2025,311.022,112327.520239726,11.6291741707196
"1242","10G510316",2024-04-15,"04-2024",110000,2024,"2","X",2023,2025,313.016,111611.962327804,11.6227835125022
"1243","10G511261",2024-05-10,"05-2024",83000,2024,"2","I",2023,2025,313.14,84182.950118158,11.3407476870676
"1244","10G511261",2024-08-05,"08-2024",118000,2024,"2","X",2023,2025,314.131,119304.22021386,11.6894319822622
"1245","10G511371",2024-04-09,"04-2024",55000,2024,"2","I",2023,2025,313.016,55805.9811639022,10.9296363319423
"1246","10G511371",2024-09-13,"09-2024",159900,2024,"2","X",2023,2025,314.851,161297.628719617,11.9910065629489
"1247","10G511508",2024-03-25,"03-2024",140000,2024,"2","X",2023,2025,312.107,142465.308371808,11.8668537990297
"1248","10G511526",2024-11-06,"11-2024",80000,2024,"2","I",2023,2025,316.449,80291.7373731628,11.2934219976688
"1249","10G511618",2024-02-08,"02-2024",119900,2024,"2","X",2023,2025,311.022,122436.997061301,11.7153518669607
"1250","10G520335",2024-10-10,"10-2024",204000,2024,"2","X",2023,2025,315.564,205318.135148496,12.2323159339742
"1251","10G620051",2024-01-09,"01-2024",176900,2024,"2","X",2023,2025,309.794,181359.131229139,12.1082344948586
"1252","10G620114",2024-04-05,"04-2024",59000,2024,"2","5",2023,2025,313.016,59864.5979758223,10.9998405906155
"1253","10G620480",2024-04-25,"04-2024",95000,2024,"2","I",2023,2025,313.016,96392.1492831037,11.4761800383104
"1254","10G620536",2024-08-06,"08-2024",93000,2024,"2","Z",2023,2025,314.131,94027.9023719404,11.4513468509498
"1255","10G621030",2024-05-22,"05-2024",115000,2024,"2","I",2023,2025,313.14,116639.027272147,11.6668392076342
"1256","10G640712",2024-01-25,"01-2024",70000,2024,"2","I",2023,2025,309.794,71764.4951161094,11.1811451357422
"1257","10G640712",2024-08-23,"08-2024",197861,2024,"2","X",2023,2025,314.131,200047.900980801,12.2063121217575
"1258","10G640831",2024-07-15,"07-2024",60000,2024,"2","I",2023,2025,313.566,60772.4689539044,11.0148921521452
"1259","10H110090",2024-05-02,"05-2024",280000,2024,"2","X",2023,2025,313.14,283990.6750974,12.5566966824402
"1260","10H110119",2024-04-09,"04-2024",272900,2024,"2","X",2023,2025,313.016,276899.131993253,12.5314085744241
"1261","10H110229",2024-10-18,"10-2024",1e+05,2024,"2","Z",2023,2025,315.564,100646.144680635,11.5193661261181
"1262","10H120248",2024-10-29,"10-2024",64500,2024,"2","I",2023,2025,315.564,64916.7633190098,11.0808611639317
"1263","10H120312",2024-11-22,"11-2024",167000,2024,"2","X",2023,2025,316.449,167609.001766477,12.0293891754116
"1264","10H120422",2024-06-07,"06-2024",115000,2024,"2","I",2023,2025,313.131,116642.379706896,11.6668679491854
"1265","10H120624",2024-08-15,"08-2024",332077,2024,"2","X",2023,2025,314.131,335747.351999643,12.7241142275328
"1266","10H140525",2024-06-04,"06-2024",266000,2024,"2","X",2023,2025,313.131,269798.895669863,12.5054321296038
"1267","10H230431",2024-06-25,"06-2024",275000,2024,"2","X",2023,2025,313.131,278927.429733881,12.5387069184887
"1268","10H320448",2024-07-01,"07-2024",115783,2024,"2","Z",2023,2025,313.566,117273.646214832,11.6722653394492
"1269","10H340321",2024-07-22,"07-2024",235000,2024,"2","X",2023,2025,313.566,238025.503402792,12.3801331040673
"1270","10H340431",2024-06-06,"06-2024",239900,2024,"2","X",2023,2025,313.131,243326.146884211,12.4021579906678
"1271","10H340789",2024-07-22,"07-2024",120000,2024,"2","I",2023,2025,313.566,121544.937907809,11.7080393327052
"1272","10H340789",2024-11-08,"11-2024",189900,2024,"2","X",2023,2025,316.449,190592.511589545,12.1578929808131
"1273","10H420713",2024-03-22,"03-2024",115000,2024,"2","I",2023,2025,312.107,117025.074733985,11.6701435047836
"1274","10H430026",2024-05-07,"05-2024",140000,2024,"2","X",2023,2025,313.14,141995.3375487,11.8635495018803
"1275","10H430246",2024-02-20,"02-2024",219000,2024,"2","X",2023,2025,311.022,223633.881204545,12.3177655347437
"1276","10H520060",2024-05-31,"05-2024",210000,2024,"2","X",2023,2025,313.14,212993.00632305,12.2690146099884
"1277","10H540163",2024-04-08,"04-2024",68000,2024,"2","5",2023,2025,313.016,68996.4858026427,11.1418108518859
"1278","10H540163",2024-10-24,"10-2024",229000,2024,"2","X",2023,2025,315.564,230479.671318655,12.3479179436842
"1279","10J110053",2024-03-11,"03-2024",110000,2024,"2","X",2023,2025,312.107,111937.028006421,11.6256917422128
"1280","10J110185",2024-07-15,"07-2024",70000,2024,"2","I",2023,2025,313.566,70901.2137795552,11.1690428319725
"1281","10J110691",2024-07-24,"07-2024",65000,2024,"2","I",2023,2025,313.566,65836.8413667298,11.0949348598188
"1282","10J111021",2024-04-09,"04-2024",128000,2024,"2","X",2023,2025,313.016,129875.737981445,11.7743334106294
"1283","10J120085",2024-11-07,"11-2024",72000,2024,"2","I",2023,2025,316.449,72262.5636358465,11.1880614820109
"1284","10J120306",2024-03-14,"03-2024",105000,2024,"2","X",2023,2025,312.107,106848.981278856,11.5791717265779
"1285","10J120452",2024-08-23,"08-2024",65000,2024,"2","I",2023,2025,314.131,65718.4263889906,11.0931346276921
"1286","10J120645",2024-03-06,"03-2024",112000,2024,"2","X",2023,2025,312.107,113972.246697447,11.6437102477155
"1287","10J130334",2024-09-06,"09-2024",114000,2024,"2","X",2023,2025,314.851,114996.433233498,11.6526563915035
"1288","10J130352",2024-09-16,"09-2024",133000,2024,"2","X",2023,2025,314.851,134162.505439081,11.8068070713308
"1289","10J130600",2024-05-31,"05-2024",140000,2024,"2","X",2023,2025,313.14,141995.3375487,11.8635495018803
"1290","10J130820",2024-05-02,"05-2024",85173,2024,"2","5",2023,2025,313.14,86386.9206073961,11.3665915614739
"1291","10J130820",2024-07-29,"07-2024",82000,2024,"2","X",2023,2025,313.566,83055.7075703361,11.3272668371874
"1292","10J130976",2024-11-12,"11-2024",92000,2024,"2","X",2023,2025,316.449,92335.4979791372,11.4331839400439
"1293","10J131041",2024-05-22,"05-2024",90000,2024,"2","X",2023,2025,313.14,91282.716995593,11.4217167496012
"1294","10J131232",2024-01-03,"01-2024",175000,2024,"2","X",2023,2025,309.794,179411.237790274,12.0974358676164
"1295","10J131241",2024-08-19,"08-2024",160000,2024,"2","X",2023,2025,314.131,161768.434188285,11.9939211730303
"1296","10J140115",2024-08-15,"08-2024",101600,2024,"2","X",2023,2025,314.131,102722.955709561,11.5397908929409
"1297","10J140151",2024-08-21,"08-2024",68000,2024,"2","I",2023,2025,314.131,68751.5845300209,11.1382550629726
"1298","10J140292",2024-02-07,"02-2024",135000,2024,"2","X",2023,2025,311.022,137856.502112391,11.8339685833656
"1299","10J140335",2024-04-12,"04-2024",30000,2024,"2","I",2023,2025,313.016,30439.6260894012,10.323500528372
"1300","10J140812",2024-05-14,"05-2024",40000,2024,"2","I",2023,2025,313.14,40570.0964424858,10.6107865333849
"1301","10J210164",2024-02-06,"02-2024",75000,2024,"2","X",2023,2025,311.022,76586.9456179949,11.2461819184635
"1302","10J210670",2024-09-11,"09-2024",80000,2024,"2","X",2023,2025,314.851,80699.2513919282,11.2984845777829
"1303","10J210753",2024-07-25,"07-2024",82000,2024,"2","X",2023,2025,313.566,83055.7075703361,11.3272668371874
"1304","10J210762",2024-01-25,"01-2024",52500,2024,"2","Z",2023,2025,309.794,53823.3713370821,10.8934630632905
"1305","10J210900",2024-01-08,"01-2024",65000,2024,"2","I",2023,2025,309.794,66638.459750673,11.1070371635885
"1306","10J210900",2024-06-24,"06-2024",112000,2024,"2","X",2023,2025,313.131,113599.53501889,11.6404346921172
"1307","10J211396",2024-05-08,"05-2024",85283,2024,"2","5",2023,2025,313.14,86498.4883726129,11.3678822173061
"1308","10J220075",2024-01-24,"01-2024",96000,2024,"2","I",2023,2025,309.794,98419.8790163786,11.4969980851607
"1309","10J220493",2024-10-23,"10-2024",77900,2024,"2","I",2023,2025,315.564,78403.3467062149,11.2696218930067
"1310","10J220736",2024-04-24,"04-2024",164000,2024,"2","Z",2023,2025,313.016,166403.289288726,12.022169574534
"1311","10J220910",2024-07-29,"07-2024",82888,2024,"2","I",2023,2025,313.566,83955.1401108539,11.3380378888726
"1312","10J220929",2024-03-25,"03-2024",155000,2024,"2","X",2023,2025,312.107,157729.448554502,11.9686364933396
"1313","10J221001",2024-09-06,"09-2024",148000,2024,"2","X",2023,2025,314.851,149293.615075067,11.9136702168731
"1314","10J221197",2024-03-22,"03-2024",70000,2024,"2","X",2023,2025,312.107,71232.6541859042,11.1737066184697
"1315","10J230113",2024-06-26,"06-2024",60000,2024,"2","I",2023,2025,313.131,60856.8937601196,11.0162803830442
"1316","10J230315",2024-07-09,"07-2024",105000,2024,"2","X",2023,2025,313.566,106351.820669333,11.5745079400806
"1317","10J230324",2024-04-10,"04-2024",82084,2024,"2","5",2023,2025,313.016,83286.8755974136,11.3300462598883
"1318","10J230324",2024-06-27,"06-2024",75000,2024,"2","I",2023,2025,313.131,76071.1172001495,11.2394239343585
"1319","10J230810",2024-08-19,"08-2024",60000,2024,"2","X",2023,2025,314.131,60663.1628206067,11.0130919200186
"1320","10J231064",2024-01-02,"01-2024",85000,2024,"2","X",2023,2025,309.794,87142.6012124186,11.3753011501832
"1321","10J231121",2024-05-07,"05-2024",105000,2024,"2","X",2023,2025,313.14,106496.503161525,11.5758674294285
"1322","10J240370",2024-03-27,"03-2024",1e+05,2024,"2","X",2023,2025,312.107,101760.934551292,11.5303815624085
"1323","10J240435",2024-09-17,"09-2024",47000,2024,"2","I",2023,2025,314.851,47410.8101927578,10.7666055448191
"1324","10J240765",2024-02-23,"02-2024",70000,2024,"2","Z",2023,2025,311.022,71481.1492434619,11.1771890469765
"1325","10J240848",2024-05-16,"05-2024",67982,2024,"2","5",2023,2025,313.14,68950.9074088267,11.1411500435239
"1326","10J240921",2024-11-01,"11-2024",1e+05,2024,"2","X",2023,2025,316.449,100364.671716454,11.516565548983
"1327","10J241272",2024-02-09,"02-2024",45000,2024,"2","I",2023,2025,311.022,45952.1673707969,10.7353562946975
"1328","10J241272",2024-05-30,"05-2024",115000,2024,"2","4",2023,2025,313.14,116639.027272147,11.6668392076342
"1329","10J241434",2024-08-22,"08-2024",82000,2024,"2","I",2023,2025,314.131,82906.3225214958,11.3254666050608
"1330","10J241690",2024-01-04,"01-2024",54000,2024,"2","I",2023,2025,309.794,55361.181946713,10.9216339402572
"1331","10J241975",2024-11-25,"11-2024",65000,2024,"2","Z",2023,2025,316.449,65237.0366156948,11.0857826328905
"1332","10J310088",2024-06-24,"06-2024",206000,2024,"2","X",2023,2025,313.131,208942.001909744,12.2498119896117
"1333","10J311078",2024-08-20,"08-2024",42000,2024,"2","I",2023,2025,314.131,42464.2139744247,10.6564169760799
"1334","10J311302",2024-04-01,"04-2024",130000,2024,"2","X",2023,2025,313.016,131905.046387405,11.7898375971654
"1335","10J320120",2024-05-30,"05-2024",86000,2024,"2","I",2023,2025,313.14,87225.7073513444,11.3762543755245
"1336","10J330064",2024-04-10,"04-2024",82500,2024,"2","I",2023,2025,313.016,83708.9717458533,11.3351014400504
"1337","10J330196",2024-03-22,"03-2024",126000,2024,"2","X",2023,2025,312.107,128218.777534628,11.7614932833719
"1338","10J330525",2024-04-05,"04-2024",75000,2024,"2","X",2023,2025,313.016,76099.065223503,11.2397912602461
"1339","10L540195",2024-07-30,"07-2024",89000,2024,"2","X",2023,2025,313.566,90145.8289482916,11.4091839596553
"1340","10L540306",2024-04-17,"04-2024",42000,2024,"2","5",2023,2025,313.016,42615.4765251617,10.6599727649932
"1341","10L540382",2024-01-09,"01-2024",72000,2024,"2","X",2023,2025,309.794,73814.909262284,11.2093160127089
"1342","10M530104",2024-06-28,"06-2024",5e+05,2024,"2","P",2023,2025,313.131,507140.78133433,13.1365439192443
"1343","10O140064",2024-01-05,"01-2024",4e+06,2024,"2","P",2023,2025,309.794,4100828.29234911,15.2266995337949
"1344","10O140091",2024-01-05,"01-2024",1250000,2024,"1","P",2023,2025,309.794,1281508.8413591,14.0635487239892
"1345","10P640217",2024-05-29,"05-2024",1800000,2024,"2","X",2023,2025,313.14,1825654.33991186,14.4174490231552
"1346","11D110206",2024-09-30,"09-2024",41200,2024,"2","I",2023,2025,314.851,41560.114466843,10.6348961994645
"1347","11D110293",2024-01-10,"01-2024",56801,2024,"2","5",2023,2025,309.794,58232.7869584304,10.9722038248988
"1348","11D130107",2024-09-03,"09-2024",68500,2024,"2","5",2023,2025,314.851,69098.7340043385,11.1432916883772
"1349","11D130244",2024-10-09,"10-2024",146000,2024,"2","X",2023,2025,315.564,146943.371233728,11.8978025618383
"1350","11D410131",2024-04-17,"04-2024",81000,2024,"2","X",2023,2025,313.016,82186.9904413832,11.3167523013822
"1351","11D410186",2024-01-04,"01-2024",40000,2024,"2","I",2023,2025,309.794,41008.2829234911,10.6215293478068
"1352","11D410423",2024-08-02,"08-2024",59900,2024,"2","I",2023,2025,314.131,60562.057549239,11.0114238629179
"1353","11D410432",2024-04-29,"04-2024",58000,2024,"2","X",2023,2025,313.016,58849.9437728423,10.9827461572562
"1354","11D410506",2024-07-19,"07-2024",99000,2024,"2","X",2023,2025,313.566,100274.573773942,11.5156674400577
"1355","11D410551",2024-06-26,"06-2024",70000,2024,"2","I",2023,2025,313.131,70999.7093868062,11.1704310628715
"1356","11D410652",2024-10-16,"10-2024",70000,2024,"2","I",2023,2025,315.564,70452.3012764447,11.1626911821793
"1357","11D410661",2024-06-07,"06-2024",100500,2024,"2","X",2023,2025,313.131,101935.2970482,11.5320935483213
"1358","11D410692",2024-07-15,"07-2024",45000,2024,"2","I",2023,2025,313.566,45579.3517154283,10.7272100796934
"1359","11D410726",2024-10-16,"10-2024",70000,2024,"2","I",2023,2025,315.564,70452.3012764447,11.1626911821793
"1360","11D410744",2024-10-16,"10-2024",70000,2024,"2","I",2023,2025,315.564,70452.3012764447,11.1626911821793
"1361","11D410809",2024-09-06,"09-2024",75000,2024,"2","X",2023,2025,314.851,75655.5481799327,11.2339460566453
"1362","11D410900",2024-11-14,"11-2024",83000,2024,"2","X",2023,2025,316.449,83302.6775246564,11.3302359707915
"1363","11D410982",2024-04-02,"04-2024",90000,2024,"2","X",2023,2025,313.016,91318.8782682035,11.4221128170401
"1364","11D411286",2024-09-11,"09-2024",80000,2024,"2","X",2023,2025,314.851,80699.2513919282,11.2984845777829
"1365","11D411385",2024-08-30,"08-2024",78000,2024,"2","X",2023,2025,314.131,78862.1116667887,11.2754561844861
"1366","11D420011",2024-10-16,"10-2024",70000,2024,"2","I",2023,2025,315.564,70452.3012764447,11.1626911821793
"1367","11D420323",2024-10-16,"10-2024",98750,2024,"2","X",2023,2025,315.564,99388.0678721274,11.5067873439112
"1368","11D420406",2024-04-25,"04-2024",51000,2024,"2","I",2023,2025,313.016,51747.364351982,10.8541287794341
"1369","11D420482",2024-04-11,"04-2024",79500,2024,"2","X",2023,2025,313.016,80665.0091369131,11.2980601683701
"1370","11D420493",2024-11-25,"11-2024",45000,2024,"2","I",2023,2025,316.449,45164.1022724041,10.7180578527652
"1371","11D420626",2024-09-26,"09-2024",65000,2024,"2","I",2023,2025,314.851,65568.1417559417,11.0908452130047
"1372","11D430012",2024-05-01,"05-2024",125000,2024,"2","X",2023,2025,313.14,126781.551382768,11.7502208165733
"1373","11D430151",2024-07-19,"07-2024",68000,2024,"2","I",2023,2025,313.566,68875.464814425,11.1400552950992
"1374","11D430283",2024-10-31,"10-2024",75000,2024,"2","I",2023,2025,315.564,75484.6085104765,11.2316840536663
"1375","11D430416",2024-07-29,"07-2024",47000,2024,"2","I",2023,2025,313.566,47605.1006805585,10.7706951916332
"1376","11D430526",2024-02-08,"02-2024",67000,2024,"2","X",2023,2025,311.022,68417.6714187421,11.1333864243182
"1377","11D431031",2024-11-06,"11-2024",24000,2024,"2","I",2023,2025,316.449,24087.5212119488,10.0894491933428
"1378","11D431152",2024-09-03,"09-2024",1e+05,2024,"2","Z",2023,2025,314.851,100874.06423991,11.5216281290971
"1379","11D431213",2024-05-08,"05-2024",27343,2024,"2","I",2023,2025,313.14,27732.7036756722,10.2303676338812
"1380","11D440022",2024-02-05,"02-2024",18000,2024,"2","I",2023,2025,311.022,18380.8669483188,9.81906556282335
"1381","11D440352",2024-09-18,"09-2024",76000,2024,"2","X",2023,2025,314.851,76664.2888223318,11.2471912833953
"1382","11D440408",2024-09-04,"09-2024",25141,2024,"2","5",2023,2025,314.851,25360.7484905558,10.1409579227274
"1383","11D440729",2024-02-07,"02-2024",6440,2024,"2","5",2023,2025,311.022,6576.26573039849,8.79122234504345
"1384","11D440930",2024-03-26,"03-2024",97500,2024,"2","X",2023,2025,312.107,99216.9111875094,11.5050637544242
"1385","11D441162",2024-04-24,"04-2024",440000,2024,"2","I",2023,2025,313.016,446447.849311217,13.0090778736221
"1386","11D441315",2024-07-02,"07-2024",60000,2024,"2","X",2023,2025,313.566,60772.4689539044,11.0148921521452
"1387","11D441393",2024-10-16,"10-2024",70000,2024,"2","I",2023,2025,315.564,70452.3012764447,11.1626911821793
"1388","11D441407",2024-03-26,"03-2024",95000,2024,"2","X",2023,2025,312.107,96672.8878237271,11.4790882680209
"1389","11D441526",2024-05-30,"05-2024",83000,2024,"2","X",2023,2025,313.14,84182.950118158,11.3407476870676
"1390","11D441544",2024-09-24,"09-2024",1980000,2024,"2","P",2023,2025,314.851,1997306.47195022,14.5073100667976
"1391","11D530086",2024-11-18,"11-2024",45100,2024,"2","I",2023,2025,316.449,45264.4669441205,10.7202776095035
"1392","11D530112",2024-01-22,"01-2024",59500,2024,"2","X",2023,2025,309.794,60999.820848693,11.0186262062445
"1393","11D530361",2024-04-22,"04-2024",125000,2024,"2","4",2023,2025,313.016,126831.775372505,11.7506168840121
"1394","11D530383",2024-03-15,"03-2024",66300,2024,"2","X",2023,2025,312.107,67467.4996075064,11.1194012736122
"1395","11E110362",2024-08-23,"08-2024",219900,2024,"2","Z",2023,2025,314.131,222330.491737524,12.3119202553572
"1396","11E120116",2024-01-09,"01-2024",160000,2024,"2","X",2023,2025,309.794,164033.131693964,12.0078237089267
"1397","11E130227",2024-05-28,"05-2024",145000,2024,"2","X",2023,2025,313.14,147066.599604011,11.8986408216915
"1398","11E130593",2024-04-01,"04-2024",114075,2024,"2","X",2023,2025,313.016,115746.678204948,11.6591592735233
"1399","11E140044",2024-05-23,"05-2024",143500,2024,"2","X",2023,2025,313.14,145545.220987418,11.8882421144706
"1400","11E140439",2024-07-15,"07-2024",155000,2024,"2","X",2023,2025,313.566,156995.544797587,11.9639727068424
"1401","11E210105",2024-04-23,"04-2024",75000,2024,"2","X",2023,2025,313.016,76099.065223503,11.2397912602461
"1402","11E210161",2024-01-18,"01-2024",58066,2024,"2","5",2023,2025,309.794,59529.6739058859,10.994230188321
"1403","11E210215",2024-05-17,"05-2024",90000,2024,"2","X",2023,2025,313.14,91282.716995593,11.4217167496012
"1404","11E210361",2024-08-07,"08-2024",90000,2024,"2","X",2023,2025,314.131,90994.74423091,11.4185570281268
"1405","11E210480",2024-02-15,"02-2024",56000,2024,"2","I",2023,2025,311.022,57184.9193947695,10.9540454956623
"1406","11E210527",2024-06-11,"06-2024",118000,2024,"2","X",2023,2025,313.131,119685.224394902,11.6926204452878
"1407","11E210848",2024-07-10,"07-2024",116000,2024,"2","X",2023,2025,313.566,117493.439977549,11.6741377810295
"1408","11E210875",2024-06-25,"06-2024",58500,2024,"2","I",2023,2025,313.131,59335.4714161166,10.99096257506
"1409","11E210949",2024-04-03,"04-2024",95000,2024,"2","X",2023,2025,313.016,96392.1492831037,11.4761800383104
"1410","11E211113",2024-01-16,"01-2024",79000,2024,"2","I",2023,2025,309.794,80991.3587738949,11.3020977461599
"1411","11E220490",2024-10-22,"10-2024",89000,2024,"2","I",2023,2025,315.564,89575.0687657654,11.4028323098621
"1412","11E220573",2024-08-07,"08-2024",25000,2024,"2","I",2023,2025,314.131,25276.3178419195,10.1376231826647
"1413","11E230051",2024-08-22,"08-2024",88418,2024,"2","I",2023,2025,314.131,89395.2588378734,11.4008229266219
"1414","11E230923",2024-07-03,"07-2024",140000,2024,"2","X",2023,2025,313.566,141802.42755911,11.8621900125324
"1415","11E240290",2024-08-19,"08-2024",65000,2024,"2","X",2023,2025,314.131,65718.4263889906,11.0931346276921
"1416","11E240300",2024-09-05,"09-2024",65000,2024,"2","I",2023,2025,314.851,65568.1417559417,11.0908452130047
"1417","11E240364",2024-03-04,"03-2024",33000,2024,"2","Z",2023,2025,312.107,33581.1084019263,10.4217189378869
"1418","11E240401",2024-11-04,"11-2024",25000,2024,"2","5",2023,2025,316.449,25091.1679291134,10.1302711878631
"1419","11E240456",2024-05-16,"05-2024",68000,2024,"2","X",2023,2025,313.14,68969.1639522258,11.1414147844471
"1420","11E240539",2024-01-03,"01-2024",34000,2024,"2","I",2023,2025,309.794,34857.0404849674,10.459010418309
"1421","11E240566",2024-06-05,"06-2024",87000,2024,"2","I",2023,2025,313.131,88242.4959521734,11.3878439394767
"1422","11E240768",2024-06-07,"06-2024",115000,2024,"2","X",2023,2025,313.131,116642.379706896,11.6668679491854
"1423","11E240777",2024-05-14,"05-2024",83000,2024,"2","I",2023,2025,313.14,84182.950118158,11.3407476870676
"1424","11E240878",2024-05-13,"05-2024",60000,2024,"2","I",2023,2025,313.14,60855.1446637287,11.0162516414931
"1425","11E240915",2024-05-22,"05-2024",49520,2024,"2","I",2023,2025,313.14,50225.7793957974,10.8242837076473
"1426","11E310104",2024-01-25,"01-2024",30000,2024,"2","I",2023,2025,309.794,30756.2121926183,10.333847275355
"1427","11E310553",2024-02-15,"02-2024",7313,2024,"2","I",2023,2025,311.022,7467.73777739195,8.918347391216
"1428","11E311053",2024-02-21,"02-2024",163100,2024,"2","X",2023,2025,311.022,166551.077737266,12.0230573145542
"1429","11E320563",2024-07-08,"07-2024",81833,2024,"2","I",2023,2025,313.566,82886.5575317477,11.3252281751615
"1430","11E320563",2024-07-10,"07-2024",107500,2024,"2","4",2023,2025,313.566,108884.006875745,11.5980384374908
"1431","11E320848",2024-10-07,"10-2024",75000,2024,"2","I",2023,2025,315.564,75484.6085104765,11.2316840536663
"1432","11E330711",2024-11-06,"11-2024",33000,2024,"2","I",2023,2025,316.449,33120.3416664297,10.4079029244614
"1433","11E330757",2024-04-25,"04-2024",42500,2024,"2","I",2023,2025,313.016,43122.8036266517,10.6718072226402
"1434","11E340107",2024-05-14,"05-2024",40000,2024,"2","I",2023,2025,313.14,40570.0964424858,10.6107865333849
"1435","11E340125",2024-03-13,"03-2024",52000,2024,"2","X",2023,2025,312.107,52915.6859666717,10.8764550950018
"1436","11E340262",2024-02-28,"02-2024",20000,2024,"2","I",2023,2025,311.022,20423.185498132,9.92442607848118
"1437","11E341133",2024-07-08,"07-2024",82833,2024,"2","I",2023,2025,313.566,83899.4320143128,11.3373741226387
"1438","11E341133",2024-07-10,"07-2024",110500,2024,"2","4",2023,2025,313.566,111922.630323441,11.6255631108809
"1439","11E410460",2024-01-30,"01-2024",84500,2024,"2","X",2023,2025,309.794,86629.997675875,11.369401428056
"1440","11E410570",2024-07-25,"07-2024",132900,2024,"2","X",2023,2025,313.566,134611.018732898,11.8101445556423
"1441","11E410819",2024-03-15,"03-2024",105000,2024,"2","X",2023,2025,312.107,106848.981278856,11.5791717265779
"1442","11E410910",2024-05-16,"05-2024",74000,2024,"2","X",2023,2025,313.14,75054.6784185987,11.2259721724751
"1443","11E411001",2024-04-09,"04-2024",60000,2024,"2","I",2023,2025,313.016,60879.2521788024,11.0166477089319
"1444","11E411076",2024-04-09,"04-2024",60000,2024,"2","I",2023,2025,313.016,60879.2521788024,11.0166477089319
"1445","11E411221",2024-05-02,"05-2024",92500,2024,"2","X",2023,2025,313.14,93818.3480232484,11.4491157237893
"1446","11E411362",2024-01-25,"01-2024",53250,2024,"2","I",2023,2025,309.794,54592.2766418975,10.9076476982824
"1447","11E420096",2024-02-23,"02-2024",80000,2024,"2","I",2023,2025,311.022,81692.7419925279,11.3107204396011
"1448","11E420223",2024-02-02,"02-2024",51000,2024,"2","I",2023,2025,311.022,52079.1230202365,10.8605194376515
"1449","11E420223",2024-03-01,"03-2024",60000,2024,"2","I",2023,2025,312.107,61056.560730775,11.0195559386425
"1450","11E421002",2024-05-23,"05-2024",185000,2024,"2","X",2023,2025,313.14,187636.696046497,12.1422629043493
"1451","11E430242",2024-08-12,"08-2024",160000,2024,"2","X",2023,2025,314.131,161768.434188285,11.9939211730303
"1452","11E430260",2024-08-05,"08-2024",68000,2024,"2","I",2023,2025,314.131,68751.5845300209,11.1382550629726
"1453","11E430444",2024-06-21,"06-2024",47000,2024,"2","Z",2023,2025,313.131,47671.233445427,10.7720834225322
"1454","11E430958",2024-01-10,"01-2024",50000,2024,"2","I",2023,2025,309.794,51260.3536543639,10.844672899121
"1455","11E510634",2024-01-23,"01-2024",65000,2024,"2","I",2023,2025,309.794,66638.459750673,11.1070371635885
"1456","11E520152",2024-09-30,"09-2024",126000,2024,"2","X",2023,2025,314.851,127101.320942287,11.7527398500605
"1457","11E520196",2024-06-03,"06-2024",72420,2024,"2","X",2023,2025,313.131,73454.2707684643,11.2044183251596
"1458","11E520196",2024-06-03,"06-2024",72420,2024,"2","4",2023,2025,313.131,73454.2707684643,11.2044183251596
"1459","11E520451",2024-05-29,"05-2024",91000,2024,"2","X",2023,2025,313.14,92296.9694066552,11.4327665857878
"1460","11E520516",2024-05-30,"05-2024",105000,2024,"2","X",2023,2025,313.14,106496.503161525,11.5758674294285
"1461","11E520561",2024-05-10,"05-2024",95000,2024,"2","I",2023,2025,313.14,96353.9790509037,11.4757839708715
"1462","11E520763",2024-04-01,"04-2024",70000,2024,"2","X",2023,2025,313.016,71025.7942086028,11.1707983887592
"1463","11E530571",2024-06-07,"06-2024",68016,2024,"2","5",2023,2025,313.131,68987.3747664715,11.1416787924386
"1464","11E530609",2024-05-23,"05-2024",72757,2024,"2","5",2023,2025,313.14,73793.9626716485,11.209032200625
"1465","11E530847",2024-04-24,"04-2024",116900,2024,"2","X",2023,2025,313.016,118613.076328367,11.6836220151878
"1466","11E540233",2024-09-10,"09-2024",73000,2024,"2","I",2023,2025,314.851,73638.0668951345,11.2069173842574
"1467","11E610297",2024-11-06,"11-2024",87000,2024,"2","X",2023,2025,316.449,87317.2643933146,11.3773034816495
"1468","11E610835",2024-04-23,"04-2024",32500,2024,"2","I",2023,2025,313.016,32976.2615968513,10.4035432360455
"1469","11E610963",2024-09-18,"09-2024",85000,2024,"2","I",2023,2025,314.851,85742.9546039238,11.3591091995993
"1470","11E611045",2024-02-15,"02-2024",90000,2024,"2","X",2023,2025,311.022,91904.3347415938,11.4285034752575
"1471","11E611089",2024-10-08,"10-2024",58000,2024,"2","I",2023,2025,315.564,58374.7639147685,10.9746389506764
"1472","11E611522",2024-03-18,"03-2024",125000,2024,"2","X",2023,2025,312.107,127201.168189115,11.7535251137227
"1473","11E611595",2024-07-23,"07-2024",55000,2024,"2","I",2023,2025,313.566,55708.0965410791,10.9278807751556
"1474","11E611650",2024-11-04,"11-2024",85000,2024,"2","X",2023,2025,316.449,85309.9709589855,11.3540466194852
"1475","11E620054",2024-09-11,"09-2024",90000,2024,"2","X",2023,2025,314.851,90786.6578159193,11.4162676134393
"1476","11E620142",2024-08-23,"08-2024",81000,2024,"2","I",2023,2025,314.131,81895.269807819,11.313196512469
"1477","11E620241",2024-09-25,"09-2024",87500,2024,"2","X",2023,2025,314.851,88264.8062099215,11.3880967364726
"1478","11E620252",2024-10-16,"10-2024",70000,2024,"2","I",2023,2025,315.564,70452.3012764447,11.1626911821793
"1479","11E620313",2024-03-12,"03-2024",65000,2024,"2","X",2023,2025,312.107,66144.6074583396,11.099598646316
"1480","11E620441",2024-08-27,"08-2024",20000,2024,"2","I",2023,2025,314.131,20221.0542735356,9.9144796313505
"1481","11E620533",2024-04-08,"04-2024",44730,2024,"2","5",2023,2025,313.016,45385.4824992972,10.7229475641546
"1482","11E620533",2024-08-01,"08-2024",55300,2024,"2","I",2023,2025,314.131,55911.2150663258,10.9315202663248
"1483","11E620791",2024-04-29,"04-2024",77000,2024,"2","X",2023,2025,313.016,78128.373629463,11.2661085685635
"1484","11E620854",2024-01-05,"01-2024",62000,2024,"2","X",2023,2025,309.794,63562.8385314112,11.059784278738
"1485","11E620881",2024-01-23,"01-2024",10001,2024,"2","I",2023,2025,309.794,10253.0959379459,9.23533498168726
"1486","11E620973",2024-02-05,"02-2024",57600,2024,"2","I",2023,2025,311.022,58818.7742346201,10.982216372629
"1487","11E620991",2024-04-03,"04-2024",32000,2024,"2","I",2023,2025,313.016,32468.9344953613,10.3880390495095
"1488","11E621297",2024-04-29,"04-2024",85000,2024,"2","X",2023,2025,313.016,86245.6072533033,11.3649544032001
"1489","11E621363",2024-06-20,"06-2024",90000,2024,"2","X",2023,2025,313.131,91285.3406401794,11.4217454911524
"1490","11E621413",2024-02-26,"02-2024",44040,2024,"2","5",2023,2025,311.022,44971.8544668866,10.7137921167817
"1491","11E621431",2024-11-14,"11-2024",21100,2024,"2","5",2023,2025,316.449,21176.9457321717,9.96066840347692
"1492","11E621431",2024-12-06,"12-2024",60000,2024,"2","Z",2023,2025,317.603,60000,11.0020998412042
"1493","11E621633",2024-04-26,"04-2024",77000,2024,"2","I",2023,2025,313.016,78128.373629463,11.2661085685635
"1494","11E621660",2024-07-11,"07-2024",56000,2024,"2","I",2023,2025,313.566,56720.9710236442,10.9458992806583
"1495","11E621752",2024-06-06,"06-2024",73000,2024,"2","I",2023,2025,313.131,74042.5540748122,11.2123952619705
"1496","11E621792",2024-02-08,"02-2024",48000,2024,"2","I",2023,2025,311.022,49015.6451955167,10.7998948158351
"1497","11E630196",2024-07-26,"07-2024",230000,2024,"2","4",2023,2025,313.566,232961.130989967,12.3586268988463
"1498","11E630314",2024-03-14,"03-2024",98000,2024,"2","X",2023,2025,312.107,99725.7158602659,11.5101788550909
"1499","11E630314",2024-10-31,"10-2024",109000,2024,"2","X",2023,2025,315.564,109704.297701892,11.6055438223591
"1500","11E630383",2024-04-17,"04-2024",56500,2024,"2","I",2023,2025,313.016,57327.9624683722,10.9565437848622
"1501","11E630745",2024-06-21,"06-2024",70584,2024,"2","5",2023,2025,313.131,71592.0498194047,11.1787393107419
"1502","11E630763",2024-03-14,"03-2024",106000,2024,"2","I",2023,2025,312.107,107866.590624369,11.5886504705324
"1503","11E630828",2024-09-17,"09-2024",92000,2024,"2","I",2023,2025,314.851,92804.1391007175,11.4382465201581
"1504","11E630956",2024-04-19,"04-2024",43500,2024,"2","I",2023,2025,313.016,44137.4578296317,10.6950640848044
"1505","11E630974",2024-04-12,"04-2024",65000,2024,"2","I",2023,2025,313.016,65952.5231937026,11.0966904166054
"1506","11E631001",2024-04-16,"04-2024",30000,2024,"2","I",2023,2025,313.016,30439.6260894012,10.323500528372
"1507","11E631098",2024-10-23,"10-2024",62500,2024,"2","I",2023,2025,315.564,62903.8404253971,11.0493624968723
"1508","11E631131",2024-05-21,"05-2024",50500,2024,"2","I",2023,2025,313.14,51219.7467586383,10.8438804155523
"1509","11E640012",2024-02-28,"02-2024",127000,2024,"2","X",2023,2025,311.022,129687.227913138,11.7728808913858
"1510","11E640407",2024-07-29,"07-2024",71200,2024,"2","I",2023,2025,313.566,72116.6631586333,11.1860404083411
"1511","11E640407",2024-09-19,"09-2024",95000,2024,"2","X",2023,2025,314.851,95830.3610279148,11.4703348347096
"1512","11E641103",2024-03-15,"03-2024",84275,2024,"2","X",2023,2025,312.107,85759.0275931011,11.3592966375405
"1513","11F120162",2024-09-16,"09-2024",82500,2024,"2","I",2023,2025,314.851,83221.102997926,11.3292562364497
"1514","11F120474",2024-09-03,"09-2024",135000,2024,"2","X",2023,2025,314.851,136179.986723879,11.8217327215474
"1515","11F120483",2024-04-18,"04-2024",130000,2024,"2","X",2023,2025,313.016,131905.046387405,11.7898375971654
"1516","11F120915",2024-10-03,"10-2024",72000,2024,"2","I",2023,2025,315.564,72465.2241700574,11.190862059146
"1517","11F121291",2024-02-01,"02-2024",51000,2024,"2","I",2023,2025,311.022,52079.1230202365,10.8605194376515
"1518","11F121291",2024-07-02,"07-2024",139900,2024,"2","X",2023,2025,313.566,141701.140110854,11.8614754715946
"1519","11F130219",2024-04-03,"04-2024",122000,2024,"2","X",2023,2025,313.016,123787.812763565,11.7263241914431
"1520","11F130310",2024-03-22,"03-2024",105000,2024,"2","X",2023,2025,312.107,106848.981278856,11.5791717265779
"1521","11F130457",2024-03-04,"03-2024",80000,2024,"2","I",2023,2025,312.107,81408.7476410333,11.3072380110943
"1522","11F140412",2024-06-13,"06-2024",174400,2024,"2","X",2023,2025,313.131,176890.704529414,12.083287332297
"1523","11F140458",2024-03-22,"03-2024",75500,2024,"2","I",2023,2025,312.107,76829.5055862252,11.2493440326754
"1524","11F140687",2024-05-17,"05-2024",40800,2024,"2","5",2023,2025,313.14,41381.4983713355,10.6305891606811
"1525","11F210665",2024-05-23,"05-2024",170000,2024,"2","X",2023,2025,313.14,172422.909880565,12.0577055163212
"1526","11F210702",2024-05-29,"05-2024",162000,2024,"2","X",2023,2025,313.14,164308.890592067,12.0095034145033
"1527","11F210812",2024-09-16,"09-2024",150000,2024,"2","X",2023,2025,314.851,151311.096359865,11.9270932372053
"1528","11F211251",2024-11-01,"11-2024",32669,2024,"2","5",2023,2025,316.449,32788.1346030482,10.3978219790179
"1529","11F211282",2024-05-24,"05-2024",144000,2024,"2","X",2023,2025,313.14,146052.347192949,11.891720378847
"1530","11F211435",2024-08-19,"08-2024",130000,2024,"2","X",2023,2025,314.131,131436.852777981,11.7862818082521
"1531","11F220363",2024-08-13,"08-2024",73500,2024,"2","I",2023,2025,314.131,74312.3744552432,11.2160327640153
"1532","11F220437",2024-04-05,"04-2024",53500,2024,"2","5",2023,2025,313.016,54283.9998594321,10.9019848006118
"1533","11F220437",2024-08-05,"08-2024",145000,2024,"2","X",2023,2025,314.131,146602.643483133,11.8954811002171
"1534","11F230061",2024-09-09,"09-2024",18000,2024,"2","I",2023,2025,314.851,18157.3315631839,9.80682970100518
"1535","11F230492",2024-03-05,"03-2024",143000,2024,"2","X",2023,2025,312.107,145518.136408347,11.8880560066803
"1536","11F230722",2024-02-15,"02-2024",55500,2024,"2","I",2023,2025,311.022,56674.3397573162,10.9450768256796
"1537","11F240017",2024-10-18,"10-2024",180000,2024,"2","X",2023,2025,315.564,181163.060425144,12.1071527910202
"1538","11F240091",2024-03-12,"03-2024",151000,2024,"2","Z",2023,2025,312.107,153659.01117245,11.9424912132353
"1539","11F310123",2024-05-15,"05-2024",138000,2024,"2","X",2023,2025,313.14,139966.832726576,11.8491607644282
"1540","11F310765",2024-06-14,"06-2024",123000,2024,"2","X",2023,2025,313.131,124756.632208245,11.7341201761946
"1541","11F310774",2024-02-29,"02-2024",82900,2024,"2","I",2023,2025,311.022,84654.103889757,11.3463288670684
"1542","11F311151",2024-06-24,"06-2024",122000,2024,"2","X",2023,2025,313.131,123742.350645576,11.7259568655554
"1543","11F320243",2024-04-10,"04-2024",51439,2024,"2","4",2023,2025,313.016,52192.7975470902,10.8626997863258
"1544","11F320326",2024-07-29,"07-2024",90000,2024,"2","I",2023,2025,313.566,91158.7034308567,11.4203572602534
"1545","11F320409",2024-03-06,"03-2024",78000,2024,"2","I",2023,2025,312.107,79373.5289500075,11.28192020311
"1546","11F330134",2024-04-10,"04-2024",82500,2024,"2","I",2023,2025,313.016,83708.9717458533,11.3351014400504
"1547","11F330280",2024-03-27,"03-2024",111000,2024,"2","X",2023,2025,312.107,112954.637351934,11.6347415777327
"1548","11F330390",2024-03-21,"03-2024",133400,2024,"2","X",2023,2025,312.107,135749.086691423,11.8185635099019
"1549","11F330464",2024-08-30,"08-2024",148000,2024,"2","X",2023,2025,314.131,149635.801624163,11.9159596315606
"1550","11F330813",2024-07-01,"07-2024",94500,2024,"2","X",2023,2025,313.566,95716.6386023995,11.4691474244228
"1551","11F340117",2024-05-22,"05-2024",174900,2024,"2","X",2023,2025,313.14,177392.746694769,12.0861214612955
"1552","11F340346",2024-09-06,"09-2024",140000,2024,"2","X",2023,2025,314.851,141223.689935874,11.8581003657183
"1553","11F340492",2024-05-22,"05-2024",130000,2024,"2","X",2023,2025,313.14,131852.813438079,11.7894415297265
"1554","11F340520",2024-05-10,"05-2024",71500,2024,"2","I",2023,2025,313.14,72519.0473909433,11.1916045289709
"1555","11F410030",2024-06-05,"06-2024",35000,2024,"2","X",2023,2025,313.131,35499.8546934031,10.4772838823116
"1556","11F410382",2024-09-27,"09-2024",35000,2024,"2","I",2023,2025,314.851,35305.9224839686,10.4718060045984
"1557","11F410654",2024-08-02,"08-2024",99000,2024,"2","X",2023,2025,314.131,100094.218654001,11.5138672079311
"1558","11F410801",2024-08-05,"08-2024",105000,2024,"2","X",2023,2025,314.131,106160.534936062,11.572707707954
"1559","11F410957",2024-11-20,"11-2024",99900,2024,"2","X",2023,2025,316.449,100264.307044737,11.5155650486494
"1560","11F411305",2024-06-12,"06-2024",160000,2024,"2","X",2023,2025,313.131,162285.050026986,11.997109636056
"1561","11F420563",2024-07-24,"07-2024",5990,2024,"2","I",2023,2025,313.566,6067.11815056479,8.71063900205048
"1562","11F420619",2024-07-15,"07-2024",24000,2024,"2","I",2023,2025,313.566,24308.9875815618,10.0986014202711
"1563","11F420967",2024-06-25,"06-2024",3500,2024,"2","4",2023,2025,313.131,3549.98546934031,8.17469878931751
"1564","11F421261",2024-04-17,"04-2024",65000,2024,"2","I",2023,2025,313.016,65952.5231937026,11.0966904166054
"1565","11F421333",2024-02-26,"02-2024",35000,2024,"2","I",2023,2025,311.022,35740.5746217309,10.4840418664166
"1566","11F421470",2024-10-07,"10-2024",20000,2024,"2","I",2023,2025,315.564,20129.2289361271,9.90992821368397
"1567","11F421492",2024-04-03,"04-2024",30000,2024,"2","I",2023,2025,313.016,30439.6260894012,10.323500528372
"1568","11F421957",2024-06-27,"06-2024",68620,2024,"2","X",2023,2025,313.131,69600.0008303234,11.1505198582524
"1569","11F422031",2024-08-27,"08-2024",23000,2024,"2","I",2023,2025,314.131,23254.2124145659,10.0542415737257
"1570","11F430151",2024-07-18,"07-2024",48500,2024,"2","I",2023,2025,313.566,49124.4124044061,10.8021113878666
"1571","11F430308",2024-05-30,"05-2024",195000,2024,"2","X",2023,2025,313.14,197779.220157118,12.1949066378347
"1572","11F431206",2024-03-15,"03-2024",112000,2024,"2","X",2023,2025,312.107,113972.246697447,11.6437102477155
"1573","11F431435",2024-03-26,"03-2024",135000,2024,"2","X",2023,2025,312.107,137377.261644244,11.8304861548588
"1574","11F440244",2024-08-22,"08-2024",31000,2024,"2","I",2023,2025,314.131,31342.6341239801,10.3527345622817
"1575","11F440813",2024-07-18,"07-2024",55000,2024,"2","X",2023,2025,313.566,55708.0965410791,10.9278807751556
"1576","11F441061",2024-10-01,"10-2024",85000,2024,"2","X",2023,2025,315.564,85549.22297854,11.3568471966203
"1577","11F441124",2024-08-21,"08-2024",15000,2024,"2","I",2023,2025,314.131,15165.7907051517,9.62679755889872
"1578","11F441629",2024-09-18,"09-2024",70000,2024,"2","X",2023,2025,314.851,70611.8449679372,11.1649531851584
"1579","11F441858",2024-08-01,"08-2024",45000,2024,"2","X",2023,2025,314.131,45497.372115455,10.7254098475668
"1580","11F442073",2024-03-05,"03-2024",71500,2024,"2","X",2023,2025,312.107,72759.0682041736,11.1949088261203
"1581","11F510383",2024-02-08,"02-2024",14600,2024,"2","5",2023,2025,311.022,14908.9254136363,9.60971533364148
"1582","11F510543",2024-10-21,"10-2024",25000,2024,"2","I",2023,2025,315.564,25161.5361701588,10.1330717649982
"1583","11F510938",2024-06-10,"06-2024",20000,2024,"2","I",2023,2025,313.131,20285.6312533732,9.91766809437613
"1584","11F511524",2024-04-03,"04-2024",25000,2024,"2","I",2023,2025,313.016,25366.355074501,10.141178971578
"1585","11F511582",2024-04-03,"04-2024",25000,2024,"2","I",2023,2025,313.016,25366.355074501,10.141178971578
"1586","11F530062",2024-07-12,"07-2024",107000,2024,"2","X",2023,2025,313.566,108377.569634463,11.593376424385
"1587","11F530774",2024-11-19,"11-2024",44400,2024,"2","I",2023,2025,316.449,44561.9142421054,10.7046348324331
"1588","11F531085",2024-08-26,"08-2024",25000,2024,"2","I",2023,2025,314.131,25276.3178419195,10.1376231826647
"1589","11F531096",2024-02-07,"02-2024",7500,2024,"2","5",2023,2025,311.022,7658.69456179949,8.94359682546945
"1590","11F531663",2024-03-25,"03-2024",103500,2024,"2","X",2023,2025,312.107,105322.567260587,11.5647829891258
"1591","11F540225",2024-11-12,"11-2024",90000,2024,"2","X",2023,2025,316.449,90328.2045448082,11.4112050333252
"1592","11F610571",2024-04-02,"04-2024",140000,2024,"2","X",2023,2025,313.016,142051.588417206,11.8639455693191
"1593","11F610670",2024-03-06,"03-2024",1e+05,2024,"2","X",2023,2025,312.107,101760.934551292,11.5303815624085
"1594","11F610692",2024-06-18,"06-2024",62480,2024,"2","4",2023,2025,313.131,63372.3120355379,11.0567823263536
"1595","11F610928",2024-04-09,"04-2024",60000,2024,"2","I",2023,2025,313.016,60879.2521788024,11.0166477089319
"1596","11F611022",2024-04-09,"04-2024",72500,2024,"2","I",2023,2025,313.016,73562.4297160529,11.2058897085704
"1597","11F611101",2024-07-25,"07-2024",10000,2024,"2","5",2023,2025,313.566,10128.7448256507,9.22313268291717
"1598","11F611187",2024-04-03,"04-2024",125000,2024,"2","X",2023,2025,313.016,126831.775372505,11.7506168840121
"1599","11F611330",2024-03-20,"03-2024",45000,2024,"2","I",2023,2025,312.107,45792.4205480813,10.7318738661907
"1600","11F611330",2024-07-23,"07-2024",1e+05,2024,"2","X",2023,2025,313.566,101287.448256507,11.5257177759112
"1601","11F620103",2024-08-22,"08-2024",50000,2024,"2","I",2023,2025,314.131,50552.6356838389,10.8307703632247
"1602","11F620196",2024-01-29,"01-2024",55000,2024,"2","I",2023,2025,309.794,56386.3890198003,10.9399830789253
"1603","11F620507",2024-02-27,"02-2024",75000,2024,"2","4",2023,2025,311.022,76586.9456179949,11.2461819184635
"1604","11F620745",2024-01-08,"01-2024",126500,2024,"2","X",2023,2025,309.794,129688.694745541,11.7728922018605
"1605","11F620790",2024-08-16,"08-2024",120000,2024,"2","X",2023,2025,314.131,121326.325641213,11.7062391005786
"1606","11F621043",2024-09-16,"09-2024",102500,2024,"2","I",2023,2025,314.851,103395.915845908,11.5463207416875
"1607","11F621296",2024-02-22,"02-2024",125000,2024,"2","X",2023,2025,311.022,127644.909363325,11.7570075422295
"1608","11F621340",2024-03-05,"03-2024",132000,2024,"2","X",2023,2025,312.107,134324.433607705,11.8080132990067
"1609","11F621432",2024-02-28,"02-2024",128000,2024,"2","X",2023,2025,311.022,130708.387188045,11.7807240688468
"1610","11F621450",2024-06-24,"06-2024",109000,2024,"2","X",2023,2025,313.131,110556.690330884,11.6132837030513
"1611","11F621726",2024-04-25,"04-2024",86325,2024,"2","5",2023,2025,313.016,87590.0240722519,11.3804223899859
"1612","11F621854",2024-03-18,"03-2024",114995,2024,"2","X",2023,2025,312.107,117019.986687258,11.6701000255775
"1613","11F630113",2024-03-19,"03-2024",118000,2024,"2","X",2023,2025,312.107,120077.902770524,11.695896000886
"1614","11F630131",2024-10-16,"10-2024",46100,2024,"2","5",2023,2025,315.564,46397.8726977729,10.7450088901326
"1615","11F630425",2024-08-01,"08-2024",107052,2024,"2","5",2023,2025,314.131,108235.215104526,11.5920620555162
"1616","11F630791",2024-07-19,"07-2024",65000,2024,"2","I",2023,2025,313.566,65836.8413667298,11.0949348598188
"1617","11F640172",2024-01-09,"01-2024",119700,2024,"2","X",2023,2025,309.794,122717.286648547,11.7176385062568
"1618","11F640435",2024-03-21,"03-2024",87000,2024,"2","X",2023,2025,312.107,88532.0130596238,11.391119495075
"1619","11F640600",2024-03-29,"03-2024",45000,2024,"2","I",2023,2025,312.107,45792.4205480813,10.7318738661907
"1620","11F640866",2024-05-29,"05-2024",135000,2024,"2","X",2023,2025,313.14,136924.07549339,11.8271818577094
"1621","11F640985",2024-02-06,"02-2024",1e+05,2024,"2","X",2023,2025,311.022,102115.92749066,11.5338639909153
"1622","11G110061",2024-10-07,"10-2024",160000,2024,"2","X",2023,2025,315.564,161033.831489017,11.9893697553638
"1623","11G110373",2024-06-11,"06-2024",93000,2024,"2","X",2023,2025,313.131,94328.1853281854,11.4545353139754
"1624","11G110612",2024-09-05,"09-2024",66000,2024,"2","I",2023,2025,314.851,66576.8823983408,11.1061126851354
"1625","11G110832",2024-09-04,"09-2024",42500,2024,"2","I",2023,2025,314.851,42871.4773019619,10.6659620190394
"1626","11G110841",2024-03-22,"03-2024",37000,2024,"2","I",2023,2025,312.107,37651.5457839779,10.5361292890646
"1627","11G110841",2024-09-12,"09-2024",145000,2024,"2","X",2023,2025,314.851,146267.39314787,11.8931916855296
"1628","11G120127",2024-10-09,"10-2024",1e+05,2024,"2","X",2023,2025,315.564,100646.144680635,11.5193661261181
"1629","11G120154",2024-10-09,"10-2024",40000,2024,"2","I",2023,2025,315.564,40258.4578722541,10.6030753942439
"1630","11G120237",2024-09-24,"09-2024",120000,2024,"2","I",2023,2025,314.851,121048.877087892,11.7039496858911
"1631","11G120411",2024-05-10,"05-2024",118500,2024,"2","X",2023,2025,313.14,120188.910710864,11.6968200398461
"1632","11G120448",2024-04-30,"04-2024",89500,2024,"2","X",2023,2025,313.016,90811.5511667135,11.4165417719906
"1633","11G120512",2024-11-01,"11-2024",115000,2024,"2","I",2023,2025,316.449,115419.372473922,11.6563274913581
"1634","11G120530",2024-05-20,"05-2024",20000,2024,"2","I",2023,2025,313.14,20285.0482212429,9.91763935282495
"1635","11G120604",2024-10-11,"10-2024",90000,2024,"2","X",2023,2025,315.564,90581.5302125718,11.4140056104602
"1636","11G120741",2024-09-10,"09-2024",78000,2024,"2","X",2023,2025,314.851,78681.77010713,11.2731667697986
"1637","11G120916",2024-03-26,"03-2024",22500,2024,"2","I",2023,2025,312.107,22896.2102740406,10.0387266856307
"1638","11G121153",2024-08-26,"08-2024",40000,2024,"2","I",2023,2025,314.131,40442.1085470711,10.6076268119104
"1639","11G121153",2024-08-30,"08-2024",40000,2024,"2","5",2023,2025,314.131,40442.1085470711,10.6076268119104
"1640","11G121355",2024-07-16,"07-2024",26000,2024,"2","I",2023,2025,313.566,26334.7365466919,10.1786441279446
"1641","11G121401",2024-09-18,"09-2024",50000,2024,"2","I",2023,2025,314.851,50437.0321199551,10.8284809485372
"1642","11G121483",2024-03-08,"03-2024",82100,2024,"2","X",2023,2025,312.107,83545.7272666105,11.3331493928788
"1643","11G130036",2024-08-13,"08-2024",99999,2024,"2","X",2023,2025,314.131,101104.260314964,11.5239075437346
"1644","11G130081",2024-02-08,"02-2024",192500,2024,"2","X",2023,2025,311.022,196573.16041952,12.188789958655
"1645","11G130238",2024-01-10,"01-2024",109000,2024,"2","X",2023,2025,309.794,111747.570966513,11.623997775922
"1646","11G130247",2024-07-30,"07-2024",105000,2024,"2","X",2023,2025,313.566,106351.820669333,11.5745079400806
"1647","11G130421",2024-02-28,"02-2024",77500,2024,"2","X",2023,2025,311.022,79139.8438052614,11.2789717412865
"1648","11G130669",2024-09-24,"09-2024",129900,2024,"2","X",2023,2025,314.851,131035.409447643,11.7832228667856
"1649","11G131008",2024-09-06,"09-2024",330000,2024,"1","P",2023,2025,314.851,332884.411991704,12.7155505975695
"1650","11G140082",2024-10-17,"10-2024",82000,2024,"2","I",2023,2025,315.564,82529.838638121,11.3209151873942
"1651","11G140239",2024-07-01,"07-2024",105000,2024,"2","X",2023,2025,313.566,106351.820669333,11.5745079400806
"1652","11G140275",2024-06-26,"06-2024",59000,2024,"2","X",2023,2025,313.131,59842.6121974509,10.9994732647279
"1653","11G140358",2024-08-14,"08-2024",119000,2024,"2","X",2023,2025,314.131,120315.272927537,11.697870850908
"1654","11G140440",2024-10-04,"10-2024",24000,2024,"2","I",2023,2025,315.564,24155.0747233525,10.0922497704779
"1655","11G140495",2024-03-18,"03-2024",70000,2024,"2","I",2023,2025,312.107,71232.6541859042,11.1737066184697
"1656","11G140615",2024-02-16,"02-2024",17000,2024,"2","I",2023,2025,311.022,17359.7076734122,9.7619071489834
"1657","11G140899",2024-05-21,"05-2024",74000,2024,"2","X",2023,2025,313.14,75054.6784185987,11.2259721724751
"1658","11G140927",2024-10-10,"10-2024",83000,2024,"2","X",2023,2025,315.564,83536.3000849273,11.3330365479266
"1659","11G141155",2024-02-05,"02-2024",120000,2024,"2","X",2023,2025,311.022,122539.112988792,11.7161855477092
"1660","11G210033",2024-01-24,"01-2024",105000,2024,"2","X",2023,2025,309.794,107646.742674164,11.5866102438504
"1661","11G210152",2024-05-29,"05-2024",110000,2024,"2","X",2023,2025,313.14,111567.765216836,11.6223874450634
"1662","11G210730",2024-06-07,"06-2024",110000,2024,"2","X",2023,2025,313.131,111570.971893553,11.6224161866146
"1663","11G211317",2024-09-06,"09-2024",54000,2024,"2","I",2023,2025,314.851,54471.9946895516,10.9054419896733
"1664","11G211472",2024-06-06,"06-2024",60000,2024,"2","I",2023,2025,313.131,60856.8937601196,11.0162803830442
"1665","11G220869",2024-03-11,"03-2024",30001,2024,"2","I",2023,2025,312.107,30529.297974733,10.3264420908603
"1666","11G220960",2024-03-29,"03-2024",61000,2024,"2","I",2023,2025,312.107,62074.1700762879,11.0360852405937
"1667","11G221253",2024-03-29,"03-2024",160000,2024,"2","X",2023,2025,312.107,162817.495282067,12.0003851916542
"1668","11G230035",2024-01-16,"01-2024",132000,2024,"2","X",2023,2025,309.794,135327.333647521,11.8154518162792
"1669","11G230163",2024-06-04,"06-2024",1e+05,2024,"2","I",2023,2025,313.131,101428.156266866,11.5271060068102
"1670","11G230705",2024-08-28,"08-2024",39000,2024,"2","I",2023,2025,314.131,39431.0558333943,10.5823090039262
"1671","11G230714",2024-03-15,"03-2024",74900,2024,"2","5",2023,2025,312.107,76218.9399789175,11.2413652669435
"1672","11G230714",2024-04-01,"04-2024",74900,2024,"2","Z",2023,2025,313.016,75997.599803205,11.238457037233
"1673","11G240412",2024-07-09,"07-2024",48000,2024,"2","I",2023,2025,313.566,48617.9751631236,10.791748600831
"1674","11G240559",2024-09-19,"09-2024",72800,2024,"2","4",2023,2025,314.851,73436.3187666547,11.2041738983117
"1675","11G240898",2024-03-12,"03-2024",22605,2024,"2","I",2023,2025,312.107,23003.0592553195,10.0433824971669
"1676","11G240908",2024-08-13,"08-2024",80000,2024,"2","X",2023,2025,314.131,80884.2170941423,11.3007739924704
"1677","11G240917",2024-02-08,"02-2024",32000,2024,"2","I",2023,2025,311.022,32677.0967970111,10.3944297077269
"1678","11G310083",2024-09-26,"09-2024",50500,2024,"2","I",2023,2025,314.851,50941.4024411547,10.8384312793903
"1679","11G310207",2024-08-09,"08-2024",25000,2024,"2","I",2023,2025,314.131,25276.3178419195,10.1376231826647
"1680","11G310683",2024-04-23,"04-2024",165000,2024,"2","I",2023,2025,313.016,167417.943491707,12.0282486206104
"1681","11G310959",2024-03-08,"03-2024",20000,2024,"2","I",2023,2025,312.107,20352.1869102583,9.92094364997436
"1682","11G320318",2024-07-16,"07-2024",56430,2024,"2","5",2023,2025,313.566,57156.5070511471,10.9535485219042
"1683","11G410307",2024-05-20,"05-2024",135900,2024,"2","X",2023,2025,313.14,137836.902663345,11.8338264004281
"1684","11G410334",2024-01-19,"01-2024",160000,2024,"2","I",2023,2025,309.794,164033.131693964,12.0078237089267
"1685","11G420023",2024-03-07,"03-2024",132500,2024,"2","X",2023,2025,312.107,134833.238280461,11.8117940218466
"1686","11G420490",2024-05-10,"05-2024",71500,2024,"2","I",2023,2025,313.14,72519.0473909433,11.1916045289709
"1687","11G420876",2024-06-25,"06-2024",86000,2024,"2","I",2023,2025,313.131,87228.2143895047,11.3762831170756
"1688","11G420904",2024-06-25,"06-2024",55000,2024,"2","I",2023,2025,313.131,55785.4859467763,10.9292690060546
"1689","11G421194",2024-11-06,"11-2024",143000,2024,"2","X",2023,2025,316.449,143521.480554529,11.8742399932548
"1690","11G421271",2024-11-12,"11-2024",122000,2024,"2","X",2023,2025,316.449,122444.899494073,11.7154164077282
"1691","11G440081",2024-02-01,"02-2024",49000,2024,"2","I",2023,2025,311.022,50036.8044704233,10.8205141030378
"1692","11G440391",2024-01-29,"01-2024",81750,2024,"2","5",2023,2025,309.794,83810.6782248849,11.3363157034702
"1693","11G440391",2024-08-26,"08-2024",48711,2024,"2","Z",2023,2025,314.131,49249.3887359095,10.8046522350696
"1694","11G440841",2024-09-11,"09-2024",165000,2024,"2","X",2023,2025,314.851,166442.205995852,12.0224034170096
"1695","11G440878",2024-05-29,"05-2024",25000,2024,"2","I",2023,2025,313.14,25356.3102765536,10.1407829041392
"1696","11G441107",2024-04-08,"04-2024",107500,2024,"2","X",2023,2025,313.016,109075.326820354,11.5997939942775
"1697","11G510672",2024-09-18,"09-2024",72000,2024,"2","I",2023,2025,314.851,72629.3262527354,11.1931240621251
"1698","11G520471",2024-05-21,"05-2024",49700,2024,"2","X",2023,2025,313.14,50408.3448297886,10.8279120123735
"1699","11G520509",2024-02-26,"02-2024",82500,2024,"2","X",2023,2025,311.022,84245.6401797944,11.3414920982678
"1700","11G520509",2024-02-28,"02-2024",82500,2024,"2","4",2023,2025,311.022,84245.6401797944,11.3414920982678
"1701","11G520554",2024-02-07,"02-2024",9220,2024,"2","5",2023,2025,311.022,9415.08851463884,9.15006884249569
"1702","11G520949",2024-05-29,"05-2024",75000,2024,"2","X",2023,2025,313.14,76068.9308296609,11.2393951928073
"1703","11G520994",2024-06-06,"06-2024",55000,2024,"2","I",2023,2025,313.131,55785.4859467763,10.9292690060546
"1704","11G530317",2024-07-09,"07-2024",38000,2024,"2","I",2023,2025,313.566,38489.2303374728,10.5581337496495
"1705","11G530371",2024-01-26,"01-2024",156000,2024,"2","X",2023,2025,309.794,159932.303401615,11.9825059009424
"1706","11G530427",2024-03-29,"03-2024",104150,2024,"2","X",2023,2025,312.107,105984.01333517,11.5710435441274
"1707","11G530519",2024-01-02,"01-2024",96000,2024,"2","X",2023,2025,309.794,98419.8790163786,11.4969980851607
"1708","11G530610",2024-05-13,"05-2024",58000,2024,"2","X",2023,2025,313.14,58826.6398416044,10.9823500898174
"1709","11G540024",2024-06-04,"06-2024",51500,2024,"2","I",2023,2025,313.131,52235.500477436,10.8635176284918
"1710","11G540226",2024-07-29,"07-2024",38000,2024,"2","I",2023,2025,313.566,38489.2303374728,10.5581337496495
"1711","11G540291",2024-08-19,"08-2024",54500,2024,"2","X",2023,2025,314.131,55102.3728953844,10.9169480594657
"1712","11G540491",2024-10-02,"10-2024",65000,2024,"2","X",2023,2025,315.564,65419.994042413,11.0885832100256
"1713","11G540712",2024-01-04,"01-2024",28500,2024,"2","I",2023,2025,309.794,29218.4015829874,10.2825539809675
"1714","11G540758",2024-10-03,"10-2024",86000,2024,"2","X",2023,2025,315.564,86555.6844253464,11.3685432363835
"1715","11G540794",2024-03-04,"03-2024",129000,2024,"2","X",2023,2025,312.107,131271.605571166,11.785023780782
"1716","11G540804",2024-06-28,"06-2024",115000,2024,"2","X",2023,2025,313.131,116642.379706896,11.6668679491854
"1717","11G540987",2024-04-22,"04-2024",105000,2024,"2","X",2023,2025,313.016,106538.691312904,11.5762634968673
"1718","11G541115",2024-06-05,"06-2024",135000,2024,"2","X",2023,2025,313.131,136928.010960269,11.8272105992606
"1719","11G541193",2024-05-15,"05-2024",137500,2024,"2","X",2023,2025,313.14,139459.706521045,11.8455309963776
"1720","11G610020",2024-05-08,"05-2024",35638,2024,"2","I",2023,2025,313.14,36145.9274254327,10.4953195635762
"1721","11G610222",2024-01-05,"01-2024",89500,2024,"2","X",2023,2025,309.794,91756.0330413113,11.4268885189737
"1722","11G610372",2024-09-18,"09-2024",70000,2024,"2","I",2023,2025,314.851,70611.8449679372,11.1649531851584
"1723","11G610394",2024-08-21,"08-2024",83000,2024,"2","I",2023,2025,314.131,83917.3752351726,11.3375879655931
"1724","11G610671",2024-07-03,"07-2024",108200,2024,"2","I",2023,2025,313.566,109593.019013541,11.6045289563355
"1725","11G610718",2024-03-11,"03-2024",94900,2024,"2","I",2023,2025,312.107,96571.1268891758,11.4780350820363
"1726","11G610855",2024-09-12,"09-2024",75000,2024,"2","I",2023,2025,314.851,75655.5481799327,11.2339460566453
"1727","11G611331",2024-02-07,"02-2024",8970,2024,"2","5",2023,2025,311.022,9159.79869591219,9.12257948099789
"1728","11G620012",2024-08-08,"08-2024",102000,2024,"2","4",2023,2025,314.131,103127.376795031,11.5437201710808
"1729","11G620241",2024-05-20,"05-2024",58000,2024,"2","I",2023,2025,313.14,58826.6398416044,10.9823500898174
"1730","11G630352",2024-11-21,"11-2024",30000,2024,"2","I",2023,2025,316.449,30109.4015149361,10.312592744657
"1731","11G630572",2024-06-13,"06-2024",62000,2024,"2","I",2023,2025,313.131,62885.4568854569,11.0490702058672
"1732","11G630783",2024-09-05,"09-2024",155000,2024,"2","X",2023,2025,314.851,156354.799571861,11.9598830600283
"1733","11H110723",2024-10-04,"10-2024",132000,2024,"2","X",2023,2025,315.564,132852.910978439,11.7969978627164
"1734","11H120027",2024-05-02,"05-2024",110000,2024,"2","I",2023,2025,313.14,111567.765216836,11.6223874450634
"1735","11H120366",2024-08-05,"08-2024",275000,2024,"2","X",2023,2025,314.131,278039.496261114,12.5355184554631
"1736","11H120953",2024-04-17,"04-2024",172500,2024,"2","X",2023,2025,313.016,175027.850014057,12.0727003831812
"1737","11H130019",2024-10-10,"10-2024",58000,2024,"2","I",2023,2025,315.564,58374.7639147685,10.9746389506764
"1738","11H130349",2024-07-08,"07-2024",167000,2024,"2","X",2023,2025,313.566,169150.038588367,12.0385414023399
"1739","11H130422",2024-06-17,"06-2024",206200,2024,"2","X",2023,2025,313.131,209144.858222278,12.250782392405
"1740","11H130505",2024-02-27,"02-2024",230000,2024,"2","X",2023,2025,311.022,234866.633228518,12.3667731138504
"1741","11H130550",2024-07-09,"07-2024",143500,2024,"2","X",2023,2025,313.566,145347.488248088,11.8868826251228
"1742","11H130716",2024-02-22,"02-2024",83000,2024,"2","I",2023,2025,311.022,84756.2198172477,11.3475344127238
"1743","11H130770",2024-04-25,"04-2024",98000,2024,"2","X",2023,2025,313.016,99436.1118920439,11.5072706253804
"1744","11H130798",2024-01-12,"01-2024",25000,2024,"2","I",2023,2025,309.794,25630.1768271819,10.1515257185611
"1745","11H140276",2024-04-25,"04-2024",215500,2024,"2","X",2023,2025,313.016,218657.980742199,12.2952640562536
"1746","11H140735",2024-08-23,"08-2024",143000,2024,"2","X",2023,2025,314.131,144580.538055779,11.8815919880564
"1747","11H210209",2024-06-20,"06-2024",84950,2024,"2","I",2023,2025,313.131,86163.2187487026,11.3639986689401
"1748","11H210263",2024-09-10,"09-2024",96200,2024,"2","5",2023,2025,314.851,97040.8497987937,11.4828873007807
"1749","11H210649",2024-08-13,"08-2024",216000,2024,"2","X",2023,2025,314.131,218387.386154184,12.2940257654807
"1750","11H211024",2024-05-16,"05-2024",151000,2024,"2","X",2023,2025,313.14,153152.114070384,11.9391869160859
"1751","11H220071",2024-05-23,"05-2024",119000,2024,"2","X",2023,2025,313.14,120696.036916395,11.7010305723825
"1752","11H220237",2024-09-04,"09-2024",120000,2024,"2","X",2023,2025,314.851,121048.877087892,11.7039496858911
"1753","11H220989",2024-05-03,"05-2024",145000,2024,"2","X",2023,2025,313.14,147066.599604011,11.8986408216915
"1754","11H230256",2024-09-09,"09-2024",145000,2024,"2","X",2023,2025,314.851,146267.39314787,11.8931916855296
"1755","11H230733",2024-03-08,"03-2024",33500,2024,"2","I",2023,2025,312.107,34089.9130746827,10.4367568152514
"1756","11H231136",2024-11-13,"11-2024",45000,2024,"2","I",2023,2025,316.449,45164.1022724041,10.7180578527652
"1757","11H231448",2024-08-21,"08-2024",30000,2024,"2","I",2023,2025,314.131,30331.5814103033,10.3199447394587
"1758","11H231677",2024-05-13,"05-2024",47000,2024,"2","I",2023,2025,313.14,47669.8633199208,10.772054680981
"1759","11H240394",2024-01-25,"01-2024",115000,2024,"2","X",2023,2025,309.794,117898.813405037,11.6775820220561
"1760","11H240550",2024-08-26,"08-2024",130000,2024,"2","X",2023,2025,314.131,131436.852777981,11.7862818082521
"1761","11H240963",2024-04-26,"04-2024",94000,2024,"2","X",2023,2025,313.016,95377.4950801237,11.4655979289798
"1762","11H241063",2024-10-08,"10-2024",124900,2024,"2","X",2023,2025,315.564,125707.034706113,11.7417093572615
"1763","11H310354",2024-01-18,"01-2024",120000,2024,"2","X",2023,2025,309.794,123024.848770473,11.7201416364749
"1764","11H310372",2024-09-09,"09-2024",80000,2024,"2","I",2023,2025,314.851,80699.2513919282,11.2984845777829
"1765","11H310455",2024-10-30,"10-2024",118000,2024,"2","X",2023,2025,315.564,118762.45072315,11.6848805645956
"1766","11H310602",2024-02-22,"02-2024",127350,2024,"2","X",2023,2025,311.022,130044.633659355,11.7756330063527
"1767","11H310675",2024-05-24,"05-2024",122900,2024,"2","X",2023,2025,313.14,124651.621319538,11.7332780958429
"1768","11H310877",2024-01-23,"01-2024",135000,2024,"2","X",2023,2025,309.794,138402.954866782,11.8379246721313
"1769","11H320126",2024-07-02,"07-2024",122000,2024,"2","X",2023,2025,313.566,123570.686872939,11.7245686346564
"1770","11H330228",2024-08-13,"08-2024",136000,2024,"2","X",2023,2025,314.131,137503.169060042,11.8314022435326
"1771","11H330558",2024-08-29,"08-2024",30000,2024,"2","I",2023,2025,314.131,30331.5814103033,10.3199447394587
"1772","11H331061",2024-06-14,"06-2024",190000,2024,"2","X",2023,2025,313.131,192713.496907045,12.1689598929826
"1773","11H340090",2024-06-21,"06-2024",25000,2024,"2","I",2023,2025,313.131,25357.0390667165,10.1408116456903
"1774","11H340146",2024-05-13,"05-2024",33001,2024,"2","5",2023,2025,313.14,33471.3438174618,10.4184449433086
"1775","11H340632",2024-07-22,"07-2024",90000,2024,"2","I",2023,2025,313.566,91158.7034308567,11.4203572602534
"1776","11H340861",2024-11-07,"11-2024",60000,2024,"2","I",2023,2025,316.449,60218.8030298721,11.005739925217
"1777","11H341118",2024-04-16,"04-2024",85273,2024,"2","5",2023,2025,313.016,86522.6078507169,11.3681610212068
"1778","11H410391",2024-03-07,"03-2024",215000,2024,"2","X",2023,2025,312.107,218786.009285277,12.295849404548
"1779","11H410537",2024-03-25,"03-2024",145000,2024,"2","X",2023,2025,312.107,147553.355099373,11.9019451188409
"1780","11H410546",2024-01-17,"01-2024",95000,2024,"2","I",2023,2025,309.794,97394.6719432914,11.4865267852934
"1781","11H410775",2024-05-28,"05-2024",197000,2024,"2","X",2023,2025,313.14,199807.724979243,12.2051108080089
"1782","11H410867",2024-04-24,"04-2024",162000,2024,"2","X",2023,2025,313.016,164373.980882766,12.0098994819422
"1783","11H411132",2024-01-26,"01-2024",99000,2024,"2","X",2023,2025,309.794,101495.50023564,11.5277697438275
"1784","11H420051",2024-04-09,"04-2024",92000,2024,"2","I",2023,2025,313.016,93348.1866741636,11.4440917237589
"1785","11H420181",2024-03-06,"03-2024",130000,2024,"2","X",2023,2025,312.107,132289.214916679,11.792745826876
"1786","11H420291",2024-08-08,"08-2024",25000,2024,"2","I",2023,2025,314.131,25276.3178419195,10.1376231826647
"1787","11H420428",2024-08-08,"08-2024",113000,2024,"2","X",2023,2025,314.131,114248.956645476,11.6461351765089
"1788","11H420464",2024-08-08,"08-2024",117000,2024,"2","X",2023,2025,314.131,118293.167500183,11.6809212925943
"1789","11H420639",2024-08-07,"08-2024",110000,2024,"2","X",2023,2025,314.131,111215.798504446,11.6192277235889
"1790","11H421171",2024-08-14,"08-2024",114500,2024,"2","X",2023,2025,314.131,115765.535715991,11.6593221807908
"1791","11H430364",2024-04-17,"04-2024",119000,2024,"2","I",2023,2025,313.016,120743.850154625,11.7014266398213
"1792","11H430382",2024-03-05,"03-2024",12500,2024,"2","I",2023,2025,312.107,12720.1168189115,9.45094002072863
"1793","11H430557",2024-03-15,"03-2024",310000,2024,"2","X",2023,2025,312.107,315458.897109004,12.6617836738996
"1794","11H430612",2024-03-05,"03-2024",220000,2024,"2","X",2023,2025,312.107,223874.056012842,12.3188389227727
"1795","11H440035",2024-01-08,"01-2024",130000,2024,"2","X",2023,2025,309.794,133276.919501346,11.8001843441485
"1796","11H440062",2024-06-24,"06-2024",235000,2024,"2","X",2023,2025,313.131,238356.167227135,12.3815213349663
"1797","11H510031",2024-10-24,"10-2024",102000,2024,"2","X",2023,2025,315.564,102659.067574248,11.5391687534143
"1798","11H510655",2024-02-23,"02-2024",134000,2024,"2","X",2023,2025,311.022,136835.342837484,11.8265336048781
"1799","11H510691",2024-10-08,"10-2024",63000,2024,"2","I",2023,2025,315.564,63407.0711488002,11.0573306665215
"1800","11H510710",2024-08-22,"08-2024",65000,2024,"2","Z",2023,2025,314.131,65718.4263889906,11.0931346276921
"1801","11H510994",2024-05-23,"05-2024",82500,2024,"2","X",2023,2025,313.14,83675.8239126269,11.3347053726116
"1802","11H511223",2024-06-27,"06-2024",115000,2024,"2","X",2023,2025,313.131,116642.379706896,11.6668679491854
"1803","11H520270",2024-05-28,"05-2024",110000,2024,"2","X",2023,2025,313.14,111567.765216836,11.6223874450634
"1804","11H520380",2024-07-01,"07-2024",48000,2024,"2","I",2023,2025,313.566,48617.9751631236,10.791748600831
"1805","11H520656",2024-10-24,"10-2024",43000,2024,"2","I",2023,2025,315.564,43277.8422126732,10.6753960558235
"1806","11H520830",2024-05-14,"05-2024",67000,2024,"2","I",2023,2025,313.14,67954.9115411637,11.1265996986619
"1807","11H521031",2024-02-02,"02-2024",127000,2024,"2","X",2023,2025,311.022,129687.227913138,11.7728808913858
"1808","11H521408",2024-03-05,"03-2024",150000,2024,"2","X",2023,2025,312.107,152641.401826938,11.9358466705166
"1809","11H540355",2024-02-07,"02-2024",165000,2024,"2","X",2023,2025,311.022,168491.280359589,12.0346392788278
"1810","11H540704",2024-02-07,"02-2024",114500,2024,"2","I",2023,2025,311.022,116922.736976806,11.6692686279215
"1811","11H540704",2024-05-29,"05-2024",189900,2024,"2","X",2023,2025,313.14,192606.532860701,12.1684046970892
"1812","11H610232",2024-08-21,"08-2024",219900,2024,"2","X",2023,2025,314.131,222330.491737524,12.3119202553572
"1813","11H610407",2024-04-11,"04-2024",190000,2024,"2","X",2023,2025,313.016,192784.298566207,12.1693272188703
"1814","11H620172",2024-08-07,"08-2024",47500,2024,"2","I",2023,2025,314.131,48025.003899647,10.7794770688371
"1815","11H630193",2024-07-25,"07-2024",150000,2024,"2","X",2023,2025,313.566,151931.172384761,11.9311828840194
"1816","11H630243",2024-08-26,"08-2024",1e+05,2024,"2","Z",2023,2025,314.131,101105.271367678,11.5239175437846
"1817","11H640107",2024-04-11,"04-2024",180000,2024,"2","X",2023,2025,313.016,182637.756536407,12.1152599976
"1818","11H640291",2024-06-12,"06-2024",81500,2024,"2","Z",2023,2025,313.131,82663.9473574958,11.322538841069
"1819","11J111101",2024-04-12,"04-2024",67000,2024,"2","X",2023,2025,313.016,67981.8315996626,11.1269957661008
"1820","11J111707",2024-06-18,"06-2024",35000,2024,"2","I",2023,2025,313.131,35499.8546934031,10.4772838823116
"1821","11J120433",2024-01-10,"01-2024",70500,2024,"2","X",2023,2025,309.794,72277.0986526531,11.1882626035111
"1822","11J120837",2024-05-16,"05-2024",104999,2024,"2","X",2023,2025,313.14,106495.488909114,11.5758579055736
"1823","11J121001",2024-03-19,"03-2024",70000,2024,"2","X",2023,2025,312.107,71232.6541859042,11.1737066184697
"1824","11J130162",2024-03-04,"03-2024",75000,2024,"2","X",2023,2025,312.107,76320.7009134688,11.2426994899567
"1825","11J130173",2024-11-08,"11-2024",90000,2024,"2","X",2023,2025,316.449,90328.2045448082,11.4112050333252
"1826","11J130948",2024-10-21,"10-2024",30000,2024,"2","F",2023,2025,315.564,30193.8434041906,10.3153933217921
"1827","11J131415",2024-09-30,"09-2024",50000,2024,"2","I",2023,2025,314.851,50437.0321199551,10.8284809485372
"1828","11J131482",2024-02-06,"02-2024",65000,2024,"2","I",2023,2025,311.022,66375.3528689289,11.1030810748228
"1829","11J131727",2024-04-11,"04-2024",55000,2024,"2","5",2023,2025,313.016,55805.9811639022,10.9296363319423
"1830","11J131828",2024-09-04,"09-2024",59000,2024,"2","I",2023,2025,314.851,59515.6979015471,10.9939953870147
"1831","11J140040",2024-06-24,"06-2024",64150,2024,"2","5",2023,2025,313.131,65066.1622451945,11.0831599118838
"1832","11J140361",2024-06-07,"06-2024",57102,2024,"2","5",2023,2025,313.131,57917.5057915058,10.9667749631404
"1833","11J140361",2024-11-06,"11-2024",60000,2024,"2","I",2023,2025,316.449,60218.8030298721,11.005739925217
"1834","11J140628",2024-06-18,"06-2024",91000,2024,"2","X",2023,2025,313.131,92299.622202848,11.432795327339
"1835","11J140903",2024-07-02,"07-2024",37000,2024,"2","I",2023,2025,313.566,37476.3558549077,10.5314655025674
"1836","11J140994",2024-02-08,"02-2024",78000,2024,"2","X",2023,2025,311.022,79650.4234427147,11.2854026316168
"1837","11J141096",2024-09-03,"09-2024",90000,2024,"2","I",2023,2025,314.851,90786.6578159193,11.4162676134393
"1838","11J141492",2024-05-14,"05-2024",22500,2024,"2","I",2023,2025,313.14,22820.6792488983,10.0354223884813
"1839","11J141627",2024-09-06,"09-2024",135000,2024,"2","F",2023,2025,314.851,136179.986723879,11.8217327215474
"1840","11J210624",2024-05-28,"05-2024",71500,2024,"2","I",2023,2025,313.14,72519.0473909433,11.1916045289709
"1841","11J210716",2024-03-21,"03-2024",83000,2024,"2","X",2023,2025,312.107,84461.5756775721,11.344051984217
"1842","11J210936",2024-05-22,"05-2024",74000,2024,"2","I",2023,2025,313.14,75054.6784185987,11.2259721724751
"1843","11J211155",2024-01-19,"01-2024",46000,2024,"2","I",2023,2025,309.794,47159.5253620148,10.761291290182
"1844","11J211834",2024-06-24,"06-2024",79532,2024,"2","5",2023,2025,313.131,80667.8412421638,11.298095277218
"1845","11J220351",2024-07-01,"07-2024",37630,2024,"2","5",2023,2025,313.566,38114.4667789237,10.5483491945285
"1846","11J220362",2024-03-26,"03-2024",65000,2024,"2","I",2023,2025,312.107,66144.6074583396,11.099598646316
"1847","11J220414",2024-04-09,"04-2024",62000,2024,"2","I",2023,2025,313.016,62908.5605847624,11.0494375317549
"1848","11J220461",2024-09-04,"09-2024",67000,2024,"2","I",2023,2025,314.851,67585.6230407399,11.1211505625
"1849","11J220571",2024-07-09,"07-2024",77490,2024,"2","X",2023,2025,313.566,78487.6436539676,11.270696485699
"1850","11J220735",2024-02-02,"02-2024",62500,2024,"2","X",2023,2025,311.022,63822.4546816624,11.0638603616695
"1851","11J221055",2024-07-01,"07-2024",53000,2024,"2","I",2023,2025,313.566,53682.3475759489,10.8908395034752
"1852","11J221374",2024-05-23,"05-2024",64000,2024,"2","I",2023,2025,313.14,64912.1543079773,11.0807901626306
"1853","11J221374",2024-06-14,"06-2024",64000,2024,"2","4",2023,2025,313.131,64914.0200107942,11.0808189041818
"1854","11J230011",2024-09-04,"09-2024",117000,2024,"2","X",2023,2025,314.851,118022.655160695,11.6786318779068
"1855","11J230103",2024-04-09,"04-2024",120000,2024,"2","X",2023,2025,313.016,121758.504357605,11.7097948894919
"1856","11J230901",2024-02-14,"02-2024",37000,2024,"2","Z",2023,2025,311.022,37782.8931715441,10.5396117175714
"1857","11J230992",2024-08-02,"08-2024",84000,2024,"2","X",2023,2025,314.131,84928.4279488494,11.3495641566398
"1858","11J231551",2024-03-01,"03-2024",53191,2024,"2","X",2023,2025,312.107,54127.6586971776,10.8991005855243
"1859","11J240461",2024-09-09,"09-2024",65000,2024,"2","X",2023,2025,314.851,65568.1417559417,11.0908452130047
"1860","11J240591",2024-03-12,"03-2024",80000,2024,"2","I",2023,2025,312.107,81408.7476410333,11.3072380110943
"1861","11J241415",2024-11-18,"11-2024",110000,2024,"2","X",2023,2025,316.449,110401.138888099,11.6118757287873
"1862","11J310201",2024-03-26,"03-2024",42050,2024,"2","Z",2023,2025,312.107,42790.4729788182,10.6640707628393
"1863","11J310474",2024-08-26,"08-2024",1e+05,2024,"2","I",2023,2025,314.131,101105.271367678,11.5239175437846
"1864","11J310504",2024-02-12,"02-2024",68000,2024,"2","I",2023,2025,311.022,69438.8306936487,11.1482015101033
"1865","11J311080",2024-05-29,"05-2024",60000,2024,"2","I",2023,2025,313.14,60855.1446637287,11.0162516414931
"1866","11J311961",2024-08-20,"08-2024",69168,2024,"2","5",2023,2025,314.131,69932.4940995954,11.1552856857218
"1867","11J312168",2024-09-16,"09-2024",44200,2024,"2","5",2023,2025,314.851,44586.3363940404,10.7051827321927
"1868","11J320550",2024-05-28,"05-2024",34000,2024,"2","I",2023,2025,313.14,34484.5819761129,10.4482676038871
"1869","11J320963",2024-04-11,"04-2024",160000,2024,"2","X",2023,2025,313.016,162344.672476806,11.9974769619436
"1870","11J330274",2024-09-05,"09-2024",31074,2024,"2","I",2023,2025,314.851,31345.6067219097,10.3528293997788
"1871","11J331088",2024-11-20,"11-2024",52141,2024,"2","5",2023,2025,316.449,52331.143479676,10.8653469504494
"1872","11J331165",2024-10-15,"10-2024",125177,2024,"2","X",2023,2025,315.564,125985.824526879,11.7439246758497
"1873","11J340130",2024-06-04,"06-2024",61500,2024,"2","I",2023,2025,313.131,62378.3161041226,11.0409729956346
"1874","11J410068",2024-05-16,"05-2024",66371,2024,"2","5",2023,2025,313.14,67316.9467746056,11.1171672933637
"1875","11J410301",2024-02-09,"02-2024",82856,2024,"2","5",2023,2025,311.022,84609.1728816611,11.3457979662138
"1876","11J410301",2024-04-16,"04-2024",48500,2024,"2","Z",2023,2025,313.016,49210.7288445319,10.8038669446532
"1877","11J410673",2024-09-09,"09-2024",75000,2024,"2","I",2023,2025,314.851,75655.5481799327,11.2339460566453
"1878","11J410761",2024-03-05,"03-2024",89000,2024,"2","X",2023,2025,312.107,90567.2317506496,11.4138477461525
"1879","11J411872",2024-04-18,"04-2024",102000,2024,"2","X",2023,2025,313.016,103494.728703964,11.5472759599941
"1880","11J412004",2024-04-11,"04-2024",52121,2024,"2","5",2023,2025,313.016,52884.7917135226,10.8758710852751
"1881","11J412026",2024-01-29,"01-2024",25000,2024,"2","I",2023,2025,309.794,25630.1768271819,10.1515257185611
"1882","11J420397",2024-07-08,"07-2024",120000,2024,"2","I",2023,2025,313.566,121544.937907809,11.7080393327052
"1883","11J420926",2024-04-29,"04-2024",145000,2024,"2","X",2023,2025,313.016,147124.859432106,11.8990368891304
"1884","11J430101",2024-04-09,"04-2024",45000,2024,"2","I",2023,2025,313.016,45659.4391341018,10.7289656364801
"1885","11J430187",2024-08-30,"08-2024",127500,2024,"2","X",2023,2025,314.131,128909.220993789,11.766863722395
"1886","11J430396",2024-03-05,"03-2024",68000,2024,"2","Z",2023,2025,312.107,69197.4354948784,11.1447190815965
"1887","11J430484",2024-11-12,"11-2024",70000,2024,"2","I",2023,2025,316.449,70255.2702015175,11.1598906050443
"1888","11J430514",2024-05-14,"05-2024",143000,2024,"2","X",2023,2025,313.14,145038.094781887,11.8847517095309
"1889","11J430541",2024-05-02,"05-2024",80000,2024,"2","X",2023,2025,313.14,81140.1928849716,11.3039337139448
"1890","11J430583",2024-04-02,"04-2024",139000,2024,"2","X",2023,2025,313.016,141036.934214225,11.8567770798405
"1891","11J430972",2024-07-15,"07-2024",19536,2024,"2","I",2023,2025,313.566,19787.5158913913,9.89280650729147
"1892","11J440098",2024-05-09,"05-2024",47000,2024,"2","I",2023,2025,313.14,47669.8633199208,10.772054680981
"1893","11J440098",2024-07-25,"07-2024",130000,2024,"2","X",2023,2025,313.566,131673.68273346,11.7880820403787
"1894","11J440331",2024-10-08,"10-2024",160000,2024,"2","X",2023,2025,315.564,161033.831489017,11.9893697553638
"1895","11J440414",2024-11-20,"11-2024",33000,2024,"2","I",2023,2025,316.449,33120.3416664297,10.4079029244614
"1896","11J440551",2024-06-03,"06-2024",132575,2024,"2","X",2023,2025,313.131,134468.378170798,11.8090843438453
"1897","11J510025",2024-07-09,"07-2024",74000,2024,"2","I",2023,2025,313.566,74952.7117098155,11.2246126831273
"1898","11J510388",2024-02-21,"02-2024",52500,2024,"2","I",2023,2025,311.022,53610.8619325964,10.8895069745248
"1899","11J510410",2024-10-07,"10-2024",60000,2024,"2","Z",2023,2025,315.564,60387.6868083812,11.0085405023521
"1900","11J510531",2024-05-24,"05-2024",57000,2024,"2","I",2023,2025,313.14,57812.3874305423,10.9649583471055
"1901","11J520794",2024-03-01,"03-2024",22500,2024,"2","I",2023,2025,312.107,22896.2102740406,10.0387266856307
"1902","11J520806",2024-08-02,"08-2024",110000,2024,"2","X",2023,2025,314.131,111215.798504446,11.6192277235889
"1903","11J530531",2024-01-24,"01-2024",111500,2024,"2","X",2023,2025,309.794,114310.588649231,11.6466744845931
"1904","11J530595",2024-07-02,"07-2024",91500,2024,"2","I",2023,2025,313.566,92678.0151547043,11.4368865622046
"1905","11J530605",2024-11-07,"11-2024",57310,2024,"2","5",2023,2025,316.449,57518.9933606995,10.9598704915585
"1906","11J530605",2024-11-12,"11-2024",57310,2024,"2","5",2023,2025,316.449,57518.9933606995,10.9598704915585
"1907","11J540088",2024-03-15,"03-2024",57000,2024,"2","I",2023,2025,312.107,58003.7326942363,10.9682626442549
"1908","11J540143",2024-10-01,"10-2024",42500,2024,"2","5",2023,2025,315.564,42774.61148927,10.6637000160603
"1909","11J540462",2024-09-24,"09-2024",60000,2024,"2","I",2023,2025,314.851,60524.4385439462,11.0108025053311
"1910","11J610312",2024-04-01,"04-2024",110000,2024,"2","I",2023,2025,313.016,111611.962327804,11.6227835125022
"1911","11J610400",2024-08-08,"08-2024",177000,2024,"2","X",2023,2025,314.131,178956.33032079,12.0948970903703
"1912","11J610554",2024-01-24,"01-2024",37631,2024,"2","5",2023,2025,309.794,38579.5673673473,10.5604780724867
"1913","11J620201",2024-07-11,"07-2024",174000,2024,"2","X",2023,2025,313.566,176240.159966323,12.0796028891377
"1914","11J620621",2024-03-07,"03-2024",144900,2024,"2","X",2023,2025,312.107,147451.594164822,11.901255225747
"1915","11J620696",2024-06-06,"06-2024",50000,2024,"2","I",2023,2025,313.131,50714.078133433,10.8339588262503
"1916","11J630046",2024-02-21,"02-2024",25000,2024,"2","I",2023,2025,311.022,25528.981872665,10.1475696297954
"1917","11J630123",2024-01-29,"01-2024",103000,2024,"2","I",2023,2025,309.794,105596.32852799,11.5673788819225
"1918","11J630288",2024-02-28,"02-2024",102000,2024,"2","I",2023,2025,311.022,104158.246040473,11.5536666182115
"1919","11J630288",2024-07-12,"07-2024",190100,2024,"2","X",2023,2025,313.566,192547.439135621,12.1680978394175
"1920","11J640056",2024-09-06,"09-2024",128000,2024,"2","I",2023,2025,314.851,129118.802227085,11.7684882070286
"1921","11K320560",2024-02-02,"02-2024",27500,2024,"2","I",2023,2025,311.022,28081.8800599315,10.2428798095997
"1922","11K320708",2024-04-10,"04-2024",48000,2024,"2","I",2023,2025,313.016,48703.4017430419,10.7935041576177
"1923","11K340104",2024-03-27,"03-2024",95000,2024,"2","X",2023,2025,312.107,96672.8878237271,11.4790882680209
"1924","11K341592",2024-01-03,"01-2024",3e+05,2024,"2","X",2023,2025,309.794,307562.121926183,12.6364323683491
"1925","11K620178",2024-11-01,"11-2024",24000,2024,"2","I",2023,2025,316.449,24087.5212119488,10.0894491933428
"1926","11K620211",2024-01-04,"01-2024",140000,2024,"2","X",2023,2025,309.794,143528.990232219,11.8742923163022
"1927","11K620365",2024-05-06,"05-2024",40000,2024,"2","I",2023,2025,313.14,40570.0964424858,10.6107865333849
"1928","11K620365",2024-09-20,"09-2024",105000,2024,"2","X",2023,2025,314.851,105917.767451906,11.5704182932665
"1929","11K621102",2024-05-20,"05-2024",117000,2024,"2","X",2023,2025,313.14,118667.532094271,11.6840810140687
"1930","11K640077",2024-03-07,"03-2024",80000,2024,"2","X",2023,2025,312.107,81408.7476410333,11.3072380110943
"1931","11K640275",2024-09-25,"09-2024",117500,2024,"2","X",2023,2025,314.851,118527.025481895,11.6828962766932
"1932","11M111074",2024-04-30,"04-2024",325000,2024,"2","X",2023,2025,313.016,329762.615968513,12.7061283290395
"1933","11M111140",2024-05-30,"05-2024",340000,2024,"2","X",2023,2025,313.14,344845.819761129,12.7508526968812
"1934","11M240042",2024-11-14,"11-2024",10000,2024,"2","I",2023,2025,316.449,10036.4671716454,9.21398045598894
"1935","11M410252",2024-09-17,"09-2024",225000,2024,"2","X",2023,2025,314.851,226966.644539798,12.3325583453134
"1936","11M410670",2024-05-22,"05-2024",301000,2024,"2","X",2023,2025,313.14,305289.975729706,12.6290173440198
"1937","11M410780",2024-03-11,"03-2024",284900,2024,"2","X",2023,2025,312.107,289916.90253663,12.5773496179242
"1938","11M410809",2024-05-07,"05-2024",241500,2024,"2","I",2023,2025,313.14,244941.957271508,12.4087765523636
"1939","11M410890",2024-06-20,"06-2024",350000,2024,"2","X",2023,2025,313.131,354998.546934031,12.7798689753056
"1940","11M420493",2024-04-16,"04-2024",269000,2024,"2","X",2023,2025,313.016,272941.980601631,12.5170145263116
"1941","11M420736",2024-06-12,"06-2024",131000,2024,"2","Z",2023,2025,313.131,132870.884709594,11.7971331440233
"1942","11M420837",2024-01-31,"01-2024",2e+05,2024,"2","X",2023,2025,309.794,205041.414617456,12.2309672602409
"1943","11M420864",2024-10-15,"10-2024",193100,2024,"2","I",2023,2025,315.564,194347.705378307,12.1774041295644
"1944","11M420965",2024-05-02,"05-2024",260000,2024,"2","X",2023,2025,313.14,263705.626876158,12.4825887102865
"1945","11M421010",2024-10-01,"10-2024",327000,2024,"2","X",2023,2025,315.564,329112.893105677,12.7041561110272
"1946","11N210172",2024-08-23,"08-2024",850000,2024,"2","X",2023,2025,314.131,859394.806625261,13.6639837072809
"1947","11N330968",2024-11-21,"11-2024",350000,2024,"2","X",2023,2025,316.449,351276.351007587,12.7693285174784
"1948","11N420957",2024-08-20,"08-2024",875000,2024,"1","P",2023,2025,314.131,884671.124467181,13.6929712441541
"1949","11N520222",2024-04-18,"04-2024",381100,2024,"2","I",2023,2025,313.016,386684.716755693,12.8653649545896
"1950","11N520231",2024-06-24,"06-2024",370000,2024,"2","X",2023,2025,313.131,375284.178187404,12.8354388264604
"1951","11N530360",2024-09-06,"09-2024",115000,2024,"2","X",2023,2025,314.851,116005.173875897,11.6613900714723
"1952","11N620203",2024-03-22,"03-2024",225000,2024,"2","X",2023,2025,312.107,228962.102740406,12.3413117786248
"1953","11N620809",2024-10-08,"10-2024",85000,2024,"2","X",2023,2025,315.564,85549.22297854,11.3568471966203
"1954","11N621121",2024-09-03,"09-2024",283000,2024,"2","5",2023,2025,314.851,285473.601798946,12.5619048407523
"1955","11N630662",2024-05-09,"05-2024",455000,2024,"2","X",2023,2025,313.14,461484.847033276,13.0422044982219
"1956","11O520074",2024-07-26,"07-2024",235000,2024,"2","X",2023,2025,313.566,238025.503402792,12.3801331040673
"1957","11O540014",2024-09-19,"09-2024",275000,2024,"2","X",2023,2025,314.851,277403.676659753,12.5332290407756
"1958","11O610054",2024-09-25,"09-2024",145000,2024,"2","I",2023,2025,314.851,146267.39314787,11.8931916855296
"1959","11O610362",2024-06-07,"06-2024",1e+05,2024,"2","5",2023,2025,313.131,101428.156266866,11.5271060068102
"1960","12N240675",2024-07-26,"07-2024",343000,2024,"2","X",2023,2025,313.566,347415.94751982,12.7582780370891
"1961","12N240721",2024-08-28,"08-2024",375000,2024,"2","X",2023,2025,314.131,379144.767628792,12.8456733837669
"1962","12N310350",2024-04-30,"04-2024",270000,2024,"2","X",2023,2025,313.016,273956.634804611,12.5207251057082
"1963","12N311021",2024-06-17,"06-2024",415000,2024,"2","X",2023,2025,313.131,420926.848507494,12.9502143410528
"1964","12N330545",2024-04-02,"04-2024",187000,2024,"2","I",2023,2025,313.016,189740.335957267,12.1534117635644
"1965","12N340500",2024-06-27,"06-2024",385000,2024,"2","X",2023,2025,313.131,390498.401627434,12.8751791551099
"1966","12N340519",2024-08-07,"08-2024",385000,2024,"2","X",2023,2025,314.131,389255.29476556,12.8719906920843
"1967","12N340913",2024-10-25,"10-2024",405000,2024,"2","X",2023,2025,315.564,407616.885956573,12.9180830072365
"1968","12N410753",2024-09-17,"09-2024",238500,2024,"2","X",2023,2025,314.851,240584.643212186,12.3908272534374
"1969","12N411101",2024-06-04,"06-2024",225000,2024,"2","X",2023,2025,313.131,228213.351600448,12.3380362230266
"1970","12N411473",2024-11-25,"11-2024",219000,2024,"2","X",2023,2025,316.449,219798.631059033,12.3004670928114
"1971","12N411624",2024-09-19,"09-2024",220000,2024,"2","X",2023,2025,314.851,221922.941327803,12.3100854894614
"1972","12N411682",2024-02-27,"02-2024",171500,2024,"2","X",2023,2025,311.022,175128.815646482,12.0732770715332
"1973","12N412023",2024-09-20,"09-2024",289122,2024,"2","X",2023,2025,314.851,291649.112011713,12.5833066874719
"1974","12N412201",2024-01-24,"01-2024",210000,2024,"2","X",2023,2025,309.794,215293.485348328,12.2797574244103
"1975","12N412908",2024-07-02,"07-2024",220000,2024,"2","X",2023,2025,313.566,222832.386164316,12.3141751362755
"1976","12N413134",2024-03-04,"03-2024",285250,2024,"2","X",2023,2025,312.107,290273.06580756,12.5785773651626
"1977","12N413301",2024-07-22,"07-2024",298000,2024,"2","X",2023,2025,313.566,301836.595804392,12.6176410764285
"1978","12N420482",2024-11-07,"11-2024",467000,2024,"2","X",2023,2025,316.449,468703.016915838,13.0577246206638
"1979","12N420552",2024-02-27,"02-2024",410000,2024,"2","X",2023,2025,311.022,418675.302711705,12.9448509646255
"1980","12N431097",2024-05-09,"05-2024",275000,2024,"2","X",2023,2025,313.14,278919.41304209,12.5386781769375
"1981","12N431141",2024-09-19,"09-2024",293000,2024,"2","X",2023,2025,314.851,295561.008222937,12.5966305521261
"1982","12N510473",2024-10-21,"10-2024",575000,2024,"2","X",2023,2025,315.564,578715.331913653,13.2685659809273
"1983","12N520494",2024-04-04,"04-2024",275500,2024,"2","X",2023,2025,313.016,279537.232921001,12.5408907753028
"1984","12N520533",2024-02-06,"02-2024",233000,2024,"2","X",2023,2025,311.022,237930.111053237,12.3797322584929
"1985","12N530341",2024-10-24,"10-2024",163000,2024,"2","I",2023,2025,315.564,164053.215829436,12.0079461409367
"1986","12N530424",2024-05-21,"05-2024",327500,2024,"2","X",2023,2025,313.14,332167.664622852,12.7133951343463
"1987","12N530626",2024-09-06,"09-2024",355000,2024,"2","X",2023,2025,314.851,358102.928051682,12.7885757325844
"1988","12N540351",2024-02-28,"02-2024",227000,2024,"2","I",2023,2025,311.022,231803.155403798,12.3536438224086
"1989","12N540351",2024-05-24,"05-2024",359900,2024,"2","X",2023,2025,313.14,365029.442741266,12.8077332943559
"1990","12N540618",2024-05-08,"05-2024",318000,2024,"2","X",2023,2025,313.14,322532.266717762,12.6839584620511
"1991","12N540636",2024-04-10,"04-2024",375000,2024,"2","X",2023,2025,313.016,380495.326117515,12.8492291726802
"1992","12N610661",2024-09-05,"09-2024",495000,2024,"2","X",2023,2025,314.851,499326.617987556,13.1210157056777
"1993","12N620088",2024-06-24,"06-2024",387000,2024,"2","I",2023,2025,313.131,392526.964752771,12.8803605138519
"1994","12N620253",2024-09-19,"09-2024",272000,2024,"2","I",2023,2025,314.851,274377.454732556,12.522260009405
"1995","12N620642",2024-04-12,"04-2024",320000,2024,"2","X",2023,2025,313.016,324689.344953613,12.6906241425036
"1996","12N620743",2024-11-04,"11-2024",385000,2024,"2","X",2023,2025,316.449,386403.986108346,12.8646386972827
"1997","12N630098",2024-06-26,"06-2024",265000,2024,"2","X",2023,2025,313.131,268784.614107195,12.5016656468084
"1998","12N630197",2024-05-17,"05-2024",280000,2024,"2","X",2023,2025,313.14,283990.6750974,12.5566966824402
"1999","12N630285",2024-04-02,"04-2024",257100,2024,"2","I",2023,2025,313.016,260867.595586168,12.4717682609817
"2000","12N630285",2024-06-18,"06-2024",280000,2024,"2","X",2023,2025,313.131,283998.837547225,12.5567254239914
"2001","12O120327",2024-07-02,"07-2024",335000,2024,"2","X",2023,2025,313.566,339312.9516593,12.7346781217482
"2002","12O120428",2024-05-01,"05-2024",335000,2024,"2","X",2023,2025,313.14,339774.557705819,12.736037611096
"2003","12O120510",2024-09-16,"09-2024",275000,2024,"2","X",2023,2025,314.851,277403.676659753,12.5332290407756
"2004","12O120592",2024-05-31,"05-2024",329700,2024,"2","I",2023,2025,313.14,334399.019927189,12.7200902293486
"2005","12O120592",2024-10-17,"10-2024",354000,2024,"2","X",2023,2025,315.564,356287.352169449,12.7834928532638
"2006","12O140291",2024-07-31,"07-2024",280000,2024,"2","X",2023,2025,313.566,283604.855118221,12.5553371930924
"2007","12O140714",2024-01-29,"01-2024",340000,2024,"2","X",2023,2025,309.794,348570.404849674,12.7615955113031
"2008","12O140842",2024-10-04,"10-2024",290000,2024,"2","X",2023,2025,315.564,291873.819573842,12.5840768631105
"2009","12O141034",2024-07-31,"07-2024",435000,2024,"2","X",2023,2025,313.566,440600.399915807,12.9958936210118
"2010","12O141052",2024-04-26,"04-2024",385884,2024,"2","X",2023,2025,313.016,391538.822462749,12.8778399528753
"2011","12O210293",2024-09-25,"09-2024",282000,2024,"2","X",2023,2025,314.851,284464.861156547,12.5583650140471
"2012","12O210554",2024-08-08,"08-2024",280000,2024,"2","X",2023,2025,314.131,283094.759829498,12.5535369609658
"2013","12O210765",2024-07-16,"07-2024",240824,2024,"2","X",2023,2025,313.566,243924.484389251,12.4046139661654
"2014","12O210893",2024-05-30,"05-2024",285000,2024,"2","X",2023,2025,313.14,289061.937152711,12.5743962595396
"2015","12O220243",2024-05-30,"05-2024",265100,2024,"2","X",2023,2025,313.14,268878.314172575,12.5020141925659
"2016","12O220986",2024-09-24,"09-2024",145000,2024,"2","I",2023,2025,314.851,146267.39314787,11.8931916855296
"2017","12O221150",2024-02-13,"02-2024",220000,2024,"2","X",2023,2025,311.022,224655.040479452,12.3223213512795
"2018","12O230060",2024-01-03,"01-2024",220500,2024,"2","X",2023,2025,309.794,226058.159615745,12.3285475885798
"2019","12O230217",2024-07-03,"07-2024",137600,2024,"2","I",2023,2025,313.566,139371.528800954,11.8448985154224
"2020","12O230996",2024-08-22,"08-2024",274000,2024,"2","X",2023,2025,314.131,277028.443547437,12.5318754641846
"2021","12O240474",2024-11-20,"11-2024",245000,2024,"2","X",2023,2025,316.449,245893.445705311,12.4126535735396
"2022","12O240621",2024-11-20,"11-2024",193000,2024,"2","X",2023,2025,316.449,193703.816412755,12.1740855518998
"2023","12O240740",2024-05-30,"05-2024",189800,2024,"2","I",2023,2025,313.14,192505.107619595,12.1678779654468
"2024","12O241491",2024-07-17,"07-2024",250000,2024,"2","X",2023,2025,313.566,253218.620641269,12.4420085077854
"2025","12O241565",2024-04-01,"04-2024",240100,2024,"2","X",2023,2025,313.016,243618.474135507,12.403358649937
"2026","12O310562",2024-01-03,"01-2024",217500,2024,"2","X",2023,2025,309.794,222982.538396483,12.3148487442216
"2027","12O310681",2024-04-11,"04-2024",268500,2024,"2","X",2023,2025,313.016,272434.653500141,12.5151540606587
"2028","12O310690",2024-03-26,"03-2024",260000,2024,"2","X",2023,2025,312.107,264578.429833358,12.4858930074359
"2029","12O320084",2024-05-03,"05-2024",110000,2024,"2","I",2023,2025,313.14,111567.765216836,11.6223874450634
"2030","12O320183",2024-02-15,"02-2024",152000,2024,"2","I",2023,2025,311.022,155216.209785803,11.9525743257735
"2031","12O320183",2024-04-09,"04-2024",240000,2024,"2","X",2023,2025,313.016,243517.008715209,12.4029420700518
"2032","12O320426",2024-03-08,"03-2024",247500,2024,"2","X",2023,2025,312.107,251858.313014447,12.4366219584291
"2033","12O320747",2024-04-01,"04-2024",295000,2024,"2","X",2023,2025,313.016,299322.989879112,12.6092785030496
"2034","12O330225",2024-02-05,"02-2024",260000,2024,"2","X",2023,2025,311.022,265501.411475716,12.4893754359427
"2035","12O330308",2024-11-06,"11-2024",305000,2024,"2","X",2023,2025,316.449,306112.248735183,12.6317071396023
"2036","12O340419",2024-04-17,"04-2024",254000,2024,"2","X",2023,2025,313.016,257722.16755693,12.4596374137283
"2037","12O340574",2024-03-07,"03-2024",239900,2024,"2","X",2023,2025,312.107,244124.481988549,12.405433546266
"2038","12O340794",2024-01-03,"01-2024",230000,2024,"2","X",2023,2025,309.794,235797.626810074,12.3707292026161
"2039","12O341083",2024-04-26,"04-2024",245000,2024,"2","X",2023,2025,313.016,248590.27973011,12.4235613572545
"2040","12O341142",2024-03-20,"03-2024",145000,2024,"2","I",2023,2025,312.107,147553.355099373,11.9019451188409
"2041","12O341142",2024-06-25,"06-2024",223000,2024,"2","X",2023,2025,313.131,226184.788475111,12.3291075922823
"2042","12O510164",2024-07-25,"07-2024",245000,2024,"2","X",2023,2025,313.566,248154.248228443,12.4218058004679
"2043","12O510186",2024-08-22,"08-2024",165000,2024,"2","I",2023,2025,314.131,166823.697756668,12.0246928316971
"2044","12O510186",2024-10-23,"10-2024",192500,2024,"2","X",2023,2025,315.564,193743.828510223,12.1742920938578
"2045","12O510607",2024-10-09,"10-2024",221000,2024,"2","X",2023,2025,315.564,222427.979744204,12.3123586416477
"2046","12O510890",2024-05-17,"05-2024",92000,2024,"2","I",2023,2025,313.14,93311.2218177173,11.44369565632
"2047","12O510919",2024-06-03,"06-2024",132500,2024,"2","X",2023,2025,313.131,134392.307053597,11.8085184662484
"2048","12O510991",2024-03-13,"03-2024",120000,2024,"2","X",2023,2025,312.107,122113.12146155,11.7127031192024
"2049","12O520543",2024-06-24,"06-2024",231000,2024,"2","4",2023,2025,313.131,234299.04097646,12.3643535313439
"2050","12O520552",2024-10-18,"10-2024",255000,2024,"2","X",2023,2025,315.564,256647.66893562,12.4554594852884
"2051","12O520781",2024-06-24,"06-2024",285000,2024,"2","X",2023,2025,313.131,289070.245360568,12.5744250010908
"2052","12O520965",2024-03-05,"03-2024",255000,2024,"2","X",2023,2025,312.107,259490.383105794,12.4664749215788
"2053","12O521087",2024-09-18,"09-2024",268000,2024,"2","X",2023,2025,314.851,270342.49216296,12.5074449236199
"2054","12O521252",2024-10-31,"10-2024",60000,2024,"2","I",2023,2025,315.564,60387.6868083812,11.0085405023521
"2055","12O610202",2024-06-10,"06-2024",244000,2024,"2","X",2023,2025,313.131,247484.701291153,12.4191040461153
"2056","12O610671",2024-05-24,"05-2024",105000,2024,"2","I",2023,2025,313.14,106496.503161525,11.5758674294285
"2057","12O610936",2024-09-11,"09-2024",199900,2024,"2","X",2023,2025,314.851,201647.254415581,12.2142751846154
"2058","12O620593",2024-10-25,"10-2024",217000,2024,"2","X",2023,2025,315.564,218402.133956979,12.2940932936704
"2059","12O620762",2024-02-08,"02-2024",207000,2024,"2","X",2023,2025,311.022,211379.969905666,12.2614125981926
"2060","12O621154",2024-11-15,"11-2024",240000,2024,"2","X",2023,2025,316.449,240875.212119488,12.3920342863369
"2061","12O621303",2024-10-08,"10-2024",205000,2024,"2","X",2023,2025,315.564,206324.596595302,12.2372059192684
"2062","12O640223",2024-08-14,"08-2024",265000,2024,"2","X",2023,2025,314.131,267928.969124346,12.4984771837827
"2063","13E430314",2024-06-11,"06-2024",58220,2024,"2","5",2023,2025,313.131,59051.4725785694,10.9861647591396
"2064","13E440113",2024-02-07,"02-2024",45000,2024,"2","I",2023,2025,311.022,45952.1673707969,10.7353562946975
"2065","13F110527",2024-04-01,"04-2024",40000,2024,"2","I",2023,2025,313.016,40586.1681192016,10.6111826008237
"2066","13F110673",2024-10-14,"10-2024",55000,2024,"2","5",2023,2025,315.564,55355.3795743494,10.9215291253625
"2067","13F110848",2024-02-21,"02-2024",111905,2024,"2","5",2023,2025,311.022,114272.828658423,11.6463441019993
"2068","13F110866",2024-07-29,"07-2024",37500,2024,"2","I",2023,2025,313.566,37982.7930961903,10.5448885228995
"2069","13F130134",2024-02-21,"02-2024",111905,2024,"2","5",2023,2025,311.022,114272.828658423,11.6463441019993
"2070","13F130905",2024-03-08,"03-2024",19500,2024,"2","I",2023,2025,312.107,19843.3822375019,9.89562584199007
"2071","13F131124",2024-04-08,"04-2024",160000,2024,"2","X",2023,2025,313.016,162344.672476806,11.9974769619436
"2072","13F131335",2024-05-22,"05-2024",80000,2024,"2","X",2023,2025,313.14,81140.1928849716,11.3039337139448
"2073","13F131500",2024-06-06,"06-2024",27001,2024,"2","5",2023,2025,313.131,27386.6164736165,10.2178097231777
"2074","13F140988",2024-01-11,"01-2024",81350,2024,"2","X",2023,2025,309.794,83400.59539565,11.3314107273579
"2075","13F141271",2024-05-24,"05-2024",72500,2024,"2","X",2023,2025,313.14,73533.2998020055,11.2054936411316
"2076","13F141400",2024-09-26,"09-2024",50000,2024,"2","I",2023,2025,314.851,50437.0321199551,10.8284809485372
"2077","13F230528",2024-04-15,"04-2024",134900,2024,"2","X",2023,2025,313.016,136876.851982007,11.8268369099235
"2078","13F230564",2024-05-16,"05-2024",60100,2024,"2","Z",2023,2025,313.14,60956.5699048349,11.0179169208121
"2079","13F410263",2024-05-07,"05-2024",33095,2024,"2","I",2023,2025,313.14,33566.6835441017,10.4212892928418
"2080","13F410506",2024-09-11,"09-2024",93000,2024,"2","X",2023,2025,314.851,93812.8797431166,11.4490574362623
"2081","13F410753",2024-03-04,"03-2024",26500,2024,"2","Z",2023,2025,312.107,26966.6476560923,10.2023561094126
"2082","13F420305",2024-04-02,"04-2024",90000,2024,"2","X",2023,2025,313.016,91318.8782682035,11.4221128170401
"2083","13F420442",2024-08-20,"08-2024",149999,2024,"2","X",2023,2025,314.131,151656.895998803,11.9293759852039
"2084","13F420718",2024-07-30,"07-2024",145000,2024,"2","X",2023,2025,313.566,146866.799971936,11.8972813323437
"2085","13F421098",2024-07-25,"07-2024",35000,2024,"2","5",2023,2025,313.566,35450.6068897776,10.4758956514125
"2086","13F421102",2024-03-08,"03-2024",70000,2024,"2","4",2023,2025,312.107,71232.6541859042,11.1737066184697
"2087","13F430113",2024-11-06,"11-2024",65000,2024,"2","I",2023,2025,316.449,65237.0366156948,11.0857826328905
"2088","13F430580",2024-05-31,"05-2024",196000,2024,"2","X",2023,2025,313.14,198793.47256818,12.2000217385015
"2089","13F431231",2024-09-09,"09-2024",1e+05,2024,"2","I",2023,2025,314.851,100874.06423991,11.5216281290971
"2090","13F510633",2024-04-02,"04-2024",37400,2024,"2","I",2023,2025,313.016,37948.0671914535,10.5439738511303
"2091","13F520373",2024-09-18,"09-2024",157000,2024,"2","X",2023,2025,314.851,158372.280856659,11.9727037484573
"2092","13F520395",2024-07-03,"07-2024",66000,2024,"2","Z",2023,2025,313.566,66849.7158492949,11.1102023319495
"2093","13F520643",2024-04-09,"04-2024",65000,2024,"2","I",2023,2025,313.016,65952.5231937026,11.0966904166054
"2094","13F520872",2024-06-14,"06-2024",128000,2024,"2","X",2023,2025,313.131,129828.040021588,11.7739660847418
"2095","13F521264",2024-02-06,"02-2024",150900,2024,"2","X",2023,2025,311.022,154092.934583406,11.945311170701
"2096","13F530075",2024-08-21,"08-2024",55000,2024,"2","I",2023,2025,314.131,55607.8992522228,10.926080543029
"2097","13F530141",2024-05-10,"05-2024",58000,2024,"2","I",2023,2025,313.14,58826.6398416044,10.9823500898174
"2098","13F530846",2024-06-17,"06-2024",85000,2024,"2","I",2023,2025,313.131,86213.9328268361,11.3645870773125
"2099","13F531032",2024-01-24,"01-2024",29101,2024,"2","5",2023,2025,309.794,29834.5510339129,10.3034224315411
"2100","13F531032",2024-05-30,"05-2024",129900,2024,"2","X",2023,2025,313.14,131751.388196973,11.7886720029475
"2101","13F540151",2024-03-21,"03-2024",70000,2024,"2","I",2023,2025,312.107,71232.6541859042,11.1737066184697
"2102","13F540184",2024-04-22,"04-2024",120000,2024,"2","X",2023,2025,313.016,121758.504357605,11.7097948894919
"2103","13F540966",2024-07-26,"07-2024",10000,2024,"2","I",2023,2025,313.566,10128.7448256507,9.22313268291717
"2104","13F610133",2024-04-03,"04-2024",85000,2024,"2","I",2023,2025,313.016,86245.6072533033,11.3649544032001
"2105","13F610133",2024-11-06,"11-2024",2000,2024,"2","5",2023,2025,316.449,2007.29343432907,7.60454254355484
"2106","13F610276",2024-10-11,"10-2024",51840,2024,"2","5",2023,2025,315.564,52174.9614024413,10.862357992174
"2107","13F610742",2024-04-03,"04-2024",64001,2024,"2","I",2023,2025,313.016,64938.8836449255,11.0812018549474
"2108","13F630955",2024-04-03,"04-2024",85000,2024,"2","I",2023,2025,313.016,86245.6072533033,11.3649544032001
"2109","13F631000",2024-01-16,"01-2024",58000,2024,"2","I",2023,2025,309.794,59462.0102390621,10.9930929042393
"2110","13F631110",2024-08-01,"08-2024",133000,2024,"2","X",2023,2025,314.131,134470.010919011,11.8090964860183
"2111","13F631154",2024-07-29,"07-2024",68250,2024,"2","5",2023,2025,313.566,69128.6834350663,11.1437250239882
"2112","13F631187",2024-08-08,"08-2024",50000,2024,"2","I",2023,2025,314.131,50552.6356838389,10.8307703632247
"2113","13G120217",2024-01-05,"01-2024",20000,2024,"2","I",2023,2025,309.794,20504.1414617456,9.92838216724687
"2114","13G120556",2024-04-30,"04-2024",65000,2024,"2","X",2023,2025,313.016,65952.5231937026,11.0966904166054
"2115","13G120648",2024-10-08,"10-2024",35000,2024,"2","I",2023,2025,315.564,35226.1506382224,10.4695440016194
"2116","13G120941",2024-01-05,"01-2024",54750,2024,"2","5",2023,2025,309.794,56130.0872515284,10.9354272623895
"2117","13G120941",2024-04-30,"04-2024",57001,2024,"2","Z",2023,2025,313.016,57836.3042240652,10.9653719582501
"2118","13G121160",2024-01-22,"01-2024",20650,2024,"2","I",2023,2025,309.794,21170.5260592523,9.96036521309992
"2119","13G121160",2024-05-08,"05-2024",54000,2024,"2","X",2023,2025,313.14,54769.6301973558,10.9108911258352
"2120","13G121225",2024-05-13,"05-2024",68000,2024,"2","X",2023,2025,313.14,68969.1639522258,11.1414147844471
"2121","13G121555",2024-01-02,"01-2024",45000,2024,"2","I",2023,2025,309.794,46134.3182889275,10.7393123834632
"2122","13G130465",2024-02-22,"02-2024",18000,2024,"2","I",2023,2025,311.022,18380.8669483188,9.81906556282335
"2123","13G140026",2024-03-06,"03-2024",62000,2024,"2","I",2023,2025,312.107,63091.7794218008,11.0523457614655
"2124","13G140091",2024-01-08,"01-2024",25000,2024,"2","I",2023,2025,309.794,25630.1768271819,10.1515257185611
"2125","13G140145",2024-09-05,"09-2024",19000,2024,"2","I",2023,2025,314.851,19166.072205583,9.86089692227546
"2126","13G140154",2024-10-02,"10-2024",50000,2024,"2","I",2023,2025,315.564,50323.0723403177,10.8262189455581
"2127","13G140347",2024-02-23,"02-2024",50000,2024,"2","X",2023,2025,311.022,51057.9637453299,10.8407168103553
"2128","13G140402",2024-06-06,"06-2024",62000,2024,"2","X",2023,2025,313.131,62885.4568854569,11.0490702058672
"2129","13G140686",2024-07-15,"07-2024",53000,2024,"2","X",2023,2025,313.566,53682.3475759489,10.8908395034752
"2130","13G140925",2024-03-14,"03-2024",25000,2024,"2","I",2023,2025,312.107,25440.2336378229,10.1440872012886
"2131","13G140989",2024-02-20,"02-2024",66000,2024,"2","X",2023,2025,311.022,67396.5121438355,11.1183485469536
"2132","13G141043",2024-10-23,"10-2024",27500,2024,"2","I",2023,2025,315.564,27677.6897871747,10.2283819448025
"2133","13G141236",2024-05-14,"05-2024",70000,2024,"2","X",2023,2025,313.14,70997.6687743501,11.1704023213203
"2134","13G141465",2024-01-12,"01-2024",65000,2024,"2","X",2023,2025,309.794,66638.459750673,11.1070371635885
"2135","13G141722",2024-01-18,"01-2024",35000,2024,"2","I",2023,2025,309.794,35882.2475580547,10.4879979551823
"2136","13G142060",2024-10-24,"10-2024",108783,2024,"2","5",2023,2025,315.564,109485.895567936,11.6035510123435
"2137","13G210884",2024-03-01,"03-2024",23000,2024,"2","I",2023,2025,312.107,23405.0149467971,10.0607055923495
"2138","13G211140",2024-11-04,"11-2024",120000,2024,"2","X",2023,2025,316.449,120437.606059744,11.6988871057769
"2139","13G211681",2024-04-09,"04-2024",66000,2024,"2","X",2023,2025,313.016,66967.1773966826,11.1119578887362
"2140","13G212031",2024-02-01,"02-2024",90000,2024,"2","I",2023,2025,311.022,91904.3347415938,11.4285034752575
"2141","13G220160",2024-03-11,"03-2024",67000,2024,"2","X",2023,2025,312.107,68179.8261493654,11.1299039958113
"2142","13G220281",2024-05-10,"05-2024",30000,2024,"2","I",2023,2025,313.14,30427.5723318643,10.3231044609331
"2143","13G220292",2024-03-21,"03-2024",60000,2024,"2","X",2023,2025,312.107,61056.560730775,11.0195559386425
"2144","13G220362",2024-02-13,"02-2024",64900,2024,"2","X",2023,2025,311.022,66273.2369414382,11.1015414286372
"2145","13G220528",2024-07-15,"07-2024",73500,2024,"2","X",2023,2025,313.566,74446.274468533,11.2178329961419
"2146","13G220904",2024-07-03,"07-2024",46000,2024,"2","I",2023,2025,313.566,46592.2261979934,10.7491889864122
"2147","13G221491",2024-08-08,"08-2024",25000,2024,"2","I",2023,2025,314.131,25276.3178419195,10.1376231826647
"2148","13G221893",2024-10-14,"10-2024",77100,2024,"2","X",2023,2025,315.564,77598.1775487698,11.2592992206993
"2149","13G230291",2024-02-08,"02-2024",76000,2024,"2","X",2023,2025,311.022,77608.1048929015,11.2594271452135
"2150","13G231281",2024-08-29,"08-2024",75000,2024,"2","X",2023,2025,314.131,75828.9535257584,11.2362354713328
"2151","13G231519",2024-04-01,"04-2024",120000,2024,"2","X",2023,2025,313.016,121758.504357605,11.7097948894919
"2152","13G240328",2024-02-21,"02-2024",463000,2024,"2","4",2023,2025,311.022,472796.744281755,13.0664208590134
"2153","13G240520",2024-11-04,"11-2024",5000,2024,"2","I",2023,2025,316.449,5018.23358582268,8.52083327542899
"2154","13G240979",2024-06-07,"06-2024",16200,2024,"2","5",2023,2025,313.131,16431.3613152323,9.70694706306048
"2155","13G310232",2024-03-15,"03-2024",13800,2024,"2","I",2023,2025,312.107,14043.0089680783,9.54987996858353
"2156","13G311121",2024-06-27,"06-2024",65000,2024,"2","I",2023,2025,313.131,65928.3015734629,11.0963230907178
"2157","13G311185",2024-04-23,"04-2024",89900,2024,"2","X",2023,2025,313.016,91217.4128479055,11.4210010881874
"2158","13G311754",2024-08-14,"08-2024",62500,2024,"2","I",2023,2025,314.131,63190.7946047986,11.0539139145389
"2159","13G320334",2024-03-12,"03-2024",39900,2024,"2","I",2023,2025,312.107,40602.6128859654,10.6115877003162
"2160","13G320545",2024-07-24,"07-2024",10137,2024,"2","5",2023,2025,313.566,10267.5086297622,9.23673968632339
"2161","13G320691",2024-09-05,"09-2024",55000,2024,"2","X",2023,2025,314.851,55480.7353319507,10.9237911283415
"2162","13G320738",2024-02-26,"02-2024",88000,2024,"2","Z",2023,2025,311.022,89862.0161917807,11.4060306194054
"2163","13G321003",2024-07-19,"07-2024",22000,2024,"2","I",2023,2025,313.566,22283.2386164316,10.0115900432814
"2164","13N210592",2024-09-09,"09-2024",184550,2024,"2","X",2023,2025,314.851,186163.085554754,12.134378372585
"2165","13N220261",2024-02-13,"02-2024",119900,2024,"2","Z",2023,2025,311.022,122436.997061301,11.7153518669607
"2166","13N220294",2024-08-30,"08-2024",105000,2024,"2","X",2023,2025,314.131,106160.534936062,11.572707707954
"2167","13N230206",2024-04-09,"04-2024",99000,2024,"2","5",2023,2025,313.016,100450.766095024,11.5174229968444
"2168","13N231333",2024-11-20,"11-2024",385000,2024,"2","X",2023,2025,316.449,386403.986108346,12.8646386972827
"2169","13N231342",2024-09-12,"09-2024",53000,2024,"1","X",2023,2025,314.851,53463.2540471525,10.8867498566611
"2170","13N240812",2024-03-14,"03-2024",273200,2024,"2","X",2023,2025,312.107,278010.873194129,12.535415504117
"2171","13N240821",2024-08-19,"08-2024",435000,2024,"2","X",2023,2025,314.131,439807.930449399,12.9940933888852
"2172","13N310076",2024-05-16,"05-2024",197474,2024,"2","5",2023,2025,313.14,200288.480622086,12.2075140093765
"2173","13N310076",2024-10-08,"10-2024",167000,2024,"2","Z",2023,2025,315.564,168079.061616661,12.0321897525467
"2174","13N330173",2024-03-21,"03-2024",240000,2024,"2","X",2023,2025,312.107,244226.2429231,12.4058502997624
"2175","13N330214",2024-09-09,"09-2024",229900,2024,"2","X",2023,2025,314.851,231909.473687554,12.3541023748782
"2176","13N330382",2024-09-26,"09-2024",220000,2024,"2","X",2023,2025,314.851,221922.941327803,12.3100854894614
"2177","13N340435",2024-05-31,"05-2024",137500,2024,"2","I",2023,2025,313.14,139459.706521045,11.8455309963776
"2178","13N340637",2024-10-10,"10-2024",251400,2024,"2","I",2023,2025,315.564,253024.407727117,12.4412412362861
"2179","13N340820",2024-10-02,"10-2024",240000,2024,"2","X",2023,2025,315.564,241550.747233525,12.394834863472
"2180","13N340985",2024-09-16,"09-2024",245000,2024,"2","X",2023,2025,314.851,247141.45738778,12.4177161536537
"2181","13N410231",2024-06-13,"06-2024",140000,2024,"2","I",2023,2025,313.131,141999.418773612,11.8635782434314
"2182","13N410440",2024-05-16,"05-2024",160000,2024,"2","I",2023,2025,313.14,162280.385769943,11.9970808945048
"2183","13N410440",2024-09-10,"09-2024",207000,2024,"2","X",2023,2025,314.851,208809.312976614,12.2491767363744
"2184","13N410532",2024-01-04,"01-2024",266000,2024,"2","X",2023,2025,309.794,272705.081441216,12.5161462024746
"2185","13N410693",2024-02-21,"02-2024",269000,2024,"2","X",2023,2025,311.022,274691.844949875,12.523405184529
"2186","13N420551",2024-03-06,"03-2024",235000,2024,"2","X",2023,2025,312.107,239138.196195535,12.3847968905645
"2187","13N430323",2024-04-12,"04-2024",225000,2024,"2","I",2023,2025,313.016,228297.195670509,12.3384035489142
"2188","13N430406",2024-04-02,"04-2024",265000,2024,"2","X",2023,2025,313.016,268883.36378971,12.502032972696
"2189","13N430929",2024-04-01,"04-2024",270000,2024,"2","X",2023,2025,313.016,273956.634804611,12.5207251057082
"2190","13N510584",2024-11-07,"11-2024",130000,2024,"2","4",2023,2025,316.449,130474.07323139,11.7789298134505
"2191","13N530241",2024-07-25,"07-2024",350000,2024,"2","X",2023,2025,313.566,354506.068897776,12.7784807444066
"2192","13N530692",2024-01-17,"01-2024",160000,2024,"2","X",2023,2025,309.794,164033.131693964,12.0078237089267
"2193","13N530809",2024-03-22,"03-2024",323000,2024,"2","X",2023,2025,312.107,328687.818600672,12.702863699643
"2194","13N530863",2024-08-12,"08-2024",90000,2024,"2","I",2023,2025,314.131,90994.74423091,11.4185570281268
"2195","13N610255",2024-10-17,"10-2024",80000,2024,"2","X",2023,2025,315.564,80516.9157445083,11.2962225748039
"2196","13N610266",2024-06-20,"06-2024",86000,2024,"2","X",2023,2025,313.131,87228.2143895047,11.3762831170756
"2197","13N610343",2024-05-15,"05-2024",30000,2024,"2","I",2023,2025,313.14,30427.5723318643,10.3231044609331
"2198","13N610596",2024-05-30,"05-2024",74900,2024,"2","X",2023,2025,313.14,75967.5055885546,11.2380609697941
"2199","13N610662",2024-08-06,"08-2024",90500,2024,"2","X",2023,2025,314.131,91500.2705877484,11.4240972085024
"2200","13N611069",2024-10-31,"10-2024",99000,2024,"2","X",2023,2025,315.564,99639.683233829,11.5093157902646
"2201","13N611157",2024-07-03,"07-2024",85000,2024,"2","X",2023,2025,313.566,86094.3310180313,11.3631988464134
"2202","13N611520",2024-09-10,"09-2024",133000,2024,"2","X",2023,2025,314.851,134162.505439081,11.8068070713308
"2203","13N611685",2024-09-13,"09-2024",113000,2024,"2","X",2023,2025,314.851,113987.692591099,11.6438457618214
"2204","13N634224",2024-02-06,"02-2024",190000,2024,"2","X",2023,2025,311.022,194020.262232254,12.1757178770877
"2205","13N634576",2024-01-03,"01-2024",280000,2024,"2","I",2023,2025,309.794,287057.980464438,12.5674394968621
"2206","13N634576",2024-02-26,"02-2024",415000,2024,"2","X",2023,2025,311.022,423781.099086238,12.9569723251579
"2207","13N634950",2024-04-25,"04-2024",180000,2024,"2","X",2023,2025,313.016,182637.756536407,12.1152599976
"2208","13N640373",2024-11-18,"11-2024",92000,2024,"2","X",2023,2025,316.449,92335.4979791372,11.4331839400439
"2209","13N641734",2024-08-22,"08-2024",315000,2024,"2","X",2023,2025,314.131,318481.604808185,12.6713199966221
"2210","13N641826",2024-04-11,"04-2024",170500,2024,"2","I",2023,2025,313.016,172998.541608097,12.0610384434334
"2211","13O110572",2024-06-21,"06-2024",4e+05,2024,"2","4",2023,2025,313.131,405712.625067464,12.9134003679301
"2212","13O120133",2024-05-29,"05-2024",414557,2024,"2","X",2023,2025,313.14,420465.43677269,12.9491175594704
"2213","13O120308",2024-07-11,"07-2024",355000,2024,"2","X",2023,2025,313.566,359570.441310601,12.7926653793985
"2214","13O120409",2024-06-06,"06-2024",320000,2024,"2","X",2023,2025,313.131,324570.100053971,12.6902568166159
"2215","13O120775",2024-03-20,"03-2024",420500,2024,"2","X",2023,2025,312.107,427904.729788182,12.9666558558334
"2216","13O130639",2024-08-13,"08-2024",210000,2024,"2","I",2023,2025,314.131,212321.069872123,12.265854888514
"2217","13O130721",2024-08-30,"08-2024",419000,2024,"2","X",2023,2025,314.131,423631.08703057,12.9566182777186
"2218","13O131292",2024-06-17,"06-2024",445000,2024,"2","X",2023,2025,313.131,451355.295387554,13.0200101029884
"2219","13O140492",2024-06-12,"06-2024",285500,2024,"2","X",2023,2025,313.131,289577.386141902,12.5761778499182
"2220","13O210618",2024-02-20,"02-2024",268770,2024,"2","5",2023,2025,311.022,274456.978316646,12.5225498002048
"2221","13O210920",2024-03-06,"03-2024",152000,2024,"2","5",2023,2025,312.107,154676.620517963,11.9490918972666
"2222","13O210920",2024-04-01,"04-2024",261000,2024,"2","X",2023,2025,313.016,264824.74697779,12.4868235540325
"2223","13O211174",2024-09-11,"09-2024",10000,2024,"2","I",2023,2025,314.851,10087.406423991,9.21904303610306
"2224","13O220141",2024-04-02,"04-2024",302500,2024,"2","X",2023,2025,313.016,306932.896401462,12.6343844241807
"2225","13O220729",2024-06-17,"06-2024",4e+05,2024,"2","X",2023,2025,313.131,405712.625067464,12.9134003679301
"2226","13O230692",2024-05-21,"05-2024",255000,2024,"2","X",2023,2025,313.14,258634.364820847,12.4631706244294
"2227","13O230720",2024-05-17,"05-2024",245000,2024,"2","X",2023,2025,313.14,248491.840710225,12.4231652898157
"2228","13O230876",2024-02-02,"02-2024",369150,2024,"2","X",2023,2025,311.022,376960.946331771,12.8398968704324
"2229","13O241610",2024-06-26,"06-2024",78078,2024,"2","4",2023,2025,313.131,79193.0758500436,11.2796441478448
"2230","13O241766",2024-08-19,"08-2024",2e+05,2024,"2","X",2023,2025,314.131,202210.542735356,12.2170647243445
"2231","13O241849",2024-07-10,"07-2024",177000,2024,"2","X",2023,2025,313.566,179278.783414018,12.096697322497
"2232","13O310075",2024-09-04,"09-2024",333000,2024,"2","X",2023,2025,314.851,335910.633918901,12.7246004330895
"2233","13O340115",2024-02-13,"02-2024",170500,2024,"2","5",2023,2025,311.022,174107.656371575,12.0674291016508
"2234","13O410351",2024-09-30,"09-2024",234000,2024,"2","X",2023,2025,314.851,236045.31032139,12.3717790584667
"2235","13O420174",2024-05-17,"05-2024",304000,2024,"2","X",2023,2025,313.14,308332.732962892,12.6389347806772
"2236","13O420561",2024-08-19,"08-2024",270000,2024,"2","Z",2023,2025,314.131,272984.23269273,12.5171693167949
"2237","13O420581",2024-04-04,"04-2024",210000,2024,"2","I",2023,2025,313.016,213077.382625808,12.2694106774273
"2238","13O430382",2024-04-04,"04-2024",324500,2024,"2","X",2023,2025,313.016,329255.288867023,12.704588682854
"2239","13O430544",2024-03-18,"03-2024",168250,2024,"2","I",2023,2025,312.107,171212.772382548,12.0506623449452
"2240","13O431097",2024-07-08,"07-2024",280000,2024,"2","X",2023,2025,313.566,283604.855118221,12.5553371930924
"2241","13O431231",2024-07-12,"07-2024",190000,2024,"2","I",2023,2025,313.566,192446.151687364,12.1675716620836
"2242","13O431240",2024-05-01,"05-2024",192000,2024,"2","I",2023,2025,313.14,194736.462923932,12.1794024512987
"2243","13O440183",2024-08-12,"08-2024",3e+05,2024,"2","X",2023,2025,314.131,303315.814103033,12.6225298324527
"2244","13O440352",2024-08-21,"08-2024",288500,2024,"2","X",2023,2025,314.131,291688.707895751,12.5834424437447
"2245","13O510275",2024-04-11,"04-2024",277000,2024,"2","X",2023,2025,313.016,281059.214225471,12.5463206528971
"2246","13O510532",2024-08-12,"08-2024",270000,2024,"2","X",2023,2025,314.131,272984.23269273,12.5171693167949
"2247","13O510770",2024-08-27,"08-2024",287000,2024,"2","X",2023,2025,314.131,290172.128825235,12.5782295735561
"2248","13O510990",2024-06-12,"06-2024",285000,2024,"2","X",2023,2025,313.131,289070.245360568,12.5744250010908
"2249","13O511045",2024-02-14,"02-2024",280000,2024,"2","X",2023,2025,311.022,285924.596973848,12.5634834080964
"2250","13O521022",2024-03-26,"03-2024",185000,2024,"2","X",2023,2025,312.107,188257.72891989,12.1455672014987
"2251","13O521451",2024-06-06,"06-2024",189000,2024,"2","X",2023,2025,313.131,191699.215344377,12.1636828358818
"2252","13O521495",2024-02-21,"02-2024",187000,2024,"2","X",2023,2025,311.022,190956.784407534,12.1598024217818
"2253","13O522090",2024-07-03,"07-2024",305000,2024,"2","X",2023,2025,313.566,308926.717182348,12.6408593665305
"2254","13O530314",2024-08-21,"08-2024",227000,2024,"2","X",2023,2025,314.131,229508.966004629,12.3436973752779
"2255","13O540205",2024-10-03,"10-2024",205000,2024,"2","X",2023,2025,315.564,206324.596595302,12.2372059192684
"2256","13O540351",2024-03-12,"03-2024",263000,2024,"2","X",2023,2025,312.107,267631.257869897,12.4973654085981
"2257","13O540883",2024-07-03,"07-2024",245000,2024,"2","X",2023,2025,313.566,248154.248228443,12.4218058004679
"2258","13O620312",2024-10-17,"10-2024",218000,2024,"2","X",2023,2025,315.564,219408.595403785,12.2986910029191
"2259","13O621012",2024-09-03,"09-2024",270000,2024,"2","X",2023,2025,314.851,272359.973447758,12.5148799021074
"2260","13O640064",2024-02-29,"02-2024",210000,2024,"2","X",2023,2025,311.022,214443.447730386,12.2758013356447
"2261","13O640262",2024-08-30,"08-2024",216000,2024,"2","X",2023,2025,314.131,218387.386154184,12.2940257654807
"2262","13O640406",2024-05-24,"05-2024",258000,2024,"2","X",2023,2025,313.14,261677.122054033,12.4748666641926
"2263","13O640451",2024-08-21,"08-2024",215000,2024,"2","X",2023,2025,314.131,217376.333440507,12.2893853859242
"2264","13O640653",2024-08-09,"08-2024",250000,2024,"2","X",2023,2025,314.131,252763.178419195,12.4402082756588
"2265","13O641197",2024-03-14,"03-2024",265000,2024,"2","X",2023,2025,312.107,269666.476560923,12.5049412024066
"2266","13O641296",2024-06-28,"06-2024",260000,2024,"2","X",2023,2025,313.131,263713.206293851,12.4826174518377
"2267","13O641313",2024-08-22,"08-2024",295000,2024,"2","X",2023,2025,314.131,298260.55053465,12.6057227141363
"2268","13O641472",2024-08-27,"08-2024",225000,2024,"2","X",2023,2025,314.131,227486.860577275,12.3348477600009
"2269","13P320260",2024-07-02,"07-2024",391500,2024,"2","I",2023,2025,313.566,396540.359924227,12.890533105354
"2270","13P320563",2024-10-07,"10-2024",160000,2024,"2","X",2023,2025,315.564,161033.831489017,11.9893697553638
"2271","13P320738",2024-08-30,"08-2024",117500,2024,"2","5",2023,2025,314.131,118798.693857021,11.6851856913807
"2272","13P320783",2024-11-25,"11-2024",185000,2024,"2","X",2023,2025,316.449,185674.642675439,12.1317511880732
"2273","13P330193",2024-03-27,"03-2024",142000,2024,"2","I",2023,2025,312.107,144500.527062834,11.8810384340216
"2274","13P330193",2024-06-17,"06-2024",2e+05,2024,"2","X",2023,2025,313.131,202856.312533732,12.2202531873702
"2275","13P330252",2024-09-30,"09-2024",150000,2024,"2","X",2023,2025,314.851,151311.096359865,11.9270932372053
"2276","13P330261",2024-10-25,"10-2024",163000,2024,"2","X",2023,2025,315.564,164053.215829436,12.0079461409367
"2277","13P330867",2024-04-01,"04-2024",160000,2024,"2","X",2023,2025,313.016,162344.672476806,11.9974769619436
"2278","13P340235",2024-10-17,"10-2024",315000,2024,"2","X",2023,2025,315.564,317035.355744001,12.6667685789556
"2279","13P340491",2024-11-12,"11-2024",148000,2024,"2","X",2023,2025,316.449,148539.714140351,11.908607636759
"2280","13P340620",2024-07-26,"07-2024",172000,2024,"2","X",2023,2025,313.566,174214.411001193,12.0680420667366
"2281","13P340693",2024-05-14,"05-2024",235000,2024,"2","X",2023,2025,313.14,238349.316599604,12.3814925934151
"2282","13P340721",2024-07-15,"07-2024",172500,2024,"2","X",2023,2025,313.566,174720.848242475,12.0709448263945
"2283","13P341225",2024-09-26,"09-2024",214000,2024,"2","X",2023,2025,314.851,215870.497473408,12.2824339581309
"2284","13P341472",2024-02-07,"02-2024",188800,2024,"2","X",2023,2025,311.022,192794.871102366,12.1693820586386
"2285","13P341537",2024-08-23,"08-2024",2e+05,2024,"2","X",2023,2025,314.131,202210.542735356,12.2170647243445
"2286","13P620827",2024-10-02,"10-2024",170000,2024,"2","X",2023,2025,315.564,171098.44595708,12.0499943771802
"2287","13P620946",2024-11-15,"11-2024",150000,2024,"2","X",2023,2025,316.449,150547.00757468,11.9220306570912
"2288","13P621101",2024-08-21,"08-2024",164492,2024,"2","X",2023,2025,314.131,166310.082978121,12.0216092946005
"2289","13P640272",2024-02-08,"02-2024",354900,2024,"2","X",2023,2025,311.022,362409.426664352,12.8005298645796
"2290","14G110316",2024-10-23,"10-2024",22000,2024,"2","I",2023,2025,315.564,22142.1518297398,10.0052383934883
"2291","14G110527",2024-04-02,"04-2024",14000,2024,"2","I",2023,2025,313.016,14205.1588417206,9.56136047632507
"2292","14G111645",2024-04-26,"04-2024",55000,2024,"2","I",2023,2025,313.016,55805.9811639022,10.9296363319423
"2293","14G111645",2024-06-20,"06-2024",97500,2024,"2","X",2023,2025,313.131,98892.4523601943,11.5017881988259
"2294","14G111810",2024-06-20,"06-2024",189000,2024,"2","X",2023,2025,313.131,191699.215344377,12.1636828358818
"2295","14G111911",2024-10-22,"10-2024",178000,2024,"2","X",2023,2025,315.564,179150.137531531,12.0959794904221
"2296","14G112273",2024-05-08,"05-2024",36430,2024,"2","I",2023,2025,313.14,36949.2153349939,10.5172996902914
"2297","14G112332",2024-09-24,"09-2024",30000,2024,"2","I",2023,2025,314.851,30262.2192719731,10.3176553247712
"2298","14G120317",2024-05-10,"05-2024",70100,2024,"2","I",2023,2025,313.14,71099.0940154563,11.1718298733115
"2299","14G120317",2024-10-15,"10-2024",106000,2024,"2","X",2023,2025,315.564,106684.913361473,11.577635034242
"2300","14G120344",2024-08-30,"08-2024",20000,2024,"2","I",2023,2025,314.131,20221.0542735356,9.9144796313505
"2301","14G120610",2024-11-04,"11-2024",90200,2024,"2","X",2023,2025,316.449,90528.9338882411,11.4134247900635
"2302","14G122151",2024-07-23,"07-2024",92741,2024,"2","I",2023,2025,313.566,93934.9923875675,11.450358251662
"2303","14G140227",2024-08-08,"08-2024",103000,2024,"2","X",2023,2025,314.131,104138.429508708,11.5534763460261
"2304","14G140814",2024-09-10,"09-2024",85000,2024,"2","X",2023,2025,314.851,85742.9546039238,11.3591091995993
"2305","14G140942",2024-03-04,"03-2024",48175,2024,"2","I",2023,2025,312.107,49023.3302200848,10.8000515907208
"2306","14G141006",2024-07-10,"07-2024",55000,2024,"2","X",2023,2025,313.566,55708.0965410791,10.9278807751556
"2307","14G141262",2024-09-09,"09-2024",58500,2024,"2","I",2023,2025,314.851,59011.3275803475,10.9854846973468
"2308","14G211341",2024-06-07,"06-2024",25000,2024,"2","I",2023,2025,313.131,25357.0390667165,10.1408116456903
"2309","14G220183",2024-02-08,"02-2024",3500,2024,"2","I",2023,2025,311.022,3574.05746217309,8.18145677342255
"2310","14G220251",2024-04-10,"04-2024",70000,2024,"2","X",2023,2025,313.016,71025.7942086028,11.1707983887592
"2311","14G220857",2024-05-06,"05-2024",15000,2024,"2","I",2023,2025,313.14,15213.7861659322,9.62995728037317
"2312","14G221173",2024-02-14,"02-2024",26000,2024,"2","I",2023,2025,311.022,26550.1411475716,10.1867903429487
"2313","14G221324",2024-09-05,"09-2024",58000,2024,"2","X",2023,2025,314.851,58506.957259148,10.9769009536554
"2314","14G221553",2024-09-05,"09-2024",7000,2024,"2","I",2023,2025,314.851,7061.18449679372,8.86236809216433
"2315","14G221993",2024-11-12,"11-2024",40000,2024,"2","I",2023,2025,316.449,40145.8686865814,10.6002748171088
"2316","14G222103",2024-10-08,"10-2024",80000,2024,"2","X",2023,2025,315.564,80516.9157445083,11.2962225748039
"2317","14G222174",2024-04-11,"04-2024",59224,2024,"2","5",2023,2025,313.016,60091.8805172899,11.0036300118506
"2318","14G230061",2024-10-17,"10-2024",50000,2024,"2","I",2023,2025,315.564,50323.0723403177,10.8262189455581
"2319","14G230821",2024-07-24,"07-2024",80000,2024,"2","X",2023,2025,313.566,81029.9586052059,11.302574224597
"2320","14G231233",2024-01-12,"01-2024",75000,2024,"2","X",2023,2025,309.794,76890.5304815458,11.2501380072292
"2321","14G231471",2024-09-04,"09-2024",50122,2024,"2","I",2023,2025,314.851,50560.0984783278,10.8309179765706
"2322","14G231820",2024-08-22,"08-2024",35000,2024,"2","I",2023,2025,314.131,35386.8449786872,10.4740954192859
"2323","14G231967",2024-09-17,"09-2024",105000,2024,"2","X",2023,2025,314.851,105917.767451906,11.5704182932665
"2324","14G231985",2024-03-28,"03-2024",81600,2024,"2","X",2023,2025,312.107,83036.922593854,11.3270406383904
"2325","14G240244",2024-10-29,"10-2024",12000,2024,"2","I",2023,2025,315.564,12077.5373616762,9.39910258991798
"2326","14G241133",2024-06-12,"06-2024",23500,2024,"2","Z",2023,2025,313.131,23835.6167227135,10.0789362419723
"2327","14G241977",2024-05-29,"05-2024",65000,2024,"2","I",2023,2025,313.14,65926.4067190394,11.0962943491666
"2328","14G242013",2024-03-01,"03-2024",56500,2024,"2","X",2023,2025,312.107,57494.9280214798,10.9594520145728
"2329","14G242031",2024-03-14,"03-2024",29000,2024,"2","I",2023,2025,312.107,29510.6710198746,10.2925072064068
"2330","14G242316",2024-11-07,"11-2024",60000,2024,"2","4",2023,2025,316.449,60218.8030298721,11.005739925217
"2331","14G310174",2024-07-23,"07-2024",127400,2024,"2","X",2023,2025,313.566,129040.20907879,11.7678793330612
"2332","14G330307",2024-09-05,"09-2024",62400,2024,"2","5",2023,2025,314.851,62945.416085704,11.0500232184844
"2333","14G330619",2024-03-26,"03-2024",75000,2024,"2","X",2023,2025,312.107,76320.7009134688,11.2426994899567
"2334","14G330655",2024-05-20,"05-2024",71600,2024,"2","I",2023,2025,313.14,72620.4726320496,11.1930021532376
"2335","14G330765",2024-09-03,"09-2024",51000,2024,"2","I",2023,2025,314.851,51445.7727623543,10.8482835758333
"2336","14G330802",2024-01-24,"01-2024",50000,2024,"2","X",2023,2025,309.794,51260.3536543639,10.844672899121
"2337","14G331085",2024-04-23,"04-2024",33750,2024,"2","5",2023,2025,313.016,34244.5793505763,10.4412835640283
"2338","14G331085",2024-10-25,"10-2024",35000,2024,"2","Z",2023,2025,315.564,35226.1506382224,10.4695440016194
"2339","14G331195",2024-06-13,"06-2024",20000,2024,"2","I",2023,2025,313.131,20285.6312533732,9.91766809437613
"2340","14G340032",2024-08-14,"08-2024",64900,2024,"2","X",2023,2025,314.131,65617.3211176229,11.0915949815066
"2341","14G420064",2024-06-12,"06-2024",10000,2024,"2","I",2023,2025,313.131,10142.8156266866,9.22452091381619
"2342","14G420323",2024-10-16,"10-2024",47000,2024,"2","I",2023,2025,315.564,47303.6879998986,10.76434354184
"2343","14G420415",2024-05-13,"05-2024",27000,2024,"2","I",2023,2025,313.14,27384.8150986779,10.2177439452753
"2344","14G420617",2024-01-09,"01-2024",108000,2024,"2","X",2023,2025,309.794,110722.363893426,11.6147811208171
"2345","14G420680",2024-09-04,"09-2024",37145,2024,"2","I",2023,2025,314.851,37469.6711619147,10.5312871157128
"2346","14G440408",2024-02-29,"02-2024",115000,2024,"2","X",2023,2025,311.022,117433.316614259,11.6736259332904
"2347","14G510275",2024-07-02,"07-2024",134000,2024,"2","X",2023,2025,313.566,135725.18066372,11.818387389874
"2348","14G510396",2024-03-04,"03-2024",45000,2024,"2","I",2023,2025,312.107,45792.4205480813,10.7318738661907
"2349","14G510413",2024-08-29,"08-2024",60000,2024,"2","I",2023,2025,314.131,60663.1628206067,11.0130919200186
"2350","14G510693",2024-08-20,"08-2024",75000,2024,"2","X",2023,2025,314.131,75828.9535257584,11.2362354713328
"2351","14G510963",2024-03-25,"03-2024",20206,2024,"2","5",2023,2025,312.107,20561.814435434,9.93119096642591
"2352","14G510963",2024-11-20,"11-2024",15000,2024,"2","I",2023,2025,316.449,15054.700757468,9.6194455640971
"2353","14G511166",2024-08-15,"08-2024",76000,2024,"2","I",2023,2025,314.131,76840.0062394351,11.2494806980828
"2354","14G511412",2024-09-11,"09-2024",118000,2024,"2","X",2023,2025,314.851,119031.395803094,11.6871425675747
"2355","14G511452",2024-04-26,"04-2024",27000,2024,"2","Z",2023,2025,313.016,27395.6634804611,10.2181400127141
"2356","14G511584",2024-05-02,"05-2024",12000,2024,"2","I",2023,2025,313.14,12171.0289327457,9.40681372905896
"2357","14G520582",2024-05-14,"05-2024",40000,2024,"2","I",2023,2025,313.14,40570.0964424858,10.6107865333849
"2358","14G521044",2024-07-25,"07-2024",37500,2024,"2","I",2023,2025,313.566,37982.7930961903,10.5448885228995
"2359","14G521495",2024-09-26,"09-2024",65000,2024,"2","X",2023,2025,314.851,65568.1417559417,11.0908452130047
"2360","14G521716",2024-05-13,"05-2024",85000,2024,"2","Z",2023,2025,313.14,86211.4549402823,11.3645583357613
"2361","14G530185",2024-03-04,"03-2024",60000,2024,"2","X",2023,2025,312.107,61056.560730775,11.0195559386425
"2362","14G530240",2024-05-06,"05-2024",46761,2024,"2","5",2023,2025,313.14,47427.4569936769,10.766956601446
"2363","14G530262",2024-01-11,"01-2024",15000,2024,"2","I",2023,2025,309.794,15378.1060963092,9.64070009479509
"2364","14G530415",2024-05-14,"05-2024",195000,2024,"2","I",2023,2025,313.14,197779.220157118,12.1949066378347
"2365","14G530671",2024-06-17,"06-2024",53821,2024,"2","5",2023,2025,313.131,54589.6479843899,10.9075995464017
"2366","14G530745",2024-08-30,"08-2024",31057,2024,"2","5",2023,2025,314.131,31400.2641286597,10.3545715836017
"2367","14G531362",2024-09-30,"09-2024",73000,2024,"2","I",2023,2025,314.851,73638.0668951345,11.2069173842574
"2368","14G531616",2024-04-23,"04-2024",7000,2024,"2","I",2023,2025,313.016,7102.57942086028,8.86821329576512
"2369","14G540294",2024-02-28,"02-2024",62000,2024,"2","X",2023,2025,311.022,63311.8750442091,11.0558281899723
"2370","14G541075",2024-10-23,"10-2024",46000,2024,"2","I",2023,2025,315.564,46297.2265530922,10.7428373366191
"2371","14G541112",2024-07-24,"07-2024",25000,2024,"2","I",2023,2025,313.566,25321.8620641269,10.1394234147913
"2372","14G610397",2024-07-24,"07-2024",15000,2024,"2","I",2023,2025,313.566,15193.1172384761,9.62859779102534
"2373","14G610504",2024-03-18,"03-2024",19500,2024,"2","I",2023,2025,312.107,19843.3822375019,9.89562584199007
"2374","14G610782",2024-11-08,"11-2024",22000,2024,"2","I",2023,2025,316.449,22080.2277776198,10.0024378163532
"2375","14G611783",2024-05-02,"05-2024",7000,2024,"2","I",2023,2025,313.14,7099.76687743501,8.86781722832627
"2376","14G620011",2024-05-16,"05-2024",10000,2024,"2","I",2023,2025,313.14,10142.5241106214,9.224492172265
"2377","14G620033",2024-08-15,"08-2024",68000,2024,"2","I",2023,2025,314.131,68751.5845300209,11.1382550629726
"2378","14G620312",2024-06-17,"06-2024",27000,2024,"2","I",2023,2025,313.131,27385.6021920538,10.2177726868265
"2379","14G620385",2024-01-31,"01-2024",107315,2024,"2","5",2023,2025,309.794,110020.097048361,11.6084183285265
"2380","14G620484",2024-02-05,"02-2024",125000,2024,"2","I",2023,2025,311.022,127644.909363325,11.7570075422295
"2381","14G630065",2024-03-25,"03-2024",10000,2024,"2","I",2023,2025,312.107,10176.0934551292,9.22779646941442
"2382","14G630065",2024-05-17,"05-2024",29000,2024,"2","I",2023,2025,313.14,29413.3199208022,10.2892029092574
"2383","14G630551",2024-07-19,"07-2024",5500,2024,"2","I",2023,2025,313.566,5570.80965410791,8.62529568216155
"2384","14G640251",2024-02-09,"02-2024",105000,2024,"2","X",2023,2025,311.022,107221.723865193,11.5826541550847
"2385","14G640525",2024-10-03,"10-2024",5000,2024,"2","I",2023,2025,315.564,5032.30723403177,8.52363385256408
"2386","14G640819",2024-10-09,"10-2024",39000,2024,"2","X",2023,2025,315.564,39251.9964254478,10.5777575862596
"2387","14G641001",2024-04-24,"04-2024",26000,2024,"2","I",2023,2025,313.016,26381.009277481,10.1803996847313
"2388","14H120208",2024-04-03,"04-2024",180000,2024,"2","X",2023,2025,313.016,182637.756536407,12.1152599976
"2389","14H120280",2024-08-05,"08-2024",210000,2024,"2","I",2023,2025,314.131,212321.069872123,12.265854888514
"2390","14H140190",2024-04-23,"04-2024",120000,2024,"2","I",2023,2025,313.016,121758.504357605,11.7097948894919
"2391","14H140392",2024-07-03,"07-2024",148500,2024,"2","X",2023,2025,313.566,150411.860660914,11.9211325481659
"2392","14H140604",2024-01-26,"01-2024",142600,2024,"2","X",2023,2025,309.794,146194.528622246,11.8926934016731
"2393","14H140732",2024-09-03,"09-2024",220000,2024,"2","X",2023,2025,314.851,221922.941327803,12.3100854894614
"2394","14H220692",2024-08-01,"08-2024",220000,2024,"2","X",2023,2025,314.131,222431.597008891,12.3123749041489
"2395","14H221013",2024-05-03,"05-2024",325000,2024,"2","X",2023,2025,313.14,329632.033595197,12.7057322616007
"2396","14H221215",2024-04-12,"04-2024",515000,2024,"2","X",2023,2025,313.016,522546.91453472,13.1664700473735
"2397","14H221224",2024-08-29,"08-2024",308000,2024,"2","X",2023,2025,314.131,311404.235812448,12.6488471407701
"2398","14H230309",2024-10-25,"10-2024",220000,2024,"2","X",2023,2025,315.564,221421.518297398,12.3078234864823
"2399","14H230941",2024-10-16,"10-2024",96800,2024,"2","I",2023,2025,315.564,97425.468050855,11.4868429344125
"2400","14H240144",2024-04-05,"04-2024",403000,2024,"2","X",2023,2025,313.016,408905.643800956,12.9212397086565
"2401","14H240209",2024-09-06,"09-2024",146900,2024,"2","5",2023,2025,314.851,148184.000368428,11.9062100262888
"2402","14H240263",2024-07-22,"07-2024",394900,2024,"2","X",2023,2025,313.566,399984.133164948,12.8991801582157
"2403","14H241262",2024-04-17,"04-2024",380000,2024,"2","X",2023,2025,313.016,385568.597132415,12.8624743994302
"2404","14H310315",2024-03-19,"03-2024",85000,2024,"2","X",2023,2025,312.107,86496.7943685979,11.3678626329107
"2405","14H320215",2024-01-10,"01-2024",56900,2024,"2","I",2023,2025,309.794,58334.2824586661,10.9739452348252
"2406","14H320738",2024-05-10,"05-2024",90000,2024,"2","I",2023,2025,313.14,91282.716995593,11.4217167496012
"2407","14H321481",2024-07-03,"07-2024",107613,2024,"2","5",2023,2025,313.566,108998.461692275,11.5990890481968
"2408","14H321618",2024-08-30,"08-2024",58000,2024,"2","I",2023,2025,314.131,58641.0573932531,10.9791903683429
"2409","14H330748",2024-10-09,"10-2024",45000,2024,"2","I",2023,2025,315.564,45290.7651062859,10.7208584299003
"2410","14H340093",2024-09-24,"09-2024",95000,2024,"2","I",2023,2025,314.851,95830.3610279148,11.4703348347096
"2411","14H340868",2024-03-15,"03-2024",92481,2024,"2","I",2023,2025,312.107,94109.5298823801,11.4522145944348
"2412","14H340868",2024-09-24,"09-2024",185000,2024,"2","X",2023,2025,314.851,186617.018843834,12.1368137681873
"2413","14H341124",2024-07-03,"07-2024",161500,2024,"2","X",2023,2025,313.566,163579.228934259,12.0050527325858
"2414","14H341317",2024-07-11,"07-2024",140000,2024,"2","X",2023,2025,313.566,141802.42755911,11.8621900125324
"2415","14H420241",2024-04-10,"04-2024",70000,2024,"2","I",2023,2025,313.016,71025.7942086028,11.1707983887592
"2416","14H421011",2024-01-12,"01-2024",91200,2024,"2","5",2023,2025,309.794,93498.8850655597,11.4457047907732
"2417","14H510203",2024-07-30,"07-2024",190000,2024,"2","X",2023,2025,313.566,192446.151687364,12.1675716620836
"2418","14H510483",2024-09-06,"09-2024",185000,2024,"2","X",2023,2025,314.851,186617.018843834,12.1368137681873
"2419","14H510964",2024-11-04,"11-2024",25000,2024,"2","5",2023,2025,316.449,25091.1679291134,10.1302711878631
"2420","14H510973",2024-10-07,"10-2024",78000,2024,"2","I",2023,2025,315.564,78503.9928508955,11.2709047668196
"2421","14H511176",2024-10-31,"10-2024",70000,2024,"2","I",2023,2025,315.564,70452.3012764447,11.1626911821793
"2422","14H530113",2024-03-18,"03-2024",130942,2024,"2","I",2023,2025,312.107,133247.802920152,11.799965853488
"2423","14H530131",2024-07-18,"07-2024",75000,2024,"2","4",2023,2025,313.566,75965.5861923806,11.2380357034594
"2424","14H530131",2024-07-18,"07-2024",75000,2024,"2","X",2023,2025,313.566,75965.5861923806,11.2380357034594
"2425","14H530223",2024-02-13,"02-2024",45000,2024,"2","I",2023,2025,311.022,45952.1673707969,10.7353562946975
"2426","14H530306",2024-09-09,"09-2024",61000,2024,"2","I",2023,2025,314.851,61533.1791863453,11.0273318072823
"2427","14H530535",2024-07-11,"07-2024",32500,2024,"2","I",2023,2025,313.566,32918.4206833649,10.4017876792588
"2428","14H531031",2024-04-30,"04-2024",98000,2024,"2","I",2023,2025,313.016,99436.1118920439,11.5072706253804
"2429","14H531053",2024-02-29,"02-2024",29477,2024,"2","I",2023,2025,311.022,30100.7119464218,10.3123041031623
"2430","14H540132",2024-07-15,"07-2024",56000,2024,"2","I",2023,2025,313.566,56720.9710236442,10.9458992806583
"2431","14H540224",2024-01-11,"01-2024",85000,2024,"2","X",2023,2025,309.794,87142.6012124186,11.3753011501832
"2432","14J120122",2024-05-28,"05-2024",83000,2024,"2","X",2023,2025,313.14,84182.950118158,11.3407476870676
"2433","14J121244",2024-10-15,"10-2024",133000,2024,"2","X",2023,2025,315.564,133859.372425245,11.8045450683517
"2434","14J130671",2024-03-27,"03-2024",13161088,2024,"2","X",2023,2025,312.107,13392846.1459179,16.4102312526543
"2435","14J140762",2024-10-17,"10-2024",37000,2024,"2","I",2023,2025,315.564,37239.0735318351,10.5251138527742
"2436","14J141110",2024-06-25,"06-2024",80000,2024,"2","X",2023,2025,313.131,81142.5250134928,11.303962455496
"2437","14J210179",2024-09-03,"09-2024",240000,2024,"2","X",2023,2025,314.851,242097.754175785,12.397096866451
"2438","14J210223",2024-09-17,"09-2024",172300,2024,"2","5",2023,2025,314.851,173806.012685365,12.0656950866429
"2439","14J210553",2024-08-02,"08-2024",250000,2024,"2","X",2023,2025,314.131,252763.178419195,12.4402082756588
"2440","14J211390",2024-02-23,"02-2024",238000,2024,"2","X",2023,2025,311.022,243035.90742777,12.4009644785987
"2441","14J211400",2024-02-15,"02-2024",307000,2024,"2","X",2023,2025,311.022,313495.897396326,12.6555415525144
"2442","14J220190",2024-03-11,"03-2024",250000,2024,"2","X",2023,2025,312.107,254402.336378229,12.4466722942826
"2443","14J220662",2024-09-17,"09-2024",102500,2024,"2","5",2023,2025,314.851,103395.915845908,11.5463207416875
"2444","14J220860",2024-06-12,"06-2024",62500,2024,"2","I",2023,2025,313.131,63392.5976667912,11.0571023775645
"2445","14J221388",2024-05-14,"05-2024",245000,2024,"2","X",2023,2025,313.14,248491.840710225,12.4231652898157
"2446","14J310972",2024-01-03,"01-2024",115000,2024,"2","I",2023,2025,309.794,117898.813405037,11.6775820220561
"2447","14J320201",2024-10-29,"10-2024",250000,2024,"2","X",2023,2025,315.564,251615.361701588,12.4356568579922
"2448","14J330167",2024-01-24,"01-2024",3e+05,2024,"2","X",2023,2025,309.794,307562.121926183,12.6364323683491
"2449","14J410050",2024-05-06,"05-2024",187000,2024,"2","X",2023,2025,313.14,189665.200868621,12.1530156961255
"2450","14J420015",2024-07-24,"07-2024",83500,2024,"2","I",2023,2025,313.566,84575.0192941837,11.3453942217799
"2451","14J420071",2024-10-31,"10-2024",62219,2024,"2","I",2023,2025,315.564,62621.0247588445,11.0448563594677
"2452","14J421027",2024-03-05,"03-2024",82000,2024,"2","X",2023,2025,312.107,83443.9663320592,11.3319306236846
"2453","14J421049",2024-02-21,"02-2024",50000,2024,"2","I",2023,2025,311.022,51057.9637453299,10.8407168103553
"2454","14J421049",2024-08-09,"08-2024",120000,2024,"2","X",2023,2025,314.131,121326.325641213,11.7062391005786
"2455","14J510325",2024-03-12,"03-2024",75000,2024,"2","X",2023,2025,312.107,76320.7009134688,11.2426994899567
"2456","14J510424",2024-05-21,"05-2024",60000,2024,"2","I",2023,2025,313.14,60855.1446637287,11.0162516414931
"2457","14J510912",2024-02-13,"02-2024",73900,2024,"2","I",2023,2025,311.022,75463.6704155976,11.2314066328813
"2458","14J510996",2024-11-12,"11-2024",74100,2024,"2","5",2023,2025,316.449,74370.221741892,11.2168108952969
"2459","14J511580",2024-11-06,"11-2024",70000,2024,"2","I",2023,2025,316.449,70255.2702015175,11.1598906050443
"2460","14J520874",2024-06-26,"06-2024",9000,2024,"2","I",2023,2025,313.131,9128.53406401794,9.11916039815836
"2461","14J530642",2024-07-08,"07-2024",63000,2024,"2","X",2023,2025,313.566,63811.0924015997,11.0636823163147
"2462","14J540366",2024-08-22,"08-2024",110000,2024,"2","X",2023,2025,314.131,111215.798504446,11.6192277235889
"2463","14J540652",2024-01-05,"01-2024",95000,2024,"2","X",2023,2025,309.794,97394.6719432914,11.4865267852934
"2464","14J610085",2024-10-28,"10-2024",410000,2024,"2","X",2023,2025,315.564,412649.193190605,12.9303530998283
"2465","14K110067",2024-03-28,"03-2024",720000,2024,"2","4",2023,2025,312.107,732678.7287693,13.5044625884305
"2466","14K110089",2024-01-08,"01-2024",228500,2024,"2","X",2023,2025,309.794,234259.816200443,12.3641861040271
"2467","14K110771",2024-04-19,"04-2024",156250,2024,"2","I",2023,2025,313.016,158539.719215631,11.9737604353263
"2468","14K110782",2024-03-19,"03-2024",60000,2024,"2","I",2023,2025,312.107,61056.560730775,11.0195559386425
"2469","14K110782",2024-06-26,"06-2024",185000,2024,"2","X",2023,2025,313.131,187642.089093702,12.1422916459005
"2470","14K110834",2024-02-15,"02-2024",75000,2024,"2","I",2023,2025,311.022,76586.9456179949,11.2461819184635
"2471","14K110834",2024-09-05,"09-2024",208000,2024,"2","X",2023,2025,314.851,209818.053619013,12.2539960228103
"2472","14K110892",2024-07-08,"07-2024",207000,2024,"2","X",2023,2025,313.566,209665.01789097,12.2532663831885
"2473","14K120523",2024-05-08,"05-2024",135000,2024,"2","X",2023,2025,313.14,136924.07549339,11.8271818577094
"2474","14K120844",2024-07-12,"07-2024",169900,2024,"2","X",2023,2025,313.566,172087.374587806,12.055757618601
"2475","14K120981",2024-07-11,"07-2024",116000,2024,"2","X",2023,2025,313.566,117493.439977549,11.6741377810295
"2476","14K121265",2024-02-20,"02-2024",130000,2024,"2","X",2023,2025,311.022,132750.705737858,11.7962282553828
"2477","14K121441",2024-10-17,"10-2024",151650,2024,"2","X",2023,2025,315.564,152629.878408183,11.9357711742646
"2478","14K130395",2024-03-15,"03-2024",150000,2024,"2","X",2023,2025,312.107,152641.401826938,11.9358466705166
"2479","14K130571",2024-04-01,"04-2024",89500,2024,"2","5",2023,2025,313.016,90811.5511667135,11.4165417719906
"2480","14K130708",2024-10-24,"10-2024",142000,2024,"2","X",2023,2025,315.564,142917.525446502,11.8700229977312
"2481","14K131088",2024-03-04,"03-2024",111000,2024,"2","I",2023,2025,312.107,112954.637351934,11.6347415777327
"2482","14K140103",2024-08-14,"08-2024",160000,2024,"2","I",2023,2025,314.131,161768.434188285,11.9939211730303
"2483","14K140163",2024-03-26,"03-2024",179000,2024,"2","I",2023,2025,312.107,182152.072846812,12.1125971822611
"2484","14K140516",2024-07-12,"07-2024",150000,2024,"2","X",2023,2025,313.566,151931.172384761,11.9311828840194
"2485","14K140718",2024-09-19,"09-2024",172000,2024,"2","X",2023,2025,314.851,173503.390492646,12.0639524199225
"2486","14K140873",2024-09-20,"09-2024",92000,2024,"2","I",2023,2025,314.851,92804.1391007175,11.4382465201581
"2487","14K140901",2024-01-26,"01-2024",143000,2024,"2","X",2023,2025,309.794,146604.611451481,11.8954945239528
"2488","14K210024",2024-07-01,"07-2024",130000,2024,"2","I",2023,2025,313.566,131673.68273346,11.7880820403787
"2489","14K210156",2024-06-27,"06-2024",125000,2024,"2","I",2023,2025,313.131,126785.195333582,11.7502495581244
"2490","14K210512",2024-05-03,"05-2024",145000,2024,"2","X",2023,2025,313.14,147066.599604011,11.8986408216915
"2491","14K210596",2024-05-01,"05-2024",162700,2024,"2","X",2023,2025,313.14,165018.867279811,12.0138150934959
"2492","14K210842",2024-02-21,"02-2024",79000,2024,"2","I",2023,2025,311.022,80671.5827176213,11.2981416573942
"2493","14K221134",2024-04-01,"04-2024",75000,2024,"2","I",2023,2025,313.016,76099.065223503,11.2397912602461
"2494","14K230011",2024-02-27,"02-2024",182000,2024,"2","X",2023,2025,311.022,185850.988033001,12.132700492004
"2495","14K230275",2024-07-26,"07-2024",225000,2024,"2","X",2023,2025,313.566,227896.758577142,12.3366479921275
"2496","14K230330",2024-09-12,"09-2024",270000,2024,"2","X",2023,2025,314.851,272359.973447758,12.5148799021074
"2497","14K230752",2024-10-25,"10-2024",140000,2024,"2","X",2023,2025,315.564,140904.602552889,11.8558383627393
"2498","14K240131",2024-03-05,"03-2024",227500,2024,"2","X",2023,2025,312.107,231506.126104189,12.3523616148114
"2499","14K240593",2024-10-29,"10-2024",165000,2024,"2","X",2023,2025,315.564,166066.138723048,12.0201414140306
"2500","14K240982",2024-07-01,"07-2024",225000,2024,"2","F",2023,2025,313.566,227896.758577142,12.3366479921275
"2501","14K330243",2024-01-04,"01-2024",178000,2024,"2","X",2023,2025,309.794,182486.859009535,12.114433443985
"2502","14K330595",2024-04-19,"04-2024",170000,2024,"2","X",2023,2025,313.016,172491.214506607,12.0581015837601
"2503","14K331211",2024-03-20,"03-2024",155000,2024,"2","X",2023,2025,312.107,157729.448554502,11.9686364933396
"2504","14K331255",2024-02-08,"02-2024",77000,2024,"2","I",2023,2025,311.022,78629.2641678081,11.2724992267809
"2505","14K331310",2024-05-30,"05-2024",77500,2024,"2","I",2023,2025,313.14,78604.5618573162,11.2721850156303
"2506","14K331640",2024-04-05,"04-2024",99900,2024,"2","I",2023,2025,313.016,101363.954877706,11.5264728323643
"2507","14K340099",2024-08-12,"08-2024",145000,2024,"2","X",2023,2025,314.131,146602.643483133,11.8954811002171
"2508","14K340583",2024-08-20,"08-2024",153000,2024,"2","X",2023,2025,314.131,154691.065192547,11.9491852791889
"2509","14K410598",2024-05-31,"05-2024",130000,2024,"2","X",2023,2025,313.14,131852.813438079,11.7894415297265
"2510","14K420612",2024-04-16,"04-2024",58500,2024,"2","I",2023,2025,313.016,59357.2708743323,10.9913299009476
"2511","14K420696",2024-08-19,"08-2024",125000,2024,"2","X",2023,2025,314.131,126381.589209597,11.7470610950988
"2512","14K420814",2024-04-26,"04-2024",150150,2024,"2","I",2023,2025,313.016,152350.328577453,11.9339379411391
"2513","14K430343",2024-01-26,"01-2024",122500,2024,"2","X",2023,2025,309.794,125587.866453191,11.7407609236777
"2514","14K430512",2024-06-20,"06-2024",215000,2024,"2","X",2023,2025,313.131,218070.535973762,12.2925738489498
"2515","14K440155",2024-09-05,"09-2024",133900,2024,"2","X",2023,2025,314.851,135070.37201724,11.8135511958061
"2516","14K440177",2024-06-07,"06-2024",187000,2024,"2","X",2023,2025,313.131,189670.652219039,12.1530444376767
"2517","14K440595",2024-02-02,"02-2024",122500,2024,"2","X",2023,2025,311.022,125092.011176058,11.736804834912
"2518","14K440623",2024-08-12,"08-2024",85000,2024,"2","5",2023,2025,314.131,85939.4806625261,11.3613986142868
"2519","14K440751",2024-06-20,"06-2024",145000,2024,"2","X",2023,2025,313.131,147070.826586956,11.8986695632427
"2520","14K440807",2024-08-30,"08-2024",132000,2024,"2","X",2023,2025,314.131,133458.958205335,11.8015492803829
"2521","14K440953",2024-06-10,"06-2024",95000,2024,"2","I",2023,2025,313.131,96356.7484535227,11.4758127124227
"2522","14K440953",2024-11-04,"11-2024",211050,2024,"2","X",2023,2025,316.449,211819.639657575,12.2634904352234
"2523","14K441002",2024-04-24,"04-2024",149001,2024,"2","X",2023,2025,313.016,151184.490898229,11.9262561640421
"2524","14K441091",2024-06-24,"06-2024",173000,2024,"2","X",2023,2025,313.131,175470.710341678,12.0752274153199
"2525","14K441167",2024-10-08,"10-2024",157000,2024,"2","X",2023,2025,315.564,158014.447148597,11.9704417454783
"2526","14K441512",2024-07-29,"07-2024",149000,2024,"2","X",2023,2025,313.566,150918.297902196,11.9244938958686
"2527","14K441596",2024-07-08,"07-2024",130000,2024,"2","I",2023,2025,313.566,131673.68273346,11.7880820403787
"2528","14K441596",2024-09-25,"09-2024",210500,2024,"2","X",2023,2025,314.851,212339.905225011,12.2659435962315
"2529","14K441662",2024-01-03,"01-2024",126000,2024,"2","X",2023,2025,309.794,129176.091208997,11.7689318006444
"2530","14K441824",2024-05-07,"05-2024",102000,2024,"2","I",2023,2025,313.14,103453.745928339,11.5468798925552
"2531","14K441833",2024-09-18,"09-2024",170000,2024,"2","X",2023,2025,314.851,171485.909207848,12.0522563801593
"2532","14K510126",2024-07-01,"07-2024",74500,2024,"2","I",2023,2025,313.566,75459.148951098,11.2313467153086
"2533","14K510368",2024-09-24,"09-2024",193000,2024,"2","X",2023,2025,314.851,194686.943983027,12.1791481320139
"2534","14K510412",2024-10-17,"10-2024",102000,2024,"2","I",2023,2025,315.564,102659.067574248,11.5391687534143
"2535","14K510742",2024-05-15,"05-2024",146000,2024,"2","X",2023,2025,313.14,148080.852015073,11.9055137009793
"2536","14K510896",2024-10-23,"10-2024",122000,2024,"2","X",2023,2025,315.564,122788.296510375,11.7182169848632
"2537","14K510931",2024-03-13,"03-2024",129900,2024,"2","X",2023,2025,312.107,132187.453982128,11.7919763000969
"2538","14K520268",2024-04-16,"04-2024",159000,2024,"2","X",2023,2025,313.016,161330.018273826,11.99120734893
"2539","14K520433",2024-01-17,"01-2024",199000,2024,"2","X",2023,2025,309.794,204016.207544368,12.2259547184174
"2540","14K520741",2024-06-07,"06-2024",92000,2024,"2","I",2023,2025,313.131,93313.9037655167,11.4437243978712
"2541","14K520873",2024-02-21,"02-2024",11000,2024,"2","I",2023,2025,311.022,11232.7520239726,9.32658907772556
"2542","14K520961",2024-02-07,"02-2024",52000,2024,"2","I",2023,2025,311.022,53100.2822951431,10.8799375235086
"2543","14K521148",2024-02-28,"02-2024",154900,2024,"2","X",2023,2025,311.022,158177.571683032,11.97147355235
"2544","14K521160",2024-06-06,"06-2024",90916,2024,"2","I",2023,2025,313.131,92214.4225515839,11.4318718241181
"2545","14K521412",2024-07-11,"07-2024",30000,2024,"2","I",2023,2025,313.566,30386.2344769522,10.3217449715853
"2546","14K530850",2024-04-08,"04-2024",140000,2024,"2","X",2023,2025,313.016,142051.588417206,11.8639455693191
"2547","14K610237",2024-04-26,"04-2024",114000,2024,"2","X",2023,2025,313.016,115670.579139724,11.6585015951043
"2548","14K610446",2024-03-01,"03-2024",139900,2024,"2","X",2023,2025,312.107,142363.547437257,11.8661392580918
"2549","14K610491",2024-10-07,"10-2024",22300,2024,"2","I",2023,2025,315.564,22444.0902637817,10.0187826185961
"2550","14K610721",2024-06-10,"06-2024",62000,2024,"2","I",2023,2025,313.131,62885.4568854569,11.0490702058672
"2551","14K610776",2024-10-08,"10-2024",60000,2024,"2","I",2023,2025,315.564,60387.6868083812,11.0085405023521
"2552","14K610831",2024-08-02,"08-2024",113000,2024,"2","X",2023,2025,314.131,114248.956645476,11.6461351765089
"2553","14K611139",2024-01-18,"01-2024",65500,2024,"2","I",2023,2025,309.794,67151.0632872167,11.1147000363341
"2554","14K611140",2024-01-29,"01-2024",40000,2024,"2","I",2023,2025,309.794,41008.2829234911,10.6215293478068
"2555","14K611348",2024-07-11,"07-2024",155000,2024,"2","X",2023,2025,313.566,156995.544797587,11.9639727068424
"2556","14K630334",2024-08-16,"08-2024",1e+05,2024,"2","I",2023,2025,314.131,101105.271367678,11.5239175437846
"2557","14K630389",2024-01-18,"01-2024",235000,2024,"2","X",2023,2025,309.794,240923.66217551,12.392235407837
"2558","14K630994",2024-08-23,"08-2024",20000,2024,"2","I",2023,2025,314.131,20221.0542735356,9.9144796313505
"2559","14K631049",2024-08-26,"08-2024",125000,2024,"2","I",2023,2025,314.131,126381.589209597,11.7470610950988
"2560","14K631258",2024-03-06,"03-2024",155000,2024,"2","X",2023,2025,312.107,157729.448554502,11.9686364933396
"2561","14K631490",2024-10-10,"10-2024",236000,2024,"2","X",2023,2025,315.564,237524.901446299,12.3780277451556
"2562","14K641048",2024-08-22,"08-2024",25000,2024,"2","I",2023,2025,314.131,25276.3178419195,10.1376231826647
"2563","14L110341",2024-04-01,"04-2024",2e+05,2024,"2","4",2023,2025,313.016,202930.840596008,12.2206205132578
"2564","14L110781",2024-10-15,"10-2024",170000,2024,"2","X",2023,2025,315.564,171098.44595708,12.0499943771802
"2565","14L110990",2024-10-01,"10-2024",112000,2024,"2","I",2023,2025,315.564,112723.682042312,11.6326948114251
"2566","14L120087",2024-07-01,"07-2024",255000,2024,"2","X",2023,2025,313.566,258282.993054094,12.4618111350816
"2567","14L120252",2024-09-24,"09-2024",236500,2024,"2","X",2023,2025,314.851,238567.161927388,12.382406151041
"2568","14L120461",2024-11-04,"11-2024",305000,2024,"2","X",2023,2025,316.449,306112.248735183,12.6317071396023
"2569","14L130341",2024-09-09,"09-2024",89000,2024,"2","I",2023,2025,314.851,89777.9171735202,11.4050943128412
"2570","14L130800",2024-06-03,"06-2024",245000,2024,"2","X",2023,2025,313.131,248498.982853822,12.4231940313669
"2571","14L140283",2024-08-15,"08-2024",232000,2024,"2","X",2023,2025,314.131,234564.229573013,12.3654847294628
"2572","14L140371",2024-02-23,"02-2024",241500,2024,"2","X",2023,2025,311.022,246609.964889943,12.4155632780198
"2573","14L140663",2024-04-01,"04-2024",210000,2024,"2","X",2023,2025,313.016,213077.382625808,12.2694106774273
"2574","14L140856",2024-04-24,"04-2024",175000,2024,"2","X",2023,2025,313.016,177564.485521507,12.0870891206333
"2575","14L140883",2024-10-22,"10-2024",269000,2024,"2","X",2023,2025,315.564,270738.129190909,12.5089073197318
"2576","14L141222",2024-02-26,"02-2024",2e+05,2024,"2","X",2023,2025,311.022,204231.85498132,12.2270111714752
"2577","14L210023",2024-08-09,"08-2024",2e+05,2024,"2","X",2023,2025,314.131,202210.542735356,12.2170647243445
"2578","14L210661",2024-01-11,"01-2024",155000,2024,"2","X",2023,2025,309.794,158907.096328528,11.9760750106121
"2579","14L210793",2024-05-21,"05-2024",167500,2024,"2","X",2023,2025,313.14,169887.278852909,12.0428904305361
"2580","14L210861",2024-09-13,"09-2024",165000,2024,"2","X",2023,2025,314.851,166442.205995852,12.0224034170096
"2581","14L210935",2024-03-06,"03-2024",145900,2024,"2","X",2023,2025,312.107,148469.203510335,11.9081328319491
"2582","14L210962",2024-05-22,"05-2024",289900,2024,"2","X",2023,2025,313.14,294031.773966916,12.5914431151986
"2583","14L220440",2024-02-14,"02-2024",82000,2024,"2","5",2023,2025,311.022,83735.0605423411,11.3354130521914
"2584","14L220594",2024-09-18,"09-2024",88600,2024,"2","I",2023,2025,314.851,89374.4209165605,11.4005898007201
"2585","14L220761",2024-05-15,"05-2024",157000,2024,"2","X",2023,2025,313.14,159237.628536757,11.9781528846193
"2586","14L221353",2024-05-31,"05-2024",70000,2024,"2","X",2023,2025,313.14,70997.6687743501,11.1704023213203
"2587","14L221403",2024-08-29,"08-2024",215000,2024,"2","X",2023,2025,314.131,217376.333440507,12.2893853859242
"2588","14L230120",2024-07-18,"07-2024",110000,2024,"2","X",2023,2025,313.566,111416.193082158,11.6210279557155
"2589","14L230593",2024-02-08,"02-2024",140000,2024,"2","X",2023,2025,311.022,142962.298486924,11.8703362275365
"2590","14L230955",2024-10-17,"10-2024",137692,2024,"2","5",2023,2025,315.564,138581.68953366,11.8392152468639
"2591","14L310343",2024-09-06,"09-2024",112000,2024,"2","X",2023,2025,314.851,112978.9519487,11.6349568144041
"2592","14L310631",2024-03-25,"03-2024",128000,2024,"2","X",2023,2025,312.107,130253.996225653,11.77724164034
"2593","14L311003",2024-11-21,"11-2024",215000,2024,"2","Z",2023,2025,316.449,215784.044190375,12.2820333911226
"2594","14L311025",2024-09-11,"09-2024",157500,2024,"2","X",2023,2025,314.851,158876.651177859,11.9758834013747
"2595","14L320771",2024-07-17,"07-2024",196000,2024,"2","X",2023,2025,313.566,198523.398582755,12.1986622491536
"2596","14L321035",2024-02-07,"02-2024",10000,2024,"1","X",2023,2025,311.022,10211.592749066,9.23127889792123
"2597","14L330954",2024-02-09,"02-2024",55000,2024,"2","I",2023,2025,311.022,56163.7601198629,10.9360269901597
"2598","14L331078",2024-05-09,"05-2024",112500,2024,"2","X",2023,2025,313.14,114103.396244491,11.6448603009154
"2599","14L340494",2024-08-19,"08-2024",35000,2024,"2","5",2023,2025,314.131,35386.8449786872,10.4740954192859
"2600","14L340973",2024-08-14,"08-2024",60000,2024,"2","I",2023,2025,314.131,60663.1628206067,11.0130919200186
"2601","14L410487",2024-05-24,"05-2024",2e+05,2024,"2","X",2023,2025,313.14,202850.482212429,12.220224445819
"2602","14L410502",2024-09-26,"09-2024",215000,2024,"2","X",2023,2025,314.851,216879.238115807,12.2870959712367
"2603","14L410652",2024-11-12,"11-2024",179900,2024,"2","X",2023,2025,316.449,180556.0444179,12.1037965039514
"2604","14L420211",2024-03-04,"03-2024",230000,2024,"2","X",2023,2025,312.107,234050.149467971,12.3632906853436
"2605","14L420411",2024-05-16,"05-2024",130000,2024,"2","I",2023,2025,313.14,131852.813438079,11.7894415297265
"2606","14L420673",2024-08-30,"08-2024",125500,2024,"2","5",2023,2025,314.131,126887.115566436,11.7510531163684
"2607","14L420916",2024-04-01,"04-2024",180000,2024,"2","X",2023,2025,313.016,182637.756536407,12.1152599976
"2608","14L421245",2024-05-06,"05-2024",122700,2024,"2","X",2023,2025,313.14,124448.770837325,11.7316494309878
"2609","14L421377",2024-08-27,"08-2024",208000,2024,"2","X",2023,2025,314.131,210298.96444477,12.2562854374978
"2610","14L421388",2024-03-22,"03-2024",190000,2024,"2","X",2023,2025,312.107,193345.775647454,12.1722354485809
"2611","14L421465",2024-06-25,"06-2024",156000,2024,"2","X",2023,2025,313.131,158227.923776311,11.9717918280717
"2612","14L421487",2024-06-27,"06-2024",155000,2024,"2","X",2023,2025,313.131,157213.642213642,11.9653609377414
"2613","14L430243",2024-09-18,"09-2024",160000,2024,"2","X",2023,2025,314.851,161398.502783856,11.9916317583428
"2614","14L430430",2024-08-26,"08-2024",145000,2024,"2","I",2023,2025,314.131,146602.643483133,11.8954811002171
"2615","14L430751",2024-01-05,"01-2024",76500,2024,"2","5",2023,2025,309.794,78428.3410911767,11.2699406345254
"2616","14L430991",2024-05-23,"05-2024",70000,2024,"2","I",2023,2025,313.14,70997.6687743501,11.1704023213203
"2617","14L431013",2024-02-20,"02-2024",65000,2024,"2","I",2023,2025,311.022,66375.3528689289,11.1030810748228
"2618","14L431013",2024-06-06,"06-2024",161000,2024,"2","X",2023,2025,313.131,163299.331589654,12.0033401858066
"2619","14L431301",2024-08-14,"08-2024",140000,2024,"2","X",2023,2025,314.131,141547.379914749,11.8603897804058
"2620","14L431354",2024-06-04,"06-2024",130000,2024,"2","X",2023,2025,313.131,131856.603146926,11.7894702712777
"2621","14L431411",2024-06-05,"06-2024",314900,2024,"2","X",2023,2025,313.131,319397.264084361,12.6741909489291
"2622","14L431442",2024-10-16,"10-2024",245500,2024,"2","I",2023,2025,315.564,247086.28519096,12.4174928873646
"2623","14L431464",2024-02-23,"02-2024",260000,2024,"2","X",2023,2025,311.022,265501.411475716,12.4893754359427
"2624","14L431563",2024-08-16,"08-2024",218000,2024,"2","X",2023,2025,314.131,220409.491581538,12.3032424205856
"2625","14L440275",2024-08-08,"08-2024",180000,2024,"2","X",2023,2025,314.131,181989.48846182,12.1117042086867
"2626","14L440615",2024-11-14,"11-2024",199900,2024,"2","X",2023,2025,316.449,200628.978761191,12.2092126045012
"2627","14L441177",2024-09-04,"09-2024",169900,2024,"2","X",2023,2025,314.851,171385.035143608,12.0516679717869
"2628","14L441199",2024-04-15,"04-2024",160000,2024,"2","I",2023,2025,313.016,162344.672476806,11.9974769619436
"2629","14L441311",2024-06-24,"06-2024",187250,2024,"2","X",2023,2025,313.131,189924.222609707,12.1543804432195
"2630","14L510257",2024-02-26,"02-2024",91000,2024,"2","Z",2023,2025,311.022,92925.4940165005,11.439553311444
"2631","14L510730",2024-05-16,"05-2024",210000,2024,"2","X",2023,2025,313.14,212993.00632305,12.2690146099884
"2632","14L510941",2024-07-17,"07-2024",143000,2024,"2","X",2023,2025,313.566,144841.051006806,11.883392220183
"2633","14L520069",2024-08-01,"08-2024",95000,2024,"2","I",2023,2025,314.131,96050.0077992939,11.4726242493971
"2634","14L520201",2024-07-23,"07-2024",105000,2024,"2","X",2023,2025,313.566,106351.820669333,11.5745079400806
"2635","14L520333",2024-03-18,"03-2024",154000,2024,"2","X",2023,2025,312.107,156711.839208989,11.962163978834
"2636","14L520663",2024-01-11,"01-2024",58682,2024,"2","I",2023,2025,309.794,60161.2014629076,11.0047829295498
"2637","14L520993",2024-02-20,"02-2024",74000,2024,"2","5",2023,2025,311.022,75565.7863430883,11.2327588981314
"2638","14L521103",2024-03-25,"03-2024",47500,2024,"2","4",2023,2025,312.107,48336.4439118636,10.785941087461
"2639","14L530431",2024-08-01,"08-2024",70000,2024,"2","5",2023,2025,314.131,70773.6899573745,11.1672425998459
"2640","14L530934",2024-03-21,"03-2024",175000,2024,"2","X",2023,2025,312.107,178081.63546476,12.0899973503439
"2641","14L531388",2024-01-18,"01-2024",103000,2024,"2","X",2023,2025,309.794,105596.32852799,11.5673788819225
"2642","14L531621",2024-01-23,"01-2024",190000,2024,"2","X",2023,2025,309.794,194789.343886583,12.1796739658534
"2643","14L540012",2024-08-12,"08-2024",50000,2024,"2","I",2023,2025,314.131,50552.6356838389,10.8307703632247
"2644","14L540430",2024-10-07,"10-2024",10000,2024,"1","X",2023,2025,315.564,10064.6144680635,9.21678103312403
"2645","14L540562",2024-02-02,"02-2024",114900,2024,"2","X",2023,2025,311.022,117331.200686768,11.6727559897819
"2646","14L540694",2024-02-29,"02-2024",42527,2024,"2","5",2023,2025,311.022,43426.8404839529,10.6788329732613
"2647","14L540881",2024-08-06,"08-2024",53515,2024,"2","I",2023,2025,314.131,54106.4859724128,10.8987093462329
"2648","14L541475",2024-05-10,"05-2024",140000,2024,"2","X",2023,2025,313.14,141995.3375487,11.8635495018803
"2649","14L541563",2024-04-26,"04-2024",13000,2024,"2","I",2023,2025,313.016,13190.5046387405,9.48725250417135
"2650","14L541783",2024-10-22,"10-2024",88186,2024,"2","5",2023,2025,315.564,88755.809148065,11.393644160385
"2651","14L542069",2024-08-29,"08-2024",65000,2024,"2","X",2023,2025,314.131,65718.4263889906,11.0931346276921
"2652","14L610401",2024-03-14,"03-2024",160000,2024,"2","X",2023,2025,312.107,162817.495282067,12.0003851916542
"2653","14L610665",2024-03-13,"03-2024",103000,2024,"2","X",2023,2025,312.107,104813.76258783,11.55994036465
"2654","14L610764",2024-08-19,"08-2024",90000,2024,"2","I",2023,2025,314.131,90994.74423091,11.4185570281268
"2655","14L610973",2024-02-22,"02-2024",131500,2024,"2","X",2023,2025,311.022,134282.444650218,11.807700656545
"2656","14L611062",2024-04-26,"04-2024",102500,2024,"2","X",2023,2025,313.016,104002.055805454,11.5521659452883
"2657","14L611325",2024-07-10,"07-2024",145000,2024,"2","X",2023,2025,313.566,146866.799971936,11.8972813323437
"2658","14L611392",2024-03-18,"03-2024",162500,2024,"2","X",2023,2025,312.107,165361.518645849,12.0158893781902
"2659","14L611545",2024-07-15,"07-2024",68000,2024,"2","I",2023,2025,313.566,68875.464814425,11.1400552950992
"2660","14L620400",2024-09-27,"09-2024",147000,2024,"2","X",2023,2025,314.851,148284.874432668,11.9068905298878
"2661","14L620501",2024-04-24,"04-2024",80000,2024,"2","I",2023,2025,313.016,81172.3362384031,11.3043297813837
"2662","14L621270",2024-04-29,"04-2024",50000,2024,"2","I",2023,2025,313.016,50732.710149002,10.834326152138
"2663","15L110751",2024-03-18,"03-2024",165000,2024,"2","X",2023,2025,312.107,167905.542009631,12.031156850321
"2664","15L120220",2024-04-29,"04-2024",175000,2024,"2","X",2023,2025,313.016,177564.485521507,12.0870891206333
"2665","15L120473",2024-05-02,"05-2024",2e+05,2024,"2","X",2023,2025,313.14,202850.482212429,12.220224445819
"2666","15L120707",2024-03-18,"03-2024",156700,2024,"2","X",2023,2025,312.107,159459.384441874,11.9795445257823
"2667","15L120826",2024-03-07,"03-2024",145000,2024,"2","X",2023,2025,312.107,147553.355099373,11.9019451188409
"2668","15L121265",2024-03-20,"03-2024",160000,2024,"2","X",2023,2025,312.107,162817.495282067,12.0003851916542
"2669","15L121302",2024-04-05,"04-2024",75000,2024,"2","I",2023,2025,313.016,76099.065223503,11.2397912602461
"2670","15L121342",2024-01-10,"01-2024",155000,2024,"2","4",2023,2025,309.794,158907.096328528,11.9760750106121
"2671","15L121403",2024-10-14,"10-2024",108000,2024,"2","5",2023,2025,315.564,108697.836255086,11.5963271672542
"2672","15L130054",2024-02-29,"02-2024",126000,2024,"2","I",2023,2025,311.022,128666.068638231,11.7649757118787
"2673","15L130098",2024-05-31,"05-2024",220000,2024,"2","X",2023,2025,313.14,223135.530433672,12.3155346256233
"2674","15L130120",2024-09-26,"09-2024",125000,2024,"2","5",2023,2025,314.851,126092.580299888,11.7447716804113
"2675","15L130872",2024-09-10,"09-2024",138000,2024,"2","4",2023,2025,314.851,139206.208651076,11.8437116282662
"2676","15L131312",2024-01-16,"01-2024",144900,2024,"2","X",2023,2025,309.794,148552.504890347,11.9086937430195
"2677","15L140525",2024-02-28,"02-2024",125000,2024,"2","I",2023,2025,311.022,127644.909363325,11.7570075422295
"2678","15L140592",2024-09-06,"09-2024",150000,2024,"2","X",2023,2025,314.851,151311.096359865,11.9270932372053
"2679","15L140727",2024-02-26,"02-2024",150000,2024,"2","X",2023,2025,311.022,153173.89123599,11.9393290990234
"2680","15L141395",2024-02-20,"02-2024",110000,2024,"2","X",2023,2025,311.022,112327.520239726,11.6291741707196
"2681","15L141405",2024-07-15,"07-2024",150000,2024,"2","X",2023,2025,313.566,151931.172384761,11.9311828840194
"2682","15L141524",2024-06-28,"06-2024",195000,2024,"2","Z",2023,2025,313.131,197784.904720389,12.1949353793859
"2683","15L141681",2024-11-04,"11-2024",184000,2024,"2","X",2023,2025,316.449,184670.995958274,12.1263311206039
"2684","15L210123",2024-04-29,"04-2024",40000,2024,"2","I",2023,2025,313.016,40586.1681192016,10.6111826008237
"2685","15L210233",2024-01-19,"01-2024",190000,2024,"2","X",2023,2025,309.794,194789.343886583,12.1796739658534
"2686","15L210604",2024-09-10,"09-2024",130000,2024,"2","I",2023,2025,314.851,131136.283511883,11.7839923935646
"2687","15L210651",2024-10-02,"10-2024",185000,2024,"2","X",2023,2025,315.564,186195.367659175,12.1345517652083
"2688","15L210695",2024-01-10,"01-2024",162900,2024,"2","X",2023,2025,309.794,167006.232205918,12.0257864093009
"2689","15L210783",2024-02-23,"02-2024",155000,2024,"2","X",2023,2025,311.022,158279.687610523,11.9721189218464
"2690","15L211025",2024-10-15,"10-2024",132000,2024,"2","X",2023,2025,315.564,132852.910978439,11.7969978627164
"2691","15L211179",2024-02-28,"02-2024",129000,2024,"2","X",2023,2025,311.022,131729.546462951,11.7885062092889
"2692","15L211289",2024-08-12,"08-2024",170000,2024,"2","X",2023,2025,314.131,171878.961325052,12.0545457948468
"2693","15L211290",2024-05-20,"05-2024",175000,2024,"2","X",2023,2025,313.14,177494.171935875,12.0866930531945
"2694","15L211410",2024-08-01,"08-2024",57000,2024,"2","I",2023,2025,314.131,57630.0046795764,10.9617986256311
"2695","15L220320",2024-02-09,"02-2024",155000,2024,"2","X",2023,2025,311.022,158279.687610523,11.9721189218464
"2696","15L220661",2024-02-22,"02-2024",148500,2024,"2","X",2023,2025,311.022,151642.15232363,11.9292787631699
"2697","15L220733",2024-08-06,"08-2024",153000,2024,"2","X",2023,2025,314.131,154691.065192547,11.9491852791889
"2698","15L220971",2024-04-08,"04-2024",110500,2024,"2","I",2023,2025,313.016,112119.289429294,11.6273186676676
"2699","15L230211",2024-06-06,"06-2024",163850,2024,"2","X",2023,2025,313.131,166190.03404326,12.020887195967
"2700","15L230484",2024-11-20,"11-2024",137500,2024,"2","I",2023,2025,316.449,138001.423610124,11.8350192801015
"2701","15L231012",2024-04-11,"04-2024",98000,2024,"2","X",2023,2025,313.016,99436.1118920439,11.5072706253804
"2702","15L231412",2024-04-02,"04-2024",130000,2024,"2","4",2023,2025,313.016,131905.046387405,11.7898375971654
"2703","15L231562",2024-01-18,"01-2024",170000,2024,"2","X",2023,2025,309.794,174285.202424837,12.0684483307431
"2704","15L231683",2024-06-05,"06-2024",75000,2024,"2","I",2023,2025,313.131,76071.1172001495,11.2394239343585
"2705","15L240043",2024-01-17,"01-2024",163000,2024,"2","X",2023,2025,309.794,167108.752913226,12.0264000944996
"2706","15L240098",2024-05-13,"05-2024",81000,2024,"2","5",2023,2025,313.14,82154.4452960337,11.3163562339434
"2707","15L240098",2024-09-03,"09-2024",103950,2024,"2","Z",2023,2025,314.851,104858.589777387,11.560367957413
"2708","15L240322",2024-10-16,"10-2024",185000,2024,"2","X",2023,2025,315.564,186195.367659175,12.1345517652083
"2709","15L240515",2024-10-01,"10-2024",82000,2024,"2","I",2023,2025,315.564,82529.838638121,11.3209151873942
"2710","15L240744",2024-01-16,"01-2024",33750,2024,"2","5",2023,2025,309.794,34600.7387166956,10.4516303110114
"2711","15L240744",2024-05-14,"05-2024",27904,2024,"2","I",2023,2025,313.14,28301.6992782781,10.2506771269975
"2712","15L240744",2024-09-11,"09-2024",41000,2024,"2","I",2023,2025,314.851,41358.3663383632,10.6300300098133
"2713","15L241253",2024-07-10,"07-2024",199000,2024,"2","X",2023,2025,313.566,201562.02203045,12.2138524146476
"2714","15L241303",2024-05-08,"05-2024",157000,2024,"2","X",2023,2025,313.14,159237.628536757,11.9781528846193
"2715","15L310081",2024-01-18,"01-2024",139900,2024,"2","X",2023,2025,309.794,143426.46952491,11.8735777753643
"2716","15L310135",2024-05-21,"05-2024",105000,2024,"2","X",2023,2025,313.14,106496.503161525,11.5758674294285
"2717","15L310388",2024-05-24,"05-2024",103000,2024,"2","4",2023,2025,313.14,104467.998339401,11.5566360675006
"2718","15L310465",2024-09-16,"09-2024",140000,2024,"2","X",2023,2025,314.851,141223.689935874,11.8581003657183
"2719","15L310805",2024-10-25,"10-2024",136000,2024,"2","X",2023,2025,315.564,136878.756765664,11.826850825866
"2720","15L311181",2024-06-07,"06-2024",90000,2024,"2","I",2023,2025,313.131,91285.3406401794,11.4217454911524
"2721","15L311433",2024-01-17,"01-2024",132000,2024,"2","I",2023,2025,309.794,135327.333647521,11.8154518162792
"2722","15L311499",2024-10-28,"10-2024",149000,2024,"2","X",2023,2025,315.564,149962.755574147,11.9181422460754
"2723","15L311697",2024-10-23,"10-2024",2e+05,2024,"2","X",2023,2025,315.564,201292.289361271,12.212513306678
"2724","15L311763",2024-10-03,"10-2024",161000,2024,"2","X",2023,2025,315.564,162040.292935823,11.9956003051144
"2725","15L320673",2024-06-04,"06-2024",38825,2024,"2","I",2023,2025,313.131,39379.4816706107,10.5810001898569
"2726","15L330935",2024-10-18,"10-2024",162500,2024,"2","X",2023,2025,315.564,163549.985106032,12.0048739418998
"2727","15L340880",2024-08-22,"08-2024",225000,2024,"2","X",2023,2025,314.131,227486.860577275,12.3348477600009
"2728","15L341199",2024-01-08,"01-2024",1e+05,2024,"2","I",2023,2025,309.794,102520.707308728,11.537820079681
"2729","15L341199",2024-07-25,"07-2024",167900,2024,"2","X",2023,2025,313.566,170061.625622676,12.0439161540066
"2730","15L341441",2024-03-21,"03-2024",96500,2024,"2","X",2023,2025,312.107,98199.3018419965,11.4947543847653
"2731","15L410048",2024-08-06,"08-2024",95000,2024,"2","I",2023,2025,314.131,96050.0077992939,11.4726242493971
"2732","15L410093",2024-10-25,"10-2024",161000,2024,"2","X",2023,2025,315.564,162040.292935823,11.9956003051144
"2733","15L410158",2024-02-07,"02-2024",129500,2024,"2","X",2023,2025,311.022,132240.126100404,11.7923746860668
"2734","15L410202",2024-05-22,"05-2024",265000,2024,"2","X",2023,2025,313.14,268776.888931468,12.5016369052572
"2735","15L411171",2024-07-01,"07-2024",361000,2024,"2","X",2023,2025,313.566,365647.688205992,12.809425548256
"2736","15L411676",2024-02-08,"02-2024",74000,2024,"2","I",2023,2025,311.022,75565.7863430883,11.2327588981314
"2737","15L420058",2024-08-26,"08-2024",141000,2024,"2","X",2023,2025,314.131,142558.432628426,11.8675072481747
"2738","15L420179",2024-04-16,"04-2024",120500,2024,"2","I",2023,2025,313.016,122265.831459095,11.7139528996405
"2739","15L420722",2024-05-16,"05-2024",365000,2024,"2","X",2023,2025,313.14,370202.130037683,12.8218044328534
"2740","15L420731",2024-08-15,"08-2024",335000,2024,"2","X",2023,2025,314.131,338702.659081721,12.7328778896216
"2741","15L440825",2024-02-23,"02-2024",257000,2024,"2","X",2023,2025,311.022,262437.933650996,12.4777698898224
"2742","15L510182",2024-10-22,"10-2024",42000,2024,"2","I",2023,2025,315.564,42271.3807658668,10.6518655584133
"2743","15L510203",2024-02-29,"02-2024",140000,2024,"2","I",2023,2025,311.022,142962.298486924,11.8703362275365
"2744","15L510214",2024-09-11,"09-2024",65000,2024,"2","I",2023,2025,314.851,65568.1417559417,11.0908452130047
"2745","15L510764",2024-02-09,"02-2024",60000,2024,"2","I",2023,2025,311.022,61269.5564943959,11.0230383671493
"2746","15L511172",2024-01-03,"01-2024",185000,2024,"2","X",2023,2025,309.794,189663.308521146,12.1530057187712
"2747","15L520059",2024-03-21,"03-2024",174900,2024,"2","X",2023,2025,312.107,177979.874530209,12.0894257584449
"2748","15L520532",2024-09-20,"09-2024",212500,2024,"2","X",2023,2025,314.851,214357.386509809,12.2753999314735
"2749","15L520703",2024-08-19,"08-2024",160000,2024,"2","X",2023,2025,314.131,161768.434188285,11.9939211730303
"2750","15L521489",2024-07-26,"07-2024",116931,2024,"2","X",2023,2025,313.566,118436.426120817,11.682131607164
"2751","15L530722",2024-03-28,"03-2024",215000,2024,"2","X",2023,2025,312.107,218786.009285277,12.295849404548
"2752","15L531026",2024-07-02,"07-2024",335000,2024,"2","X",2023,2025,313.566,339312.9516593,12.7346781217482
"2753","15L540112",2024-06-05,"06-2024",131000,2024,"2","X",2023,2025,313.131,132870.884709594,11.7971331440233
"2754","15L540134",2024-07-16,"07-2024",2e+05,2024,"2","P",2023,2025,313.566,202574.896513015,12.2188649564712
"2755","15L540222",2024-05-02,"05-2024",350000,2024,"2","P",2023,2025,313.14,354988.343871751,12.7798402337544
"2756","15L540431",2024-10-07,"10-2024",66500,2024,"2","I",2023,2025,315.564,66929.6862126225,11.1113978877918
"2757","15L540750",2024-11-06,"11-2024",150000,2024,"2","X",2023,2025,316.449,150547.00757468,11.9220306570912
"2758","15L540981",2024-07-30,"07-2024",108775,2024,"2","I",2023,2025,313.566,110175.421841016,11.6098291185299
"2759","15L541322",2024-02-27,"02-2024",122000,2024,"2","X",2023,2025,311.022,124581.431538605,11.7327148496604
"2760","15L610161",2024-08-16,"08-2024",120000,2024,"2","I",2023,2025,314.131,121326.325641213,11.7062391005786
"2761","15L611315",2024-06-26,"06-2024",61000,2024,"2","I",2023,2025,313.131,61871.1753227882,11.0328096849955
"2762","15L620445",2024-05-23,"05-2024",155000,2024,"2","X",2023,2025,313.14,157209.123714632,11.9653321961902
"2763","15L620632",2024-02-06,"02-2024",850000,2024,"2","P",2023,2025,311.022,867985.383670609,13.6739301544115
"2764","15L630813",2024-02-13,"02-2024",47197,2024,"2","4",2023,2025,311.022,48195.6542977667,10.7830241361767
"2765","15L631027",2024-03-20,"03-2024",57000,2024,"2","I",2023,2025,312.107,58003.7326942363,10.9682626442549
"2766","15L640498",2024-05-14,"05-2024",225000,2024,"2","X",2023,2025,313.14,228206.792488983,12.3380074814754
"2767","15L641103",2024-10-29,"10-2024",560000,2024,"2","P",2023,2025,315.564,563618.410211558,13.2421327238592
"2768","15M110132",2024-09-13,"09-2024",160000,2024,"2","X",2023,2025,314.851,161398.502783856,11.9916317583428
"2769","15M210302",2024-03-13,"03-2024",253000,2024,"2","P",2023,2025,312.107,257455.164414768,12.4586008651479
"2770","15M220514",2024-01-04,"01-2024",1e+06,2024,"2","P",2023,2025,309.794,1025207.07308728,13.840405172675
"2771","15M220682",2024-01-11,"01-2024",330000,2024,"2","X",2023,2025,309.794,338318.334118802,12.7317425481534
"2772","15M240121",2024-10-25,"10-2024",257000,2024,"2","X",2023,2025,315.564,258660.591829233,12.4632720250252
"2773","15M240251",2024-01-04,"01-2024",30000,2024,"2","4",2023,2025,309.794,30756.2121926183,10.333847275355
"2774","15M320265",2024-08-02,"08-2024",127500,2024,"2","X",2023,2025,314.131,128909.220993789,11.766863722395
"2775","15M320302",2024-02-14,"02-2024",147000,2024,"2","X",2023,2025,311.022,150110.41341127,11.9191263917059
"2776","15M330099",2024-01-31,"01-2024",175000,2024,"2","X",2023,2025,309.794,179411.237790274,12.0974358676164
"2777","15M330220",2024-05-14,"05-2024",160000,2024,"2","X",2023,2025,313.14,162280.385769943,11.9970808945048
"2778","15M330523",2024-04-26,"04-2024",131000,2024,"2","4",2023,2025,313.016,132919.700590385,11.797500469911
"2779","15M330743",2024-09-13,"09-2024",182000,2024,"2","X",2023,2025,314.851,183590.796916637,12.1204646301858
"2780","15M340373",2024-10-07,"10-2024",175000,2024,"2","X",2023,2025,315.564,176130.753191112,12.0789819140535
"2781","15M340450",2024-05-02,"05-2024",234000,2024,"2","X",2023,2025,313.14,237335.064188542,12.3772281946287
"2782","15M340551",2024-07-01,"07-2024",135000,2024,"2","I",2023,2025,313.566,136738.055146285,11.8258223683616
"2783","15M340955",2024-02-14,"02-2024",240000,2024,"2","X",2023,2025,311.022,245078.225977584,12.4093327282692
"2784","15M341176",2024-04-01,"04-2024",215000,2024,"2","4",2023,2025,313.016,218150.653640708,12.2929411748375
"2785","15M341396",2024-07-29,"07-2024",170000,2024,"2","X",2023,2025,313.566,172188.662036063,12.0563460269734
"2786","15M420101",2024-01-29,"01-2024",23000,2024,"2","I",2023,2025,309.794,23579.7626810074,10.068144109622
"2787","15M440413",2024-06-21,"06-2024",135000,2024,"2","X",2023,2025,313.131,136928.010960269,11.8272105992606
"2788","15M440473",2024-11-15,"11-2024",139000,2024,"2","X",2023,2025,316.449,139506.89368587,11.8458692961256
"2789","15M510093",2024-08-01,"08-2024",261500,2024,"2","X",2023,2025,314.131,264390.284626478,12.4851816413015
"2790","15M510804",2024-08-22,"08-2024",280000,2024,"2","X",2023,2025,314.131,283094.759829498,12.5535369609658
"2791","15M520180",2024-08-12,"08-2024",195000,2024,"2","X",2023,2025,314.131,197155.279166972,12.1917469163603
"2792","15M520502",2024-06-24,"06-2024",195000,2024,"2","4",2023,2025,313.131,197784.904720389,12.1949353793859
"2793","15M520531",2024-01-03,"01-2024",234000,2024,"2","X",2023,2025,309.794,239898.455102423,12.3879710090506
"2794","15M520832",2024-09-04,"09-2024",290000,2024,"2","X",2023,2025,314.851,292534.78629574,12.5863388660895
"2795","15M530178",2024-05-14,"05-2024",245000,2024,"2","X",2023,2025,313.14,248491.840710225,12.4231652898157
"2796","15M530200",2024-05-29,"05-2024",226500,2024,"2","I",2023,2025,313.14,229728.171105576,12.344652024194
"2797","15M530442",2024-06-28,"06-2024",210000,2024,"2","X",2023,2025,313.131,212999.128160419,12.2690433515396
"2798","15M610203",2024-04-09,"04-2024",179900,2024,"2","X",2023,2025,313.016,182536.291116109,12.1147042876663
"2799","15M610676",2024-03-04,"03-2024",1e+05,2024,"2","I",2023,2025,312.107,101760.934551292,11.5303815624085
"2800","15M610852",2024-05-15,"05-2024",194850,2024,"2","X",2023,2025,313.14,197627.082295459,12.1941371110557
"2801","15M611347",2024-09-25,"09-2024",150000,2024,"2","X",2023,2025,314.851,151311.096359865,11.9270932372053
"2802","15M620136",2024-02-27,"02-2024",149900,2024,"2","X",2023,2025,311.022,153071.775308499,11.9386622100357
"2803","15M620246",2024-10-31,"10-2024",133000,2024,"2","X",2023,2025,315.564,133859.372425245,11.8045450683517
"2804","15M620455",2024-10-25,"10-2024",157900,2024,"2","X",2023,2025,315.564,158920.262450723,11.9761578613916
"2805","15M620576",2024-05-20,"05-2024",105000,2024,"2","X",2023,2025,313.14,106496.503161525,11.5758674294285
"2806","15M621027",2024-05-17,"05-2024",162000,2024,"2","X",2023,2025,313.14,164308.890592067,12.0095034145033
"2807","15M630311",2024-03-29,"03-2024",65000,2024,"2","I",2023,2025,312.107,66144.6074583396,11.099598646316
"2808","15M630823",2024-06-06,"06-2024",73100,2024,"2","5",2023,2025,313.131,74143.982231079,11.2137641875779
"2809","15M630823",2024-07-22,"07-2024",147000,2024,"2","X",2023,2025,313.566,148892.548937066,11.9109801767019
"2810","15M630942",2024-09-24,"09-2024",111000,2024,"2","X",2023,2025,314.851,111970.2113063,11.6259881444214
"2811","15M631136",2024-11-04,"11-2024",152200,2024,"2","X",2023,2025,316.449,152755.030352442,11.9365908084225
"2812","15M631664",2024-02-28,"02-2024",140000,2024,"2","I",2023,2025,311.022,142962.298486924,11.8703362275365
"2813","15M631686",2024-05-09,"05-2024",182500,2024,"2","X",2023,2025,313.14,185101.065018841,12.1286572522935
"2814","15M640101",2024-06-06,"06-2024",262000,2024,"2","X",2023,2025,313.131,265741.769419189,12.4902803245832
"2815","15M640190",2024-09-06,"09-2024",280000,2024,"2","X",2023,2025,314.851,282447.379871749,12.5512475462783
"2816","15M640453",2024-09-03,"09-2024",190550,2024,"2","X",2023,2025,314.851,192215.529409149,12.1663725704289
"2817","15N110197",2024-01-17,"01-2024",315000,2024,"2","X",2023,2025,309.794,322940.228022492,12.6852225325185
"2818","15N110494",2024-02-29,"02-2024",135000,2024,"2","X",2023,2025,311.022,137856.502112391,11.8339685833656
"2819","15N111143",2024-09-11,"09-2024",186400,2024,"2","X",2023,2025,314.851,188029.255743193,12.1443528453605
"2820","15N111374",2024-04-24,"04-2024",133000,2024,"2","X",2023,2025,313.016,134949.008996345,11.8126522749316
"2821","15N111413",2024-01-25,"01-2024",203000,2024,"2","X",2023,2025,309.794,208117.035836717,12.2458558727347
"2822","15N111462",2024-02-05,"02-2024",210000,2024,"2","X",2023,2025,311.022,214443.447730386,12.2758013356447
"2823","15N111523",2024-07-30,"07-2024",190000,2024,"2","X",2023,2025,313.566,192446.151687364,12.1675716620836
"2824","15N111615",2024-08-14,"08-2024",110000,2024,"2","X",2023,2025,314.131,111215.798504446,11.6192277235889
"2825","15N111743",2024-03-15,"03-2024",180000,2024,"2","X",2023,2025,312.107,183169.682192325,12.1181682273106
"2826","15N111781",2024-02-28,"02-2024",202000,2024,"2","X",2023,2025,311.022,206274.173531133,12.2369615023284
"2827","15N120130",2024-04-24,"04-2024",239200,2024,"2","X",2023,2025,313.016,242705.285352825,12.3996031687863
"2828","15N120617",2024-05-10,"05-2024",205000,2024,"2","X",2023,2025,313.14,207921.74426774,12.2449170584094
"2829","15N120644",2024-03-06,"03-2024",120000,2024,"2","X",2023,2025,312.107,122113.12146155,11.7127031192024
"2830","15N120819",2024-07-02,"07-2024",189900,2024,"2","X",2023,2025,313.566,192344.864239108,12.1670452077414
"2831","15N120837",2024-01-24,"01-2024",10882,2024,"2","5",2023,2025,309.794,11156.3033693358,9.31975994175661
"2832","15N121010",2024-01-04,"01-2024",52200,2024,"2","I",2023,2025,309.794,53515.8092151559,10.8877323885815
"2833","15N121313",2024-10-16,"10-2024",150000,2024,"2","X",2023,2025,315.564,150969.217020953,11.9248312342262
"2834","15N121373",2024-02-28,"02-2024",142500,2024,"2","X",2023,2025,311.022,145515.19667419,11.8880358046359
"2835","15N121551",2024-01-05,"01-2024",225000,2024,"2","X",2023,2025,309.794,230671.591444637,12.3487502958973
"2836","15N121753",2024-07-15,"07-2024",249000,2024,"2","X",2023,2025,313.566,252205.746158703,12.4380004863878
"2837","15N122231",2024-11-20,"11-2024",258000,2024,"2","X",2023,2025,316.449,258940.85302845,12.4643549479165
"2838","15N140462",2024-03-19,"03-2024",246000,2024,"2","X",2023,2025,312.107,250331.898996178,12.4305429123527
"2839","15N140491",2024-09-06,"09-2024",230000,2024,"2","X",2023,2025,314.851,232010.347751794,12.3545372520322
"2840","15N140637",2024-10-03,"10-2024",220000,2024,"2","X",2023,2025,315.564,221421.518297398,12.3078234864823
"2841","15N140682",2024-03-04,"03-2024",255000,2024,"2","X",2023,2025,312.107,259490.383105794,12.4664749215788
"2842","15N140967",2024-07-10,"07-2024",162500,2024,"2","I",2023,2025,313.566,164592.103416825,12.0112255916929
"2843","15N140967",2024-10-31,"10-2024",240000,2024,"2","X",2023,2025,315.564,241550.747233525,12.394834863472
"2844","15N210088",2024-08-22,"08-2024",325000,2024,"2","X",2023,2025,314.131,328592.131944953,12.7025725401262
"2845","15N210297",2024-04-18,"04-2024",199900,2024,"2","I",2023,2025,313.016,202829.37517571,12.2201203882162
"2846","15N210297",2024-08-29,"08-2024",345000,2024,"2","X",2023,2025,314.131,348813.186218488,12.7622917748279
"2847","15N210330",2024-05-03,"05-2024",295000,2024,"2","X",2023,2025,313.14,299204.461263333,12.6088824356108
"2848","15N210385",2024-02-23,"02-2024",220000,2024,"2","Z",2023,2025,311.022,224655.040479452,12.3223213512795
"2849","15N210624",2024-05-16,"05-2024",387000,2024,"2","X",2023,2025,313.14,392515.68308105,12.8803317723007
"2850","15N210761",2024-01-16,"01-2024",345000,2024,"2","X",2023,2025,309.794,353696.440215111,12.7761943107242
"2851","15N211012",2024-02-16,"02-2024",197000,2024,"2","I",2023,2025,311.022,201168.3771566,12.2118975336652
"2852","15N211012",2024-05-03,"05-2024",215000,2024,"2","X",2023,2025,313.14,218064.268378361,12.2925451073986
"2853","15N211342",2024-02-22,"02-2024",275000,2024,"2","X",2023,2025,311.022,280818.800599315,12.5454649025938
"2854","15N211522",2024-07-16,"07-2024",188000,2024,"2","X",2023,2025,313.566,190420.402722234,12.1569895527531
"2855","15N220102",2024-06-10,"06-2024",358000,2024,"2","X",2023,2025,313.131,363112.79943538,12.8024688072228
"2856","15N220313",2024-10-15,"10-2024",279000,2024,"2","X",2023,2025,315.564,280802.743658972,12.5454077219513
"2857","15N230020",2024-10-24,"10-2024",380824,2024,"2","X",2023,2025,315.564,383284.674018583,12.8565332662713
"2858","15N230273",2024-05-01,"05-2024",235000,2024,"2","4",2023,2025,313.14,238349.316599604,12.3814925934151
"2859","15N230295",2024-07-02,"07-2024",199300,2024,"2","X",2023,2025,313.566,201865.884375219,12.2153588171419
"2860","15N230482",2024-07-18,"07-2024",225000,2024,"2","X",2023,2025,313.566,227896.758577142,12.3366479921275
"2861","15N230592",2024-07-02,"07-2024",227000,2024,"2","X",2023,2025,313.566,229922.507542272,12.3454976074045
"2862","15N230691",2024-02-21,"02-2024",152500,2024,"2","I",2023,2025,311.022,155726.789423256,11.9558584009747
"2863","15N230691",2024-07-16,"07-2024",240000,2024,"2","X",2023,2025,313.566,243089.875815618,12.4011865132651
"2864","15N230901",2024-06-13,"06-2024",230000,2024,"2","X",2023,2025,313.131,233284.759413792,12.3600151297453
"2865","15N320462",2024-02-22,"02-2024",525000,2024,"2","X",2023,2025,311.022,536108.619325964,13.1920920675188
"2866","15N320707",2024-04-09,"04-2024",735000,2024,"2","X",2023,2025,313.016,745770.839190329,13.5221736459226
"2867","15N430220",2024-06-25,"06-2024",2177109,2024,"2","P",2023,2025,313.131,2208201.51862,14.6076889497054
"2868","15N640133",2024-10-17,"10-2024",850000,2024,"2","X",2023,2025,315.564,855492.2297854,13.6594322896143
"2869","15O110570",2024-05-31,"05-2024",250000,2024,"2","X",2023,2025,313.14,253563.102765536,12.4433679971332
"2870","15O110581",2024-09-09,"09-2024",315000,2024,"2","X",2023,2025,314.851,317753.302355717,12.6690305819346
"2871","15O110691",2024-07-11,"07-2024",296400,2024,"2","I",2023,2025,313.566,300215.996632288,12.6122574833451
"2872","15O110772",2024-07-31,"07-2024",3e+05,2024,"2","X",2023,2025,313.566,303862.344769522,12.6243300645793
"2873","15O110781",2024-03-12,"03-2024",332000,2024,"2","X",2023,2025,312.107,337846.302710288,12.7303463453369
"2874","15O120294",2024-05-30,"05-2024",337000,2024,"2","I",2023,2025,313.14,341803.062527943,12.7419900096233
"2875","15O120591",2024-07-26,"07-2024",330000,2024,"2","X",2023,2025,313.566,334248.579246474,12.7196402443837
"2876","15O120773",2024-08-07,"08-2024",378000,2024,"2","X",2023,2025,314.131,382177.925769822,12.8536415534161
"2877","15O120966",2024-04-10,"04-2024",378000,2024,"2","X",2023,2025,313.016,383539.288726455,12.8571973423294
"2878","15O130282",2024-06-12,"06-2024",180000,2024,"2","I",2023,2025,313.131,182570.681280359,12.1148926717124
"2879","15O130293",2024-08-07,"08-2024",285000,2024,"2","X",2023,2025,314.131,288150.023397882,12.5712365380652
"2880","15O130352",2024-09-23,"09-2024",292000,2024,"2","X",2023,2025,314.851,294552.267580538,12.5932117453773
"2881","15O210230",2024-07-03,"07-2024",249350,2024,"2","X",2023,2025,313.566,252560.252227601,12.4394051219153
"2882","15O210322",2024-08-21,"08-2024",270000,2024,"2","X",2023,2025,314.131,272984.23269273,12.5171693167949
"2883","15O210494",2024-08-22,"08-2024",287500,2024,"2","X",2023,2025,314.131,290677.655182074,12.5799702180339
"2884","15O210533",2024-06-20,"06-2024",212000,2024,"2","Z",2023,2025,313.131,215027.691285756,12.2785220954942
"2885","15O210928",2024-08-19,"08-2024",345600,2024,"2","X",2023,2025,314.131,349419.817846695,12.7640293947264
"2886","15O310055",2024-02-14,"02-2024",410000,2024,"2","X",2023,2025,311.022,418675.302711705,12.9448509646255
"2887","15O310154",2024-01-02,"01-2024",368000,2024,"2","X",2023,2025,309.794,377276.202896118,12.8407328318618
"2888","15O310404",2024-10-10,"10-2024",314900,2024,"2","X",2023,2025,315.564,316934.709599321,12.666451068237
"2889","15O310422",2024-11-06,"11-2024",370000,2024,"2","X",2023,2025,316.449,371349.285350878,12.8248983686332
"2890","15O320087",2024-08-16,"08-2024",348500,2024,"2","X",2023,2025,314.131,352351.870716357,12.7723855879971
"2891","15O320331",2024-11-06,"11-2024",360000,2024,"2","X",2023,2025,316.449,361312.818179233,12.797499394445
"2892","15O430414",2024-02-27,"02-2024",237000,2024,"2","X",2023,2025,311.022,242014.748152864,12.3967539460623
"2893","15O530495",2024-05-22,"05-2024",259900,2024,"2","X",2023,2025,313.14,263604.201635051,12.4822040209184
"2894","15O530682",2024-05-13,"05-2024",375000,2024,"2","X",2023,2025,313.14,380344.654148304,12.8488331052414
"2895","15P110012",2024-05-13,"05-2024",423000,2024,"2","X",2023,2025,313.14,429028.769879287,12.9692792583172
"2896","15P120361",2024-01-31,"01-2024",450000,2024,"2","X",2023,2025,309.794,461343.182889275,13.0418974764572
"2897","15P130023",2024-03-08,"03-2024",415000,2024,"2","X",2023,2025,312.107,422307.878387861,12.9534898966511
"2898","15P130261",2024-07-02,"07-2024",475000,2024,"2","X",2023,2025,313.566,481115.37921841,13.0838623939578
"2899","15P140116",2024-05-03,"05-2024",365000,2024,"2","X",2023,2025,313.14,370202.130037683,12.8218044328534
"2900","15P140125",2024-07-18,"07-2024",350000,2024,"2","I",2023,2025,313.566,354506.068897776,12.7784807444066
"2901","15P140208",2024-09-06,"09-2024",3e+05,2024,"2","I",2023,2025,314.851,302622.192719731,12.6202404177652
"2902","15P140666",2024-06-06,"06-2024",505000,2024,"2","X",2023,2025,313.131,512212.189147673,13.1464942500975
"2903","15P210451",2024-03-12,"03-2024",291000,2024,"2","X",2023,2025,312.107,296124.319544259,12.5985346435919
"2904","15P210790",2024-04-26,"04-2024",347000,2024,"2","X",2023,2025,313.016,352085.008434074,12.7716279266567
"2905","15P210828",2024-03-13,"03-2024",315000,2024,"2","X",2023,2025,312.107,320546.943836569,12.677784015246
"2906","15P211197",2024-06-21,"06-2024",280000,2024,"2","I",2023,2025,313.131,283998.837547225,12.5567254239914
"2907","15P211351",2024-01-03,"01-2024",470000,2024,"2","X",2023,2025,309.794,481847.32435102,13.085382588397
"2908","15P220416",2024-07-11,"07-2024",460000,2024,"2","X",2023,2025,313.566,465922.261979934,13.0517740794063
"2909","15P230701",2024-09-03,"09-2024",5e+05,2024,"2","X",2023,2025,314.851,504370.321199552,13.1310660415312
"2910","15P230802",2024-06-11,"06-2024",502000,2024,"2","X",2023,2025,313.131,509169.344459667,13.1405359405139
"2911","15P340710",2024-05-07,"05-2024",283000,2024,"2","X",2023,2025,313.14,287033.432330587,12.5673539769142
"2912","15P340738",2024-05-17,"05-2024",264500,2024,"2","X",2023,2025,313.14,268269.762725937,12.4997483305693
"2913","15P420432",2024-06-12,"06-2024",527000,2024,"2","X",2023,2025,313.131,534526.383526384,13.1891363693635
"2914","15P420670",2024-03-13,"03-2024",446000,2024,"2","X",2023,2025,312.107,453853.768098761,13.0255303284404
"2915","15P440272",2024-04-03,"04-2024",603000,2024,"2","X",2023,2025,313.016,611836.484396964,13.324220343437
"2916","15P440443",2024-10-29,"10-2024",940000,2024,"2","X",2023,2025,315.564,946073.759997972,13.760075815394
"2917","15P510441",2024-09-05,"09-2024",496000,2024,"2","X",2023,2025,314.851,500335.358629955,13.1230338698339
"2918","15P510531",2024-05-28,"05-2024",447000,2024,"2","X",2023,2025,313.14,453370.827744779,13.0244656738845
"2919","15P520066",2024-03-26,"03-2024",408000,2024,"2","X",2023,2025,312.107,415184.61296927,12.9364785508245
"2920","15P540185",2024-05-10,"05-2024",537600,2024,"2","X",2023,2025,313.14,545262.096187009,13.2090218684799
"2921","15P540341",2024-11-04,"11-2024",410000,2024,"2","X",2023,2025,316.449,411495.154037459,12.9275525226932
"2922","15P540846",2024-08-30,"08-2024",379900,2024,"2","X",2023,2025,314.131,384098.925925808,12.8586554179901
"2923","15P610992",2024-02-16,"02-2024",60000,2024,"2","I",2023,2025,311.022,61269.5564943959,11.0230383671493
"2924","15P610992",2024-07-12,"07-2024",150000,2024,"2","X",2023,2025,313.566,151931.172384761,11.9311828840194
"2925","15P611223",2024-10-17,"10-2024",148000,2024,"2","X",2023,2025,315.564,148956.29412734,11.9114082138941
"2926","15P620089",2024-10-21,"10-2024",135000,2024,"2","X",2023,2025,315.564,135872.295318858,11.8194707185684
"2927","15P620177",2024-10-21,"10-2024",136800,2024,"2","X",2023,2025,315.564,137683.925923109,11.8327159453184
"2928","15P620210",2024-09-05,"09-2024",154900,2024,"2","X",2023,2025,314.851,156253.925507621,11.9592376905318
"2929","15P620353",2024-05-06,"05-2024",153000,2024,"2","X",2023,2025,313.14,155180.618892508,11.9523450006634
"2930","15P620632",2024-11-13,"11-2024",155000,2024,"2","X",2023,2025,316.449,155565.241160503,11.9548204799141
"2931","15P620980",2024-03-08,"03-2024",150000,2024,"2","X",2023,2025,312.107,152641.401826938,11.9358466705166
"2932","15P621091",2024-02-14,"02-2024",128000,2024,"2","X",2023,2025,311.022,130708.387188045,11.7807240688468
"2933","15P630044",2024-08-19,"08-2024",440000,2024,"2","X",2023,2025,314.131,444863.194017782,13.0055220847088
"2934","15P630055",2024-06-13,"06-2024",460000,2024,"2","X",2023,2025,313.131,466569.518827583,13.0531623103053
"2935","15P630550",2024-05-21,"05-2024",370000,2024,"2","X",2023,2025,313.14,375273.392092994,12.8354100849092
"2936","15P630781",2024-08-15,"08-2024",410000,2024,"2","X",2023,2025,314.131,414531.612607479,12.9349045174949
"2937","15Q310846",2024-03-25,"03-2024",425000,2024,"2","Z",2023,2025,312.107,432483.97184299,12.9773005453448
"2938","15Q311021",2024-02-01,"02-2024",460000,2024,"2","X",2023,2025,311.022,469733.266457035,13.0599202944103
"2939","15Q320517",2024-04-19,"04-2024",140000,2024,"2","X",2023,2025,313.016,142051.588417206,11.8639455693191
"2940","15Q320627",2024-07-03,"07-2024",150000,2024,"2","I",2023,2025,313.566,151931.172384761,11.9311828840194
"2941","16G430263",2024-06-03,"06-2024",20000,2024,"2","I",2023,2025,313.131,20285.6312533732,9.91766809437613
"2942","16G430524",2024-05-17,"05-2024",85000,2024,"2","X",2023,2025,313.14,86211.4549402823,11.3645583357613
"2943","16G431725",2024-05-09,"05-2024",46296,2024,"2","5",2023,2025,313.14,46955.829622533,10.7569626435425
"2944","16G431792",2024-05-08,"05-2024",24500,2024,"2","I",2023,2025,313.14,24849.1840710225,10.1205801968216
"2945","16G432122",2024-02-07,"02-2024",22500,2024,"2","5",2023,2025,311.022,22976.0836853985,10.0422091141376
"2946","16H110205",2024-03-05,"03-2024",139400,2024,"2","X",2023,2025,312.107,141854.742764501,11.8625588747468
"2947","16H110241",2024-10-10,"10-2024",25000,2024,"2","I",2023,2025,315.564,25161.5361701588,10.1330717649982
"2948","16H110719",2024-03-12,"03-2024",15000,2024,"2","I",2023,2025,312.107,15264.1401826938,9.63326157752258
"2949","16H110737",2024-03-04,"03-2024",15000,2024,"2","I",2023,2025,312.107,15264.1401826938,9.63326157752258
"2950","16H110746",2024-08-15,"08-2024",80000,2024,"2","I",2023,2025,314.131,80884.2170941423,11.3007739924704
"2951","16H111231",2024-06-24,"06-2024",99000,2024,"2","I",2023,2025,313.131,100413.874704197,11.5170556709567
"2952","16H130261",2024-07-10,"07-2024",83000,2024,"2","X",2023,2025,313.566,84068.5820529012,11.3393881977197
"2953","16H312100",2024-04-22,"04-2024",175000,2024,"2","X",2023,2025,313.016,177564.485521507,12.0870891206333
"2954","16H320415",2024-04-24,"04-2024",19000,2024,"2","I",2023,2025,313.016,19278.4298566207,9.86674212587625
"2955","16H340095",2024-10-04,"10-2024",46396,2024,"2","5",2023,2025,315.564,46695.7852860276,10.7514091887496
"2956","16H340095",2024-10-08,"10-2024",46396,2024,"2","5",2023,2025,315.564,46695.7852860276,10.7514091887496
"2957","16H410707",2024-10-15,"10-2024",58992,2024,"2","5",2023,2025,315.564,59373.1736700004,10.9915977816218
"2958","16H411001",2024-07-02,"07-2024",125000,2024,"2","P",2023,2025,313.566,126609.310320634,11.7488613272254
"2959","16H431203",2024-06-04,"06-2024",186000,2024,"2","X",2023,2025,313.131,188656.370656371,12.1476824945353
"2960","16H521562",2024-10-25,"10-2024",68000,2024,"2","X",2023,2025,315.564,68439.378382832,11.1337036453061
"2961","16H540837",2024-03-15,"03-2024",9786,2024,"2","5",2023,2025,312.107,9958.32505518941,9.20616416928731
"2962","16H541001",2024-04-08,"04-2024",95000,2024,"2","X",2023,2025,313.016,96392.1492831037,11.4761800383104
"2963","16H542077",2024-04-22,"04-2024",26000,2024,"2","I",2023,2025,313.016,26381.009277481,10.1803996847313
"2964","16H542132",2024-01-05,"01-2024",60000,2024,"2","5",2023,2025,309.794,61512.4243852366,11.026994455915
"2965","16H611179",2024-06-17,"06-2024",32000,2024,"2","I",2023,2025,313.131,32457.0100053971,10.3876717236219
"2966","16H621233",2024-03-07,"03-2024",65000,2024,"2","I",2023,2025,312.107,66144.6074583396,11.099598646316
"2967","16H630077",2024-09-11,"09-2024",13000,2024,"2","I",2023,2025,314.851,13113.6283511883,9.48140730057055
"2968","16H631302",2024-02-13,"02-2024",95000,2024,"2","X",2023,2025,311.022,97010.1311161268,11.4825706965277
"2969","16H640331",2024-06-06,"06-2024",49500,2024,"2","I",2023,2025,313.131,50206.9373520987,10.8239084903968
"2970","16H640384",2024-11-04,"11-2024",15000,2024,"2","I",2023,2025,316.449,15054.700757468,9.6194455640971
"2971","16H640515",2024-03-13,"03-2024",15000,2024,"2","I",2023,2025,312.107,15264.1401826938,9.63326157752258
"2972","16H641033",2024-09-16,"09-2024",3559,2024,"2","I",2023,2025,314.851,3590.10794629841,8.18593754963707
"2973","16H641363",2024-02-22,"02-2024",21000,2024,"2","I",2023,2025,311.022,21444.3447730386,9.97321624265061
"2974","16H641431",2024-02-12,"02-2024",14000,2024,"2","I",2023,2025,311.022,14296.2298486924,9.56775113454244
"2975","16H641440",2024-01-17,"01-2024",28201,2024,"2","5",2023,2025,309.794,28911.8646681343,10.2720073320011
"2976","16H641440",2024-01-26,"01-2024",107200,2024,"2","I",2023,2025,309.794,109902.198234956,11.6073461423296
"2977","16H641660",2024-02-02,"02-2024",49000,2024,"2","X",2023,2025,311.022,50036.8044704233,10.8205141030378
"2978","16J120388",2024-05-14,"05-2024",179900,2024,"2","Z",2023,2025,313.14,182464.00875008,12.1143082202274
"2979","16J120401",2024-04-30,"04-2024",183000,2024,"2","X",2023,2025,313.016,185681.719145347,12.1317892995512
"2980","16J120696",2024-10-09,"10-2024",78916,2024,"2","5",2023,2025,315.564,79425.9115361702,11.2825799357627
"2981","16J120704",2024-04-23,"04-2024",315000,2024,"2","X",2023,2025,313.016,319616.073938712,12.6748757855354
"2982","16J120784",2024-01-19,"01-2024",166000,2024,"2","X",2023,2025,309.794,170184.374132488,12.0446376820494
"2983","16J120924",2024-01-31,"01-2024",110000,2024,"2","I",2023,2025,309.794,112772.778039601,11.6331302594853
"2984","16J121367",2024-01-24,"01-2024",279000,2024,"2","X",2023,2025,309.794,286032.77339135,12.5638616755142
"2985","16J130123",2024-11-15,"11-2024",129900,2024,"2","Z",2023,2025,316.449,130373.708559673,11.7781602866714
"2986","16J130622",2024-07-22,"07-2024",155000,2024,"2","X",2023,2025,313.566,156995.544797587,11.9639727068424
"2987","16J130952",2024-03-07,"03-2024",10000,2024,"2","5",2023,2025,312.107,10176.0934551292,9.22779646941442
"2988","16J140166",2024-06-27,"06-2024",306280,2024,"2","X",2023,2025,313.131,310654.157014157,12.6464355370671
"2989","16J140210",2024-04-10,"04-2024",91800,2024,"2","4",2023,2025,313.016,93145.2558335676,11.4419154443363
"2990","16J140386",2024-09-26,"09-2024",90000,2024,"2","I",2023,2025,314.851,90786.6578159193,11.4162676134393
"2991","16J140496",2024-02-07,"02-2024",105000,2024,"2","I",2023,2025,311.022,107221.723865193,11.5826541550847
"2992","16J141167",2024-02-02,"02-2024",130000,2024,"2","X",2023,2025,311.022,132750.705737858,11.7962282553828
"2993","16J141211",2024-08-14,"08-2024",75500,2024,"2","X",2023,2025,314.131,76334.4798825968,11.2428800140515
"2994","16J141299",2024-03-28,"03-2024",150000,2024,"2","X",2023,2025,312.107,152641.401826938,11.9358466705166
"2995","16J210094",2024-10-28,"10-2024",49500,2024,"2","I",2023,2025,315.564,49819.8416169145,10.8161686097046
"2996","16J210368",2024-06-03,"06-2024",6000,2024,"2","I",2023,2025,313.131,6085.68937601196,8.7136952900502
"2997","16J210489",2024-06-04,"06-2024",32000,2024,"2","I",2023,2025,313.131,32457.0100053971,10.3876717236219
"2998","16J210940",2024-01-16,"01-2024",30000,2024,"2","I",2023,2025,309.794,30756.2121926183,10.333847275355
"2999","16J211172",2024-06-27,"06-2024",56100,2024,"2","5",2023,2025,313.131,56901.1956657118,10.9490716333508
"3000","16J211226",2024-08-19,"08-2024",60000,2024,"2","5",2023,2025,314.131,60663.1628206067,11.0130919200186
"3001","16J211248",2024-08-06,"08-2024",120000,2024,"2","X",2023,2025,314.131,121326.325641213,11.7062391005786
"3002","16J211491",2024-07-30,"07-2024",167000,2024,"2","X",2023,2025,313.566,169150.038588367,12.0385414023399
"3003","16J220312",2024-02-12,"02-2024",1e+05,2024,"2","I",2023,2025,311.022,102115.92749066,11.5338639909153
"3004","16J220312",2024-08-07,"08-2024",95000,2024,"2","X",2023,2025,314.131,96050.0077992939,11.4726242493971
"3005","16J220501",2024-11-01,"11-2024",93000,2024,"2","X",2023,2025,316.449,93339.1446963018,11.4439948561481
"3006","16J220712",2024-04-04,"04-2024",31320,2024,"2","5",2023,2025,313.016,31778.9696373348,10.3665600178324
"3007","16J220712",2024-06-17,"06-2024",22800,2024,"2","I",2023,2025,313.131,23125.6196288454,10.0486963567825
"3008","16J220712",2024-10-04,"10-2024",25000,2024,"2","Z",2023,2025,315.564,25161.5361701588,10.1330717649982
"3009","16J221115",2024-03-28,"03-2024",204000,2024,"2","X",2023,2025,312.107,207592.306484635,12.2433313702646
"3010","16J230212",2024-03-15,"03-2024",127000,2024,"2","I",2023,2025,312.107,129236.38688014,11.769398462879
"3011","16J230212",2024-09-23,"09-2024",183500,2024,"2","X",2023,2025,314.851,185103.907880235,12.1286726106036
"3012","16J231026",2024-04-05,"04-2024",55000,2024,"2","I",2023,2025,313.016,55805.9811639022,10.9296363319423
"3013","16J231026",2024-08-01,"08-2024",110000,2024,"2","X",2023,2025,314.131,111215.798504446,11.6192277235889
"3014","16J231059",2024-07-26,"07-2024",75000,2024,"2","X",2023,2025,313.566,75965.5861923806,11.2380357034594
"3015","16J231114",2024-09-25,"09-2024",99900,2024,"2","X",2023,2025,314.851,100773.19017567,11.5206276287635
"3016","16J240013",2024-03-29,"03-2024",66000,2024,"2","I",2023,2025,312.107,67162.2168038525,11.1148661184468
"3017","16J240585",2024-02-22,"02-2024",77000,2024,"2","X",2023,2025,311.022,78629.2641678081,11.2724992267809
"3018","16J240860",2024-04-12,"04-2024",75000,2024,"2","I",2023,2025,313.016,76099.065223503,11.2397912602461
"3019","16J320533",2024-03-29,"03-2024",62000,2024,"2","4",2023,2025,312.107,63091.7794218008,11.0523457614655
"3020","16J320555",2024-09-05,"09-2024",46800,2024,"2","Z",2023,2025,314.851,47209.062064278,10.7623411460326
"3021","16J320720",2024-03-20,"03-2024",56000,2024,"2","X",2023,2025,312.107,56986.1233487233,10.9505630671555
"3022","16J330422",2024-06-21,"06-2024",151000,2024,"2","X",2023,2025,313.131,153156.515962968,11.9392156576371
"3023","16J420172",2024-05-16,"05-2024",128000,2024,"2","X",2023,2025,313.14,129824.308615955,11.7739373431906
"3024","16J420622",2024-04-09,"04-2024",20000,2024,"2","I",2023,2025,313.016,20293.0840596008,9.9180354202638
"3025","16J420802",2024-06-21,"06-2024",97938,2024,"2","4",2023,2025,313.131,99336.7076846432,11.5062704462221
"3026","16J420903",2024-09-06,"09-2024",145000,2024,"2","X",2023,2025,314.851,146267.39314787,11.8931916855296
"3027","16J430566",2024-11-15,"11-2024",67000,2024,"2","4",2023,2025,316.449,67244.3300500239,11.1160879823859
"3028","16J430731",2024-08-02,"08-2024",183000,2024,"2","X",2023,2025,314.131,185022.64660285,12.1282335106379
"3029","16J431017",2024-09-04,"09-2024",135000,2024,"2","X",2023,2025,314.851,136179.986723879,11.8217327215474
"3030","16J431105",2024-04-02,"04-2024",145000,2024,"2","X",2023,2025,313.016,147124.859432106,11.8990368891304
"3031","16J431172",2024-07-05,"07-2024",78000,2024,"2","X",2023,2025,313.566,79004.2096400758,11.2772564166127
"3032","16J431501",2024-05-08,"05-2024",35000,2024,"2","I",2023,2025,313.14,35498.8343871751,10.4772551407604
"3033","16J431633",2024-08-30,"08-2024",180000,2024,"2","X",2023,2025,314.131,181989.48846182,12.1117042086867
"3034","16J440224",2024-09-19,"09-2024",160000,2024,"2","X",2023,2025,314.851,161398.502783856,11.9916317583428
"3035","16J440301",2024-05-14,"05-2024",109000,2024,"2","X",2023,2025,313.14,110553.512805774,11.6132549615001
"3036","16J440752",2024-04-01,"04-2024",53000,2024,"2","I",2023,2025,313.016,53776.6727579421,10.8925950602619
"3037","16J441027",2024-09-09,"09-2024",24000,2024,"2","I",2023,2025,314.851,24209.7754175785,10.094511773457
"3038","16J441621",2024-08-15,"08-2024",86696,2024,"2","5",2023,2025,314.131,87654.226064922,11.3811551044172
"3039","16J510228",2024-05-22,"05-2024",50000,2024,"2","I",2023,2025,313.14,50712.6205531072,10.8339300846991
"3040","16J510240",2024-04-09,"04-2024",53000,2024,"2","X",2023,2025,313.016,53776.6727579421,10.8925950602619
"3041","16J510338",2024-03-06,"03-2024",76000,2024,"2","X",2023,2025,312.107,77338.3102589817,11.2559447167067
"3042","16J510404",2024-01-02,"01-2024",108000,2024,"2","X",2023,2025,309.794,110722.363893426,11.6147811208171
"3043","16J510932",2024-04-03,"04-2024",76500,2024,"2","X",2023,2025,313.016,77621.046527973,11.2595938875423
"3044","16J520173",2024-05-23,"05-2024",50000,2024,"2","I",2023,2025,313.14,50712.6205531072,10.8339300846991
"3045","16J520184",2024-04-05,"04-2024",118500,2024,"2","X",2023,2025,313.016,120236.523053135,11.697216107285
"3046","16J520579",2024-07-25,"07-2024",60000,2024,"2","I",2023,2025,313.566,60772.4689539044,11.0148921521452
"3047","16J520601",2024-07-24,"07-2024",135000,2024,"2","X",2023,2025,313.566,136738.055146285,11.8258223683616
"3048","16J640095",2024-07-24,"07-2024",42000,2024,"2","I",2023,2025,313.566,42540.7282677331,10.6582172082065
"3049","16J640688",2024-07-08,"07-2024",92000,2024,"2","X",2023,2025,313.566,93184.4523959868,11.4423361669722
"3050","16K110502",2024-06-26,"06-2024",120000,2024,"2","I",2023,2025,313.131,121713.787520239,11.7094275636042
"3051","16K110784",2024-01-25,"01-2024",169900,2024,"2","X",2023,2025,309.794,174182.681717528,12.0678599223708
"3052","16K110861",2024-04-08,"04-2024",150000,2024,"2","X",2023,2025,313.016,152198.130447006,11.9329384408061
"3053","16K120189",2024-09-03,"09-2024",50000,2024,"2","I",2023,2025,314.851,50437.0321199551,10.8284809485372
"3054","16K121092",2024-05-06,"05-2024",192500,2024,"2","X",2023,2025,313.14,195243.589129463,12.1820032329988
"3055","16K122071",2024-07-12,"07-2024",205000,2024,"2","X",2023,2025,313.566,207639.26892584,12.2435575690615
"3056","16K140826",2024-10-04,"10-2024",61000,2024,"2","5",2023,2025,315.564,61394.1482551875,11.0250698043033
"3057","16K141715",2024-11-13,"11-2024",60000,2024,"2","I",2023,2025,316.449,60218.8030298721,11.005739925217
"3058","16K141751",2024-04-01,"04-2024",155000,2024,"2","I",2023,2025,313.016,157271.401461906,11.9657282636291
"3059","16K210664",2024-02-06,"02-2024",130000,2024,"2","X",2023,2025,311.022,132750.705737858,11.7962282553828
"3060","16K211072",2024-03-07,"03-2024",166750,2024,"2","X",2023,2025,312.107,169686.358364279,12.0417070612161
"3061","16K211511",2024-09-04,"09-2024",215000,2024,"2","X",2023,2025,314.851,216879.238115807,12.2870959712367
"3062","16K211702",2024-08-30,"08-2024",80000,2024,"2","I",2023,2025,314.131,80884.2170941423,11.3007739924704
"3063","16K220832",2024-08-22,"08-2024",180000,2024,"2","X",2023,2025,314.131,181989.48846182,12.1117042086867
"3064","16K221323",2024-04-02,"04-2024",208150,2024,"2","X",2023,2025,313.016,211200.272350295,12.2605621203508
"3065","16K230301",2024-10-16,"10-2024",149000,2024,"2","X",2023,2025,315.564,149962.755574147,11.9181422460754
"3066","16K230343",2024-08-20,"08-2024",145000,2024,"2","X",2023,2025,314.131,146602.643483133,11.8954811002171
"3067","16K240144",2024-04-10,"04-2024",102500,2024,"2","I",2023,2025,313.016,104002.055805454,11.5521659452883
"3068","16K240971",2024-07-24,"07-2024",170000,2024,"2","X",2023,2025,313.566,172188.662036063,12.0563460269734
"3069","16K241068",2024-09-09,"09-2024",75500,2024,"2","I",2023,2025,314.851,76159.9185011323,11.240590599364
"3070","16K310072",2024-08-21,"08-2024",84000,2024,"2","X",2023,2025,314.131,84928.4279488494,11.3495641566398
"3071","16K310379",2024-05-08,"05-2024",75000,2024,"2","I",2023,2025,313.14,76068.9308296609,11.2393951928073
"3072","16K310434",2024-02-08,"02-2024",169900,2024,"2","X",2023,2025,311.022,173494.960806631,12.0639038336051
"3073","16K320521",2024-01-26,"01-2024",97500,2024,"2","I",2023,2025,309.794,99957.6896260096,11.5125022716967
"3074","16K320521",2024-09-13,"09-2024",2e+05,2024,"2","X",2023,2025,314.851,201748.128479821,12.2147753096571
"3075","16K320914",2024-06-06,"06-2024",30000,2024,"2","I",2023,2025,313.131,30428.4468800598,10.3231332024843
"3076","16K320994",2024-06-28,"06-2024",71544,2024,"2","5",2023,2025,313.131,72565.7601195666,11.192248465866
"3077","16K321193",2024-09-25,"09-2024",166000,2024,"2","4",2023,2025,314.851,167450.946638251,12.0284457314656
"3078","16K321467",2024-04-16,"04-2024",215000,2024,"2","X",2023,2025,313.016,218150.653640708,12.2929411748375
"3079","16K321500",2024-04-18,"04-2024",290000,2024,"2","X",2023,2025,313.016,294249.718864211,12.5921840696903
"3080","16K430433",2024-06-27,"06-2024",1e+05,2024,"2","I",2023,2025,313.131,101428.156266866,11.5271060068102
"3081","16K610130",2024-02-23,"02-2024",90500,2024,"2","X",2023,2025,311.022,92414.9143790471,11.4340436556331
"3082","16K610394",2024-08-21,"08-2024",130000,2024,"2","X",2023,2025,314.131,131436.852777981,11.7862818082521
"3083","16K620810",2024-10-15,"10-2024",66000,2024,"2","I",2023,2025,315.564,66426.4554892193,11.1038506821564
"3084","16K620865",2024-07-08,"07-2024",142500,2024,"2","X",2023,2025,313.566,144334.613765523,11.8798895896318
"3085","16K621130",2024-04-10,"04-2024",80000,2024,"2","I",2023,2025,313.016,81172.3362384031,11.3043297813837
"3086","16K621130",2024-07-29,"07-2024",157000,2024,"2","X",2023,2025,313.566,159021.293762717,11.9767933952714
"3087","16K621273",2024-01-04,"01-2024",141000,2024,"2","X",2023,2025,309.794,144554.197305306,11.881409784071
"3088","16K640874",2024-02-15,"02-2024",150000,2024,"2","X",2023,2025,311.022,153173.89123599,11.9393290990234
"3089","16K641402",2024-02-06,"02-2024",58941,2024,"2","5",2023,2025,311.022,60188.1488222698,11.0052307484993
"3090","16K641402",2024-04-18,"04-2024",65200,2024,"2","I",2023,2025,313.016,66155.4540342986,11.0997626156424
"3091","16K641567",2024-02-22,"02-2024",10000,2024,"1","X",2023,2025,311.022,10211.592749066,9.23127889792123
"3092","16L110255",2024-02-20,"02-2024",320000,2024,"2","I",2023,2025,311.022,326770.967970111,12.697014800721
"3093","16L110301",2024-08-23,"08-2024",451000,2024,"2","X",2023,2025,314.131,455984.773868227,13.0302146972992
"3094","16L120265",2024-01-17,"01-2024",15000,2024,"2","4",2023,2025,309.794,15378.1060963092,9.64070009479509
"3095","16L120403",2024-01-08,"01-2024",330000,2024,"2","X",2023,2025,309.794,338318.334118802,12.7317425481534
"3096","16L120496",2024-06-26,"06-2024",389800,2024,"2","I",2023,2025,313.131,395366.953128244,12.8875696078956
"3097","16L130505",2024-02-08,"02-2024",3e+05,2024,"2","X",2023,2025,311.022,306347.78247198,12.6324762795834
"3098","16L140384",2024-03-05,"03-2024",295000,2024,"2","X",2023,2025,312.107,300194.75692631,12.6121867327602
"3099","16L140515",2024-10-01,"10-2024",592000,2024,"2","X",2023,2025,315.564,595825.176509361,13.297702575014
"3100","16L210663",2024-08-21,"08-2024",364000,2024,"2","X",2023,2025,314.131,368023.187778347,12.8159012254333
"3101","16L230210",2024-05-01,"05-2024",355000,2024,"2","X",2023,2025,313.14,360059.605927061,12.7940248687464
"3102","16L310499",2024-01-25,"01-2024",350000,2024,"2","X",2023,2025,309.794,358822.475580547,12.7905830481763
"3103","16L310932",2024-11-01,"11-2024",475000,2024,"2","X",2023,2025,316.449,476732.190653154,13.0747101670295
"3104","16L311038",2024-06-12,"06-2024",465000,2024,"2","X",2023,2025,313.131,471640.926640927,13.0639732264095
"3105","16L320113",2024-06-13,"06-2024",260000,2024,"2","X",2023,2025,313.131,263713.206293851,12.4826174518377
"3106","16L320168",2024-06-07,"06-2024",394900,2024,"2","X",2023,2025,313.131,400539.789097854,12.9005683891147
"3107","16L320223",2024-04-08,"04-2024",210000,2024,"2","X",2023,2025,313.016,213077.382625808,12.2694106774273
"3108","16L320542",2024-04-25,"04-2024",265000,2024,"2","X",2023,2025,313.016,268883.36378971,12.502032972696
"3109","16L340595",2024-11-07,"11-2024",260000,2024,"2","X",2023,2025,316.449,260948.146462779,12.4720769940104
"3110","16L420598",2024-04-05,"04-2024",105000,2024,"2","5",2023,2025,313.016,106538.691312904,11.5762634968673
"3111","16L440079",2024-05-08,"05-2024",60000,2024,"2","I",2023,2025,313.14,60855.1446637287,11.0162516414931
"3112","16L540443",2024-06-07,"06-2024",187000,2024,"2","P",2023,2025,313.131,189670.652219039,12.1530444376767
"3113","16L630072",2024-09-13,"09-2024",375000,2024,"2","P",2023,2025,314.851,378277.740899664,12.8433839690794
"3114","16L630193",2024-01-11,"01-2024",137000,2024,"2","X",2023,2025,309.794,140453.369012957,11.852630819521
"3115","16L630764",2024-02-12,"02-2024",63000,2024,"2","I",2023,2025,311.022,64333.0343191157,11.0718285313187
"3116","16L630940",2024-06-26,"06-2024",310000,2024,"2","X",2023,2025,313.131,314427.284427284,12.6585081183013
"3117","16L631260",2024-06-24,"06-2024",120000,2024,"2","X",2023,2025,313.131,121713.787520239,11.7094275636042
"3118","16L640721",2024-06-13,"06-2024",125000,2024,"2","X",2023,2025,313.131,126785.195333582,11.7502495581244
"3119","16L641005",2024-05-31,"05-2024",145000,2024,"2","X",2023,2025,313.14,147066.599604011,11.8986408216915
"3120","16M111123",2024-02-28,"02-2024",150000,2024,"2","X",2023,2025,311.022,153173.89123599,11.9393290990234
"3121","16M111189",2024-04-08,"04-2024",129000,2024,"2","5",2023,2025,313.016,130890.392184425,11.7821155510715
"3122","16M111453",2024-06-07,"06-2024",149900,2024,"2","X",2023,2025,313.131,152040.806244032,11.9319042259307
"3123","16M111530",2024-05-10,"05-2024",124900,2024,"2","X",2023,2025,313.14,126680.126141662,11.7494204964025
"3124","16M111907",2024-04-01,"04-2024",95000,2024,"2","X",2023,2025,313.016,96392.1492831037,11.4761800383104
"3125","16M111934",2024-04-15,"04-2024",115000,2024,"2","X",2023,2025,313.016,116685.233342705,11.6672352750731
"3126","16M111981",2024-03-13,"03-2024",110000,2024,"2","X",2023,2025,312.107,111937.028006421,11.6256917422128
"3127","16M112289",2024-04-17,"04-2024",89000,2024,"2","4",2023,2025,313.016,90304.2240652235,11.4109395164419
"3128","16M120862",2024-05-02,"05-2024",125000,2024,"2","X",2023,2025,313.14,126781.551382768,11.7502208165733
"3129","16M120880",2024-07-10,"07-2024",66000,2024,"2","I",2023,2025,313.566,66849.7158492949,11.1102023319495
"3130","16M120981",2024-08-01,"08-2024",130000,2024,"2","X",2023,2025,314.131,131436.852777981,11.7862818082521
"3131","16M121056",2024-03-12,"03-2024",134000,2024,"2","X",2023,2025,312.107,136359.652298731,11.8230511763713
"3132","16M121111",2024-08-27,"08-2024",130000,2024,"2","X",2023,2025,314.131,131436.852777981,11.7862818082521
"3133","16M121166",2024-04-02,"04-2024",60000,2024,"2","I",2023,2025,313.016,60879.2521788024,11.0166477089319
"3134","16M121199",2024-05-08,"05-2024",220000,2024,"2","X",2023,2025,313.14,223135.530433672,12.3155346256233
"3135","16M122961",2024-06-18,"06-2024",192500,2024,"2","X",2023,2025,313.131,195249.200813717,12.18203197455
"3136","16M122992",2024-01-11,"01-2024",180000,2024,"2","X",2023,2025,309.794,184537.27315571,12.1256067445831
"3137","16M123135",2024-07-02,"07-2024",158000,2024,"2","X",2023,2025,313.566,160034.168245282,11.9831426229501
"3138","16M123168",2024-01-12,"01-2024",116500,2024,"2","I",2023,2025,309.794,119436.624014668,11.6905411666986
"3139","16M123168",2024-07-24,"07-2024",179000,2024,"2","X",2023,2025,313.566,181304.532379148,12.1079333957639
"3140","16M123333",2024-10-24,"10-2024",165000,2024,"2","X",2023,2025,315.564,166066.138723048,12.0201414140306
"3141","16M123872",2024-04-01,"04-2024",173000,2024,"2","X",2023,2025,313.016,175535.177115547,12.0755947412076
"3142","16M130441",2024-06-13,"06-2024",252000,2024,"2","X",2023,2025,313.131,255598.953792502,12.4513649083336
"3143","16M130551",2024-07-30,"07-2024",4e+05,2024,"2","X",2023,2025,313.566,405149.79302603,12.9120121370311
"3144","16M140626",2024-10-31,"10-2024",27000,2024,"2","I",2023,2025,315.564,27174.4590637715,10.2100328061343
"3145","16M140662",2024-07-29,"07-2024",113000,2024,"2","X",2023,2025,313.566,114454.816529853,11.6479354086355
"3146","16M141021",2024-04-02,"04-2024",83465,2024,"2","I",2023,2025,313.016,84688.113051729,11.3467305290172
"3147","16M141087",2024-10-01,"10-2024",145000,2024,"2","X",2023,2025,315.564,145936.909786921,11.8909296825506
"3148","16M141131",2024-10-21,"10-2024",110000,2024,"2","X",2023,2025,315.564,110710.759148699,11.6146763059224
"3149","16M141241",2024-08-06,"08-2024",115000,2024,"2","X",2023,2025,314.131,116271.062072829,11.6636794861598
"3150","16M141285",2024-05-07,"05-2024",110000,2024,"2","X",2023,2025,313.14,111567.765216836,11.6223874450634
"3151","16M141304",2024-01-25,"01-2024",102500,2024,"2","X",2023,2025,309.794,105083.724991446,11.5625126922713
"3152","16M141322",2024-06-21,"06-2024",125000,2024,"2","X",2023,2025,313.131,126785.195333582,11.7502495581244
"3153","16M141461",2024-08-27,"08-2024",107000,2024,"2","I",2023,2025,314.131,108182.640363415,11.5915761922584
"3154","16M141681",2024-01-26,"01-2024",168500,2024,"2","X",2023,2025,309.794,172747.391815206,12.0595856434853
"3155","16M141845",2024-03-14,"03-2024",134000,2024,"2","X",2023,2025,312.107,136359.652298731,11.8230511763713
"3156","16M141928",2024-06-06,"06-2024",155000,2024,"2","X",2023,2025,313.131,157213.642213642,11.9653609377414
"3157","16M230077",2024-05-09,"05-2024",3410182,2024,"2","F",2023,2025,313.14,3458785.31566073,15.0564280205583
"3158","16M310784",2024-02-12,"02-2024",85000,2024,"2","I",2023,2025,311.022,86798.5383670609,11.3713450614175
"3159","16M320402",2024-06-05,"06-2024",846000,2024,"2","X",2023,2025,313.131,858082.202017686,13.6624551804284
"3160","16M340088",2024-04-04,"04-2024",3e+05,2024,"2","I",2023,2025,313.016,304396.260894012,12.626085621366
"3161","16M340088",2024-09-19,"09-2024",665000,2024,"2","X",2023,2025,314.851,670812.527195403,13.4162449837649
"3162","16M411225",2024-08-28,"08-2024",79000,2024,"2","X",2023,2025,314.131,79873.1643804655,11.2881952102635
"3163","16M411380",2024-03-04,"03-2024",135000,2024,"2","X",2023,2025,312.107,137377.261644244,11.8304861548588
"3164","16M411478",2024-02-06,"02-2024",41000,2024,"2","I",2023,2025,311.022,41867.5302711705,10.6422658716315
"3165","16M411511",2024-08-01,"08-2024",72500,2024,"2","X",2023,2025,314.131,73301.3217415664,11.2023339196571
"3166","16M420663",2024-08-06,"08-2024",174000,2024,"2","X",2023,2025,314.131,175923.172179759,12.077802657011
"3167","17J620900",2024-07-12,"07-2024",63932,2024,"2","5",2023,2025,313.566,64755.0914193503,11.0783676084295
"3168","17J630042",2024-01-11,"01-2024",55667,2024,"2","I",2023,2025,309.794,57070.2021375495,10.9520374054475
"3169","17J630042",2024-06-27,"06-2024",130000,2024,"2","X",2023,2025,313.131,131856.603146926,11.7894702712777
"3170","17J630075",2024-08-08,"08-2024",130000,2024,"2","X",2023,2025,314.131,131436.852777981,11.7862818082521
"3171","17J630163",2024-06-26,"06-2024",150000,2024,"2","X",2023,2025,313.131,152142.234400299,11.9325711149184
"3172","17J631021",2024-06-07,"06-2024",53314,2024,"2","5",2023,2025,313.131,54075.4072321169,10.8981347816689
"3173","17J631373",2024-02-08,"02-2024",110000,2024,"2","X",2023,2025,311.022,112327.520239726,11.6291741707196
"3174","17J631373",2024-07-30,"07-2024",110000,2024,"2","I",2023,2025,313.566,111416.193082158,11.6210279557155
"3175","17J640359",2024-03-01,"03-2024",36500,2024,"2","I",2023,2025,312.107,37142.7411112215,10.5225236370088
"3176","17J640788",2024-01-23,"01-2024",80000,2024,"2","X",2023,2025,309.794,82016.5658469822,11.3146765283668
"3177","17J640887",2024-07-03,"07-2024",80000,2024,"2","X",2023,2025,313.566,81029.9586052059,11.302574224597
"3178","17K110433",2024-02-28,"02-2024",127000,2024,"2","X",2023,2025,311.022,129687.227913138,11.7728808913858
"3179","17K120502",2024-05-30,"05-2024",460000,2024,"2","X",2023,2025,313.14,466556.109088587,13.0531335687541
"3180","17K120740",2024-05-06,"05-2024",335000,2024,"2","X",2023,2025,313.14,339774.557705819,12.736037611096
"3181","17K120773",2024-11-25,"11-2024",430000,2024,"2","X",2023,2025,316.449,431568.08838075,12.9751805716825
"3182","17K130411",2024-07-15,"07-2024",340000,2024,"2","X",2023,2025,313.566,344377.324072125,12.7494932075333
"3183","17K130741",2024-05-09,"05-2024",145000,2024,"2","X",2023,2025,313.14,147066.599604011,11.8986408216915
"3184","17K140421",2024-04-26,"04-2024",329900,2024,"2","X",2023,2025,313.016,334734.421563115,12.7210927249443
"3185","17K140540",2024-07-03,"07-2024",520000,2024,"2","X",2023,2025,313.566,526694.730933839,13.1743764014986
"3186","17K210555",2024-05-31,"05-2024",5e+05,2024,"2","X",2023,2025,313.14,507126.205531072,13.1365151776932
"3187","17K210632",2024-06-28,"06-2024",441500,2024,"2","X",2023,2025,313.131,447805.309918213,13.0121138408662
"3188","17K210931",2024-07-29,"07-2024",476547,2024,"2","X",2023,2025,313.566,482682.296042938,13.0871139440399
"3189","17K211116",2024-10-03,"10-2024",650000,2024,"2","X",2023,2025,315.564,654199.940424129,13.3911683030197
"3190","17K220224",2024-03-25,"03-2024",5e+05,2024,"2","X",2023,2025,312.107,508804.672756458,13.1398194748426
"3191","17K220235",2024-09-03,"09-2024",505000,2024,"2","X",2023,2025,314.851,509414.024411547,13.1410163723844
"3192","17K230081",2024-03-29,"03-2024",297000,2024,"2","I",2023,2025,312.107,302229.975617336,12.6189435152231
"3193","17K230454",2024-09-30,"09-2024",442500,2024,"2","X",2023,2025,314.851,446367.734261603,13.008898407557
"3194","17K230476",2024-05-29,"05-2024",436000,2024,"2","X",2023,2025,313.14,442214.051223095,12.99954932262
"3195","17K240024",2024-11-01,"11-2024",299500,2024,"2","X",2023,2025,316.449,300592.191790778,12.6135097805504
"3196","17K240080",2024-08-16,"08-2024",410000,2024,"2","X",2023,2025,314.131,414531.612607479,12.9349045174949
"3197","17K240233",2024-11-20,"11-2024",295000,2024,"2","X",2023,2025,316.449,296075.781563538,12.5983707193347
"3198","17K240387",2024-11-08,"11-2024",336000,2024,"2","X",2023,2025,316.449,337225.296967284,12.7285065229581
"3199","17K240503",2024-07-18,"07-2024",50000,2024,"2","I",2023,2025,313.566,50643.7241282537,10.8325705953513
"3200","17K310062",2024-07-26,"07-2024",466000,2024,"2","X",2023,2025,313.566,471999.508875325,13.0647332240488
"3201","17K310127",2024-07-16,"07-2024",480000,2024,"2","X",2023,2025,313.566,486179.751631236,13.0943336938251
"3202","17K310501",2024-09-23,"09-2024",428000,2024,"2","X",2023,2025,314.851,431740.994946816,12.9755811386908
"3203","17K310534",2024-04-29,"04-2024",310000,2024,"2","X",2023,2025,313.016,314542.802923812,12.658875444189
"3204","17K310633",2024-08-28,"08-2024",282000,2024,"2","X",2023,2025,314.131,285116.865256851,12.5606544287346
"3205","17K310831",2024-04-05,"04-2024",339000,2024,"2","X",2023,2025,313.016,343967.774810233,12.7483032540903
"3206","17K311238",2024-08-16,"08-2024",305000,2024,"2","X",2023,2025,314.131,308371.077671417,12.6390591344039
"3207","17K320148",2024-03-11,"03-2024",410000,2024,"2","X",2023,2025,312.107,417219.831660296,12.9413685361187
"3208","17K320357",2024-05-21,"05-2024",365000,2024,"2","X",2023,2025,313.14,370202.130037683,12.8218044328534
"3209","17K320711",2024-10-23,"10-2024",214000,2024,"2","X",2023,2025,315.564,215382.74961656,12.2801719551518
"3210","17K320940",2024-07-18,"07-2024",95000,2024,"2","I",2023,2025,313.566,96223.075843682,11.4744244815237
"3211","17K321161",2024-10-24,"10-2024",415000,2024,"2","X",2023,2025,315.564,417681.500424637,12.9424744603607
"3212","17K321556",2024-01-08,"01-2024",485000,2024,"2","X",2023,2025,309.794,497225.43044733,13.1167987846304
"3213","17K321611",2024-03-01,"03-2024",319900,2024,"2","X",2023,2025,312.107,325533.229629582,12.6932198233758
"3214","17K330389",2024-02-15,"02-2024",235000,2024,"2","X",2023,2025,311.022,239972.429603051,12.3882793190713
"3215","17K330390",2024-09-11,"09-2024",425000,2024,"2","X",2023,2025,314.851,428714.773019619,12.9685471120334
"3216","17K330444",2024-05-07,"05-2024",255000,2024,"2","X",2023,2025,313.14,258634.364820847,12.4631706244294
"3217","17K330642",2024-06-10,"06-2024",376000,2024,"2","X",2023,2025,313.131,381369.867563416,12.851524964212
"3218","17K331027",2024-04-25,"04-2024",1430400,2024,"2","4",2023,2025,313.016,1451361.37194265,14.1880125511291
"3219","17K340124",2024-08-09,"08-2024",2e+05,2024,"2","I",2023,2025,314.131,202210.542735356,12.2170647243445
"3220","17K340366",2024-09-27,"09-2024",475000,2024,"2","X",2023,2025,314.851,479151.805139574,13.0797727471437
"3221","17K340713",2024-11-07,"11-2024",169000,2024,"2","X",2023,2025,316.449,169616.295200806,12.041294077918
"3222","17K340814",2024-03-19,"03-2024",190000,2024,"2","X",2023,2025,312.107,193345.775647454,12.1722354485809
"3223","17K410173",2024-06-18,"06-2024",158000,2024,"2","I",2023,2025,313.131,160256.486901648,11.9845308538491
"3224","17K410722",2024-01-29,"01-2024",355000,2024,"2","X",2023,2025,309.794,363948.510945984,12.8047676831683
"3225","17K430951",2024-07-23,"07-2024",255000,2024,"2","4",2023,2025,313.566,258282.993054094,12.4618111350816
"3226","17K440071",2024-09-17,"09-2024",1e+05,2024,"2","I",2023,2025,314.851,100874.06423991,11.5216281290971
"3227","17K440598",2024-07-11,"07-2024",115000,2024,"2","X",2023,2025,313.566,116480.565494984,11.6654797182864
"3228","17K441511",2024-02-15,"02-2024",1e+05,2024,"2","X",2023,2025,311.022,102115.92749066,11.5338639909153
"3229","17K441665",2024-03-01,"03-2024",185000,2024,"2","X",2023,2025,312.107,188257.72891989,12.1455672014987
"3230","17K510042",2024-08-29,"08-2024",249900,2024,"2","X",2023,2025,314.131,252662.073147827,12.4398081956374
"3231","17K520052",2024-11-01,"11-2024",240000,2024,"2","I",2023,2025,316.449,240875.212119488,12.3920342863369
"3232","17K520382",2024-05-28,"05-2024",260000,2024,"2","X",2023,2025,313.14,263705.626876158,12.4825887102865
"3233","17K520865",2024-07-08,"07-2024",318000,2024,"2","X",2023,2025,313.566,322094.085455694,12.6825989727033
"3234","17K530589",2024-09-13,"09-2024",114900,2024,"2","X",2023,2025,314.851,115904.299811657,11.6605201279637
"3235","17K531041",2024-09-05,"09-2024",85000,2024,"2","I",2023,2025,314.851,85742.9546039238,11.3591091995993
"3236","17K540412",2024-10-29,"10-2024",80100,2024,"2","5",2023,2025,315.564,80617.5618891889,11.2974717942043
"3237","17K540665",2024-04-09,"04-2024",245000,2024,"2","X",2023,2025,313.016,248590.27973011,12.4235613572545
"3238","17K540803",2024-06-26,"06-2024",212000,2024,"2","X",2023,2025,313.131,215027.691285756,12.2785220954942
"3239","17K610043",2024-08-16,"08-2024",139000,2024,"2","I",2023,2025,314.131,140536.327201072,11.8532212909272
"3240","17K610065",2024-04-05,"04-2024",165000,2024,"2","X",2023,2025,313.016,167417.943491707,12.0282486206104
"3241","17K610285",2024-07-01,"07-2024",132000,2024,"2","I",2023,2025,313.566,133699.43169859,11.8033495125095
"3242","17K610285",2024-08-06,"08-2024",165000,2024,"2","X",2023,2025,314.131,166823.697756668,12.0246928316971
"3243","17K610328",2024-07-17,"07-2024",164000,2024,"2","X",2023,2025,313.566,166111.415140672,12.0204140177473
"3244","17K610461",2024-04-03,"04-2024",220000,2024,"2","X",2023,2025,313.016,223223.924655609,12.3159306930622
"3245","17K610560",2024-09-03,"09-2024",156500,2024,"2","I",2023,2025,314.851,157867.91053546,11.9695139530892
"3246","17K610571",2024-08-13,"08-2024",136000,2024,"2","I",2023,2025,314.131,137503.169060042,11.8314022435326
"3247","17K610669",2024-05-28,"05-2024",310000,2024,"2","X",2023,2025,313.14,314418.247429265,12.6584793767501
"3248","17K610681",2024-04-17,"04-2024",165000,2024,"2","X",2023,2025,313.016,167417.943491707,12.0282486206104
"3249","17K611022",2024-09-03,"09-2024",168400,2024,"2","X",2023,2025,314.851,169871.924180009,12.0428000449172
"3250","17K620295",2024-08-02,"08-2024",155000,2024,"2","X",2023,2025,314.131,156713.170619901,11.9621724747158
"3251","17K620482",2024-11-01,"11-2024",133000,2024,"2","X",2023,2025,316.449,133485.013382883,11.8017444912166
"3252","17K620767",2024-04-02,"04-2024",221824,2024,"2","X",2023,2025,313.016,225074.653921844,12.3241874213629
"3253","17K620901",2024-08-14,"08-2024",76200,2024,"2","I",2023,2025,314.131,77042.2167821705,11.2521088204891
"3254","17K621054",2024-10-23,"10-2024",28750,2024,"2","I",2023,2025,315.564,28935.7665956826,10.2728337073733
"3255","17K630975",2024-10-03,"10-2024",67000,2024,"2","I",2023,2025,315.564,67432.9169360256,11.1188885595209
"3256","17K641326",2024-03-27,"03-2024",105000,2024,"2","I",2023,2025,312.107,106848.981278856,11.5791717265779
"3257","17L110047",2024-08-30,"08-2024",754500,2024,"2","X",2023,2025,314.131,762839.272469129,13.5448026360044
"3258","17L110731",2024-05-09,"05-2024",535000,2024,"2","X",2023,2025,313.14,542625.039918247,13.204173826167
"3259","17L120178",2024-02-01,"02-2024",550000,2024,"2","I",2023,2025,311.022,561637.601198629,13.2386120831537
"3260","17L120310",2024-06-04,"06-2024",735000,2024,"2","I",2023,2025,313.131,745496.948561465,13.521806320035
"3261","17L130287",2024-06-13,"06-2024",550000,2024,"2","X",2023,2025,313.131,557854.859467763,13.2318540990487
"3262","17L130522",2024-10-17,"10-2024",1571263,2024,"2","X",2023,2025,315.564,1581415.63229329,14.2738309736677
"3263","17L130531",2024-02-26,"02-2024",1475500,2024,"2","X",2023,2025,311.022,1506720.51012469,14.2254459993102
"3264","17L140154",2024-05-14,"05-2024",774000,2024,"2","X",2023,2025,313.14,785031.3661621,13.5734789528607
"3265","17L140396",2024-06-28,"06-2024",640000,2024,"2","X",2023,2025,313.131,649140.200107942,13.3834039971759
"3266","17L140404",2024-09-13,"09-2024",682000,2024,"2","X",2023,2025,314.851,687961.118116188,13.4414876009525
"3267","17L140495",2024-07-03,"07-2024",640000,2024,"2","X",2023,2025,313.566,648239.668841647,13.3820157662768
"3268","17L210048",2024-10-03,"10-2024",1200000,2024,"2","X",2023,2025,315.564,1207753.73616762,14.0042727759061
"3269","17L210510",2024-03-19,"03-2024",675000,2024,"2","X",2023,2025,312.107,686886.308221219,13.4399240672929
"3270","17L221170",2024-01-24,"01-2024",1295000,2024,"2","X",2023,2025,309.794,1327643.15964802,14.0989158678265
"3271","17L230024",2024-03-08,"03-2024",999000,2024,"2","X",2023,2025,312.107,1016591.7361674,13.8319661550689
"3272","17L230101",2024-07-11,"07-2024",237000,2024,"2","I",2023,2025,313.566,240051.252367923,12.3886077310583
"3273","17L230190",2024-10-02,"10-2024",1430000,2024,"2","X",2023,2025,315.564,1439239.86893308,14.1796256633839
"3274","17L230695",2024-05-22,"05-2024",1509266,2024,"2","X",2023,2025,313.14,1530776.67943412,14.2412857981833
"3275","17L240210",2024-07-03,"07-2024",1e+06,2024,"2","X",2023,2025,313.566,1012874.48256507,13.8283028689053
"3276","17L240298",2024-07-29,"07-2024",460000,2024,"2","I",2023,2025,313.566,465922.261979934,13.0517740794063
"3277","17L240485",2024-04-16,"04-2024",7e+05,2024,"2","X",2023,2025,313.016,710257.942086028,13.4733834817532
"3278","17L310401",2024-04-03,"04-2024",566000,2024,"2","X",2023,2025,313.016,574294.278886702,13.260897224913
"3279","17L310490",2024-05-08,"05-2024",540000,2024,"2","I",2023,2025,313.14,547696.301973558,13.2134762188293
"3280","17L310490",2024-10-01,"10-2024",761000,2024,"2","X",2023,2025,315.564,765917.161019635,13.5488292979917
"3281","17L310533",2024-04-15,"04-2024",835000,2024,"2","X",2023,2025,313.016,847236.259488333,13.6497348715607
"3282","17L320048",2024-10-02,"10-2024",720000,2024,"2","X",2023,2025,315.564,724652.241700574,13.4934471521401
"3283","17L320246",2024-07-30,"07-2024",675000,2024,"2","X",2023,2025,313.566,683690.275731425,13.4352602807957
"3284","17L330289",2024-05-10,"05-2024",1600000,2024,"2","X",2023,2025,313.14,1622803.85769943,14.2996659874988
"3285","17L330612",2024-02-06,"02-2024",735000,2024,"2","X",2023,2025,311.022,750552.06705635,13.52856430414
"3286","17L330731",2024-06-25,"06-2024",589000,2024,"2","X",2023,2025,313.131,597411.840411841,13.3003620044737
"3287","17L340112",2024-01-04,"01-2024",270000,2024,"2","Z",2023,2025,309.794,276805.909733565,12.5310718526913
"3288","17L410523",2024-11-01,"11-2024",315000,2024,"2","I",2023,2025,316.449,316148.715906829,12.6639680018205
"3289","17L410765",2024-08-07,"08-2024",407000,2024,"2","X",2023,2025,314.131,411498.454466449,12.9275605432391
"3290","17L420511",2024-02-22,"02-2024",885000,2024,"2","X",2023,2025,311.022,903725.958292339,13.7142814499351
"3291","17L420830",2024-07-23,"07-2024",1350000,2024,"2","X",2023,2025,313.566,1367380.55146285,14.1284074613556
"3292","17L430170",2024-06-12,"06-2024",385000,2024,"2","X",2023,2025,313.131,390498.401627434,12.8751791551099
"3293","17L430521",2024-01-10,"01-2024",138000,2024,"2","X",2023,2025,309.794,141478.576086044,11.8599035788501
"3294","17L430620",2024-06-07,"06-2024",50000,2024,"2","I",2023,2025,313.131,50714.078133433,10.8339588262503
"3295","17L430774",2024-04-18,"04-2024",70000,2024,"2","I",2023,2025,313.016,71025.7942086028,11.1707983887592
"3296","17L510018",2024-05-22,"05-2024",575000,2024,"2","X",2023,2025,313.14,583195.136360733,13.2762771200683
"3297","17L510272",2024-08-23,"08-2024",1100000,2024,"2","X",2023,2025,314.131,1112157.98504446,13.921812816583
"3298","17L510283",2024-09-18,"09-2024",701000,2024,"2","X",2023,2025,314.851,707127.190321771,13.4689658301436
"3299","17L520545",2024-05-15,"05-2024",4e+05,2024,"2","4",2023,2025,313.14,405700.964424858,12.9133716263789
"3300","17L530962",2024-02-23,"02-2024",135000,2024,"2","X",2023,2025,311.022,137856.502112391,11.8339685833656
"3301","17L610327",2024-06-04,"06-2024",1300000,2024,"2","X",2023,2025,313.131,1318566.03146926,14.0920553642718
"3302","17L620326",2024-08-21,"08-2024",95000,2024,"2","I",2023,2025,314.131,96050.0077992939,11.4726242493971
"3303","17L630347",2024-08-01,"08-2024",685000,2024,"2","X",2023,2025,314.131,692571.108868593,13.4481661960587
"3304","17L630381",2024-06-25,"06-2024",190000,2024,"1","X",2023,2025,313.131,192713.496907045,12.1689598929826
"3305","17L630480",2024-08-01,"08-2024",207000,2024,"2","X",2023,2025,314.131,209287.911731093,12.2514661510619
"3306","17L640148",2024-05-02,"05-2024",127500,2024,"2","I",2023,2025,313.14,129317.182410423,11.7700234438694
"3307","17M110411",2024-10-17,"10-2024",2285000,2024,"2","I",2023,2025,315.564,2299764.40595252,14.6483172434583
"3308","17M120364",2024-04-22,"04-2024",775000,2024,"2","X",2023,2025,313.016,786357.007309531,13.5751661760632
"3309","17M130242",2024-10-24,"10-2024",625000,2024,"2","X",2023,2025,315.564,629038.404253971,13.3519475898664
"3310","17M130431",2024-06-26,"06-2024",5e+05,2024,"2","I",2023,2025,313.131,507140.78133433,13.1365439192443
"3311","17M210124",2024-05-20,"05-2024",460000,2024,"2","X",2023,2025,313.14,466556.109088587,13.0531335687541
"3312","17M210223",2024-10-28,"10-2024",585000,2024,"2","X",2023,2025,315.564,588779.946381717,13.2858077873618
"3313","17M210289",2024-04-02,"04-2024",338000,2024,"2","I",2023,2025,313.016,342953.120607253,12.7453490421928
"3314","17M220453",2024-08-27,"08-2024",975000,2024,"2","X",2023,2025,314.131,985776.395834859,13.8011848287944
"3315","17M310268",2024-10-09,"10-2024",350000,2024,"2","I",2023,2025,315.564,352261.506382224,12.7721290946134
"3316","17M310543",2024-07-01,"07-2024",650000,2024,"2","X",2023,2025,313.566,658368.413667298,13.3975199528128
"3317","17M310565",2024-10-18,"10-2024",1610000,2024,"2","X",2023,2025,315.564,1620402.92935823,14.2981853981085
"3318","17M320751",2024-02-15,"02-2024",436793,2024,"1","X",2023,2025,311.022,446035.223164278,13.0081532035884
"3319","17M340298",2024-07-01,"07-2024",2067838,2024,"2","X",2023,2025,313.566,2094460.3442784,14.5548064859259
"3320","17M340463",2024-05-16,"05-2024",1718058,2024,"2","X",2023,2025,313.14,1742544.46884461,14.3708569414316
"3321","17M340584",2024-07-11,"07-2024",1635000,2024,"2","X",2023,2025,313.566,1656049.7789939,14.3199456732545
"3322","17M340623",2024-02-14,"02-2024",1150000,2024,"2","X",2023,2025,311.022,1174333.16614259,13.9762110262845
"3323","17M440431",2024-05-02,"05-2024",165000,2024,"2","X",2023,2025,313.14,167351.647825254,12.0278525531715
"3324","17M440486",2024-07-16,"07-2024",165000,2024,"2","X",2023,2025,313.566,167124.289623237,12.0264930638237
"3325","17M440552",2024-08-14,"08-2024",87000,2024,"2","X",2023,2025,314.131,87961.5860898797,11.3846554764511
"3326","17M440662",2024-07-09,"07-2024",94500,2024,"2","X",2023,2025,313.566,95716.6386023995,11.4691474244228
"3327","17M440684",2024-11-04,"11-2024",95000,2024,"2","X",2023,2025,316.449,95346.4381306308,11.4652722545954
"3328","17M440824",2024-05-31,"05-2024",103000,2024,"2","X",2023,2025,313.14,104467.998339401,11.5566360675006
"3329","17M440860",2024-08-13,"08-2024",105000,2024,"2","X",2023,2025,314.131,106160.534936062,11.572707707954
"3330","17M620248",2024-08-30,"08-2024",220000,2024,"2","4",2023,2025,314.131,222431.597008891,12.3123749041489
"3331","17M620248",2024-08-30,"08-2024",225000,2024,"2","I",2023,2025,314.131,227486.860577275,12.3348477600009
"3332","17M620523",2024-07-09,"07-2024",1876000,2024,"2","X",2023,2025,313.566,1900152.52929208,14.4574447194893
"3333","17N130384",2024-10-03,"10-2024",170000,2024,"2","I",2023,2025,315.564,171098.44595708,12.0499943771802
"3334","17N130414",2024-11-06,"11-2024",241000,2024,"2","I",2023,2025,316.449,241878.858836653,12.3961922964855
"3335","17N130560",2024-01-22,"01-2024",2600000,2024,"2","X",2023,2025,309.794,2665538.39002692,14.7959166177025
"3336","17N140075",2024-10-21,"10-2024",295000,2024,"1","X",2023,2025,315.564,296906.126807874,12.6011712964698
"3337","17N220551",2024-01-05,"01-2024",382500,2024,"1","X",2023,2025,309.794,392141.705455884,12.8793785469595
"3338","17N230022",2024-01-23,"01-2024",491500,2024,"2","X",2023,2025,309.794,503889.276422397,13.1301118332801
"3339","17N230505",2024-08-05,"08-2024",579900,2024,"2","X",2023,2025,314.131,586309.468661164,13.2816030326789
"3340","17N230561",2024-08-01,"08-2024",770000,2024,"2","X",2023,2025,314.131,778510.589531119,13.5651378726442
"3341","17N240384",2024-10-30,"10-2024",1365000,2024,"2","X",2023,2025,315.564,1373819.87489067,14.133105647749
"3342","17N310289",2024-04-09,"04-2024",1322500,2024,"2","X",2023,2025,313.016,1341880.1834411,14.1095823104423
"3343","17N320080",2024-08-05,"08-2024",880000,2024,"2","X",2023,2025,314.131,889726.388035565,13.6986692652688
"3344","17N320222",2024-05-06,"05-2024",1330000,2024,"2","X",2023,2025,313.14,1348955.70671265,14.1148413004868
"3345","17N440287",2024-08-07,"08-2024",325000,2024,"2","X",2023,2025,314.131,328592.131944953,12.7025725401262
"3346","17N440474",2024-08-20,"08-2024",375000,2024,"2","X",2023,2025,314.131,379144.767628792,12.8456733837669
"3347","17N440540",2024-04-16,"04-2024",210000,2024,"2","I",2023,2025,313.016,213077.382625808,12.2694106774273
"3348","17N440540",2024-09-27,"09-2024",342999,2024,"2","X",2023,2025,314.851,345997.03160225,12.7541854748188
"3349","17N440614",2024-11-18,"11-2024",340000,2024,"2","X",2023,2025,316.449,341239.883835942,12.7403409806051
"3350","17N510038",2024-10-09,"10-2024",632000,2024,"2","X",2023,2025,315.564,636083.634381615,13.3630853342768
"3351","17N510803",2024-04-29,"04-2024",975000,2024,"2","X",2023,2025,313.016,989287.847905538,13.8047406177077
"3352","17N520279",2024-03-21,"03-2024",398000,2024,"2","X",2023,2025,312.107,405008.519514141,12.9116633817048
"3353","17N520884",2024-06-03,"06-2024",880000,2024,"2","X",2023,2025,313.131,892567.77514842,13.7018577282944
"3354","17N520941",2024-07-16,"07-2024",1050000,2024,"2","X",2023,2025,313.566,1063518.20669333,13.8770930330747
"3355","17N530883",2024-06-05,"06-2024",6e+05,2024,"2","X",2023,2025,313.131,608568.937601196,13.3188654760383
"3356","17N540288",2024-11-04,"11-2024",290000,2024,"2","4",2023,2025,316.449,291057.547977715,12.5812762859754
"3357","17N610271",2024-07-16,"07-2024",950000,2024,"2","X",2023,2025,313.566,962230.75843682,13.7770095745177
"3358","17N610435",2024-04-02,"04-2024",330000,2024,"2","X",2023,2025,313.016,334835.886983413,12.7213958011703
"3359","17N611074",2024-09-26,"09-2024",1550000,2024,"2","X",2023,2025,314.851,1563547.99571861,14.2624681530223
"3360","17N620225",2024-10-25,"10-2024",1450000,2024,"2","X",2023,2025,315.564,1459369.09786921,14.1935147755446
"3361","17N620302",2024-04-24,"04-2024",1075000,2024,"2","X",2023,2025,313.016,1090753.26820354,13.9023790872716
"3362","17N630884",2024-09-10,"09-2024",191100,2024,"2","X",2023,2025,314.851,192770.336762469,12.1692547943552
"3363","17N631038",2024-07-18,"07-2024",435000,2024,"2","X",2023,2025,313.566,440600.399915807,12.9958936210118
"3364","17N640520",2024-01-29,"01-2024",290000,2024,"2","X",2023,2025,309.794,297310.05119531,12.6025308166734
"3365","17N641048",2024-01-09,"01-2024",360000,2024,"2","X",2023,2025,309.794,369074.54631142,12.818753925143
"3366","17N641301",2024-05-07,"05-2024",425000,2024,"2","X",2023,2025,313.14,431057.274701411,12.9739962481954
"3367","17N641389",2024-04-30,"04-2024",195000,2024,"2","X",2023,2025,313.016,197857.569581108,12.1953027052736
"3368","17N641390",2024-01-11,"01-2024",195000,2024,"2","X",2023,2025,309.794,199915.379252019,12.2056494522566
"3369","17N641411",2024-09-24,"09-2024",2e+05,2024,"2","X",2023,2025,314.851,201748.128479821,12.2147753096571
"3370","17O110286",2024-09-12,"09-2024",480000,2024,"2","X",2023,2025,314.851,484195.508351569,13.090244047011
"3371","17O110505",2024-06-14,"06-2024",445000,2024,"2","X",2023,2025,313.131,451355.295387554,13.0200101029884
"3372","17O110572",2024-07-12,"07-2024",479000,2024,"2","X",2023,2025,313.566,485166.877148671,13.092248187334
"3373","17O120296",2024-05-07,"05-2024",425000,2024,"2","X",2023,2025,313.14,431057.274701411,12.9739962481954
"3374","17O120395",2024-04-16,"04-2024",325000,2024,"2","I",2023,2025,313.016,329762.615968513,12.7061283290395
"3375","17O120395",2024-07-17,"07-2024",540000,2024,"2","X",2023,2025,313.566,546952.22058514,13.2121167294814
"3376","17O120762",2024-09-27,"09-2024",478214,2024,"2","X",2023,2025,314.851,482393.897564245,13.0865162741581
"3377","17O130112",2024-10-25,"10-2024",424900,2024,"2","X",2023,2025,315.564,427645.468748019,12.9660497872507
"3378","17O130442",2024-05-17,"05-2024",1100000,2024,"2","X",2023,2025,313.14,1115677.65216836,13.9249725380574
"3379","17O210177",2024-10-29,"10-2024",737000,2024,"2","X",2023,2025,315.564,741762.086296282,13.5167838323193
"3380","17O210551",2024-08-21,"08-2024",525000,2024,"2","X",2023,2025,314.131,530802.674680309,13.1821456203881
"3381","17O210605",2024-06-07,"06-2024",470000,2024,"2","X",2023,2025,313.131,476712.33445427,13.0746685155262
"3382","17O220101",2024-01-18,"01-2024",333000,2024,"2","5",2023,2025,309.794,341393.955338063,12.7407923836733
"3383","17O220101",2024-03-25,"03-2024",417500,2024,"2","I",2023,2025,312.107,424851.901751643,12.9594959207113
"3384","17O310211",2024-05-01,"05-2024",410000,2024,"2","X",2023,2025,313.14,415843.488535479,12.9380642389693
"3385","17O320733",2024-11-13,"11-2024",166000,2024,"2","I",2023,2025,316.449,166605.355049313,12.0233831513514
"3386","17O320825",2024-05-22,"05-2024",208000,2024,"2","X",2023,2025,313.14,210964.501500926,12.2594451589723
"3387","17O321091",2024-10-31,"10-2024",284500,2024,"2","X",2023,2025,315.564,286338.281616407,12.5649291936964
"3388","17O321112",2024-01-23,"01-2024",106400,2024,"2","4",2023,2025,309.794,109082.032576486,11.5998554706004
"3389","17O321156",2024-10-03,"10-2024",284500,2024,"2","X",2023,2025,315.564,286338.281616407,12.5649291936964
"3390","17O321178",2024-07-09,"07-2024",225000,2024,"2","I",2023,2025,313.566,227896.758577142,12.3366479921275
"3391","17O321255",2024-07-30,"07-2024",291000,2024,"2","X",2023,2025,313.566,294746.474426437,12.5938708570946
"3392","17O321411",2024-06-25,"06-2024",180000,2024,"2","X",2023,2025,313.131,182570.681280359,12.1148926717124
"3393","17O321521",2024-08-23,"08-2024",210000,2024,"2","X",2023,2025,314.131,212321.069872123,12.265854888514
"3394","17O321574",2024-01-26,"01-2024",189500,2024,"2","X",2023,2025,309.794,194276.740350039,12.1770389182154
"3395","17O321741",2024-04-09,"04-2024",280000,2024,"2","X",2023,2025,313.016,284103.176834411,12.5570927498791
"3396","17O321815",2024-02-01,"02-2024",193000,2024,"2","I",2023,2025,311.022,197083.740056973,12.1913839938321
"3397","17O321815",2024-07-16,"07-2024",305000,2024,"2","X",2023,2025,313.566,308926.717182348,12.6408593665305
"3398","17O321842",2024-06-27,"06-2024",280000,2024,"2","X",2023,2025,313.131,283998.837547225,12.5567254239914
"3399","17O321916",2024-10-31,"10-2024",367000,2024,"2","X",2023,2025,315.564,369371.350977932,12.8195577881846
"3400","17O322014",2024-06-20,"06-2024",242000,2024,"2","X",2023,2025,313.131,245456.138165816,12.4108735469788
"3401","17O322069",2024-03-13,"03-2024",220000,2024,"2","I",2023,2025,312.107,223874.056012842,12.3188389227727
"3402","17O322069",2024-11-07,"11-2024",323500,2024,"2","X",2023,2025,316.449,324679.713002727,12.6905944769358
"3403","17O322092",2024-05-15,"05-2024",435000,2024,"2","X",2023,2025,313.14,441199.798812033,12.9972531103596
"3404","17O322113",2024-07-23,"07-2024",380000,2024,"2","X",2023,2025,313.566,384892.303374728,12.8607188426436
"3405","17O322511",2024-05-06,"05-2024",322500,2024,"2","X",2023,2025,313.14,327096.402567542,12.6980102155068
"3406","17O322773",2024-05-02,"05-2024",350000,2024,"2","X",2023,2025,313.14,354988.343871751,12.7798402337544
"3407","17O322971",2024-02-13,"02-2024",235000,2024,"2","X",2023,2025,311.022,239972.429603051,12.3882793190713
"3408","17O323136",2024-08-28,"08-2024",410000,2024,"2","X",2023,2025,314.131,414531.612607479,12.9349045174949
"3409","17O323181",2024-07-19,"07-2024",3e+05,2024,"2","X",2023,2025,313.566,303862.344769522,12.6243300645793
"3410","17O330022",2024-08-12,"08-2024",337000,2024,"2","X",2023,2025,314.131,340724.764509074,12.7388302881489
"3411","17O331683",2024-08-06,"08-2024",266000,2024,"2","X",2023,2025,314.131,268940.021838023,12.5022436665782
"3412","17O340827",2024-06-11,"06-2024",270000,2024,"2","X",2023,2025,313.131,273856.021920538,12.5203577798205
"3413","17O340964",2024-08-01,"08-2024",297500,2024,"2","X",2023,2025,314.131,300788.182318842,12.6141615827822
"3414","17O341088",2024-09-12,"09-2024",265000,2024,"2","X",2023,2025,314.851,267316.270235762,12.4961877690952
"3415","17O341275",2024-04-02,"04-2024",121500,2024,"2","I",2023,2025,313.016,123280.485662075,11.7222174094904
"3416","17O341330",2024-03-13,"03-2024",135000,2024,"2","X",2023,2025,312.107,137377.261644244,11.8304861548588
"3417","17O341541",2024-07-11,"07-2024",120000,2024,"2","X",2023,2025,313.566,121544.937907809,11.7080393327052
"3418","17O341572",2024-04-11,"04-2024",137000,2024,"2","X",2023,2025,313.016,139007.625808265,11.8422840725379
"3419","17O341624",2024-09-06,"09-2024",170500,2024,"2","X",2023,2025,314.851,171990.279529047,12.0551932398326
"3420","17O341693",2024-06-24,"06-2024",147500,2024,"2","X",2023,2025,313.131,149606.530493627,11.915763996602
"3421","17O341734",2024-06-11,"06-2024",170000,2024,"2","X",2023,2025,313.131,172427.865653672,12.0577342578724
"3422","17O341826",2024-02-20,"02-2024",140000,2024,"2","X",2023,2025,311.022,142962.298486924,11.8703362275365
"3423","17O341954",2024-04-16,"04-2024",950000,2024,"2","X",2023,2025,313.016,963921.492831037,13.7787651313044
"3424","17O410267",2024-07-15,"07-2024",1075000,2024,"2","X",2023,2025,313.566,1088840.06875745,13.9006235304849
"3425","17O410311",2024-07-01,"07-2024",975000,2024,"2","X",2023,2025,313.566,987552.620500947,13.802985060921
"3426","17O430980",2024-03-25,"03-2024",725000,2024,"2","X",2023,2025,312.107,737766.775496865,13.511383031275
"3427","17O440303",2024-05-21,"05-2024",275000,2024,"2","X",2023,2025,313.14,278919.41304209,12.5386781769375
"3428","17O611149",2024-09-05,"09-2024",210000,2024,"2","X",2023,2025,314.851,211835.534903812,12.2635654738265
"3429","17O611293",2024-07-02,"07-2024",163000,2024,"2","X",2023,2025,313.566,165098.540658107,12.0142977907299
"3430","17O611633",2024-07-11,"07-2024",238000,2024,"2","X",2023,2025,313.566,241064.126850488,12.3928182635946
"3431","17O630245",2024-09-13,"09-2024",315000,2024,"2","X",2023,2025,314.851,317753.302355717,12.6690305819346
"3432","17O630454",2024-01-19,"01-2024",330000,2024,"2","X",2023,2025,309.794,338318.334118802,12.7317425481534
"3433","17O630612",2024-10-22,"10-2024",337000,2024,"2","X",2023,2025,315.564,339177.507573741,12.7342788704823
"3434","17P240041",2024-03-05,"03-2024",1645000,2024,"2","X",2023,2025,312.107,1673967.37336875,14.3307070396198
"3435","17P240162",2024-06-25,"06-2024",1520000,2024,"2","X",2023,2025,313.131,1541707.97525636,14.2484014346625
"3436","17P310023",2024-09-23,"09-2024",515000,2024,"2","X",2023,2025,314.851,519501.430835538,13.1606248437728
"3437","17P310045",2024-01-08,"01-2024",475000,2024,"2","X",2023,2025,309.794,486973.359716457,13.0959646977275
"3438","17P310177",2024-08-26,"08-2024",1500000,2024,"2","X",2023,2025,314.131,1516579.07051517,14.2319677448868
"3439","17P320211",2024-03-04,"03-2024",449000,2024,"1","X",2023,2025,312.107,456906.5961353,13.0322342641626
"3440","17P330098",2024-05-16,"05-2024",1250000,2024,"2","X",2023,2025,313.14,1267815.51382768,14.0528059095673
"3441","17P330212",2024-10-16,"10-2024",1223000,2024,"2","X",2023,2025,315.564,1230902.34944417,14.0232580758172
"3442","17P340086",2024-05-17,"05-2024",499000,2024,"2","X",2023,2025,313.14,506111.95312001,13.1345131750225
"3443","17P340222",2024-08-08,"08-2024",571000,2024,"2","X",2023,2025,314.131,577311.09950944,13.2661365674525
"3444","17P430055",2024-02-13,"02-2024",397000,2024,"2","X",2023,2025,311.022,405400.23213792,12.9126300856144
"3445","17P430132",2024-03-05,"03-2024",410000,2024,"2","X",2023,2025,312.107,417219.831660296,12.9413685361187
"3446","17P430187",2024-07-02,"07-2024",420000,2024,"2","X",2023,2025,313.566,425407.282677331,12.9608023012005
"3447","17P430321",2024-03-05,"03-2024",629000,2024,"2","X",2023,2025,312.107,640076.278327625,13.3693426331208
"3448","17P430583",2024-04-30,"04-2024",732000,2024,"2","X",2023,2025,313.016,742726.876581389,13.5180836606711
"3449","17P430734",2024-08-19,"08-2024",690000,2024,"2","X",2023,2025,314.131,697626.372436977,13.4554389553878
"3450","17P440395",2024-08-09,"08-2024",235000,2024,"2","5",2023,2025,314.131,237597.387714043,12.3783328719407
"3451","17P440441",2024-04-08,"04-2024",410000,2024,"2","X",2023,2025,313.016,416008.223221816,12.9384603064082
"3452","17P440472",2024-09-17,"09-2024",3e+05,2024,"2","I",2023,2025,314.851,302622.192719731,12.6202404177652
"3453","17P510168",2024-08-20,"08-2024",355000,2024,"2","X",2023,2025,314.131,358923.713355256,12.7908651472719
"3454","17P510612",2024-10-10,"10-2024",530000,2024,"2","X",2023,2025,315.564,533424.566807367,13.1870729466761
"3455","17P520244",2024-10-17,"10-2024",375000,2024,"2","X",2023,2025,315.564,377423.042552382,12.8411219661004
"3456","17P530078",2024-07-05,"07-2024",431000,2024,"2","X",2023,2025,313.566,436548.901985547,12.9866556800269
"3457","17P530090",2024-03-04,"03-2024",350000,2024,"2","X",2023,2025,312.107,356163.270929521,12.7831445309038
"3458","17P530298",2024-08-01,"08-2024",295000,2024,"2","I",2023,2025,314.131,298260.55053465,12.6057227141363
"3459","17P530298",2024-09-03,"09-2024",360000,2024,"2","X",2023,2025,314.851,363146.631263677,12.8025619745592
"3460","17P530375",2024-11-25,"11-2024",428000,2024,"2","X",2023,2025,316.449,429560.794946421,12.9705185585767
"3461","17P530825",2024-09-05,"09-2024",215000,2024,"2","I",2023,2025,314.851,216879.238115807,12.2870959712367
"3462","17P530944",2024-09-20,"09-2024",430000,2024,"2","X",2023,2025,314.851,433758.476231614,12.9802431517966
"3463","17P531035",2024-07-17,"07-2024",523000,2024,"2","X",2023,2025,313.566,529733.354381534,13.180129053988
"3464","17P540121",2024-02-12,"02-2024",335000,2024,"2","I",2023,2025,311.022,342088.35709371,12.7428243367523
"3465","17P540121",2024-09-24,"09-2024",525000,2024,"2","X",2023,2025,314.851,529588.837259529,13.1798562057006
"3466","17P540165",2024-06-11,"06-2024",380000,2024,"2","X",2023,2025,313.131,385426.993814091,12.8621070735426
"3467","17P540671",2024-05-09,"05-2024",425000,2024,"2","X",2023,2025,313.14,431057.274701411,12.9739962481954
"3468","17P540781",2024-11-20,"11-2024",485000,2024,"2","X",2023,2025,316.449,486768.6578248,13.0955442539324
"3469","17P540826",2024-10-01,"10-2024",390000,2024,"2","X",2023,2025,315.564,392519.964254478,12.8803426792537
"3470","17P540871",2024-04-25,"04-2024",331300,2024,"2","Z",2023,2025,313.016,336154.937447287,12.7253274560157
"3471","17P540871",2024-10-31,"10-2024",595000,2024,"2","X",2023,2025,315.564,598844.56084978,13.3027573456756
"3472","17P610565",2024-07-10,"07-2024",1200000,2024,"2","X",2023,2025,313.566,1215449.37907809,14.0106244256992
"3473","17Q110295",2024-04-09,"04-2024",650000,2024,"2","X",2023,2025,313.016,659525.231937026,13.3992755095995
"3474","17Q110644",2024-07-02,"07-2024",1060000,2024,"2","P",2023,2025,313.566,1073646.95151898,13.8865717770292
"3475","17Q130132",2024-02-13,"02-2024",662642,2024,"2","X",2023,2025,311.022,676663.024242658,13.4249286794427
"3476","17Q140083",2024-05-20,"05-2024",160000,2024,"2","4",2023,2025,313.14,162280.385769943,11.9970808945048
"3477","17Q410078",2024-10-04,"10-2024",351650,2024,"2","4",2023,2025,315.564,353922.167769454,12.776832302884
"3478","17Q410144",2024-01-05,"01-2024",670000,2024,"2","X",2023,2025,309.794,686888.738968476,13.4399276060779
"3479","17Q440350",2024-04-02,"04-2024",590000,2024,"2","X",2023,2025,313.016,598645.979758223,13.3024256836096
"3480","17Q440592",2024-07-31,"07-2024",488888,2024,"2","X",2023,2025,313.566,495182.180032274,13.1126810143098
"3481","17Q510402",2024-07-18,"07-2024",453000,2024,"2","X",2023,2025,313.566,458832.140601979,13.0364397154062
"3482","17Q510541",2024-02-29,"02-2024",720000,2024,"2","X",2023,2025,311.022,735234.677932751,13.5079450169373
"3483","17Q510761",2024-10-28,"10-2024",773000,2024,"2","X",2023,2025,315.564,777994.698381311,13.5644749887174
"3484","17Q520034",2024-05-06,"05-2024",450000,2024,"2","X",2023,2025,313.14,456413.584977965,13.0311546620353
"3485","17Q520522",2024-08-19,"08-2024",360000,2024,"2","X",2023,2025,314.131,363978.97692364,12.8048513892467
"3486","17Q530286",2024-05-06,"05-2024",330000,2024,"2","I",2023,2025,313.14,334703.295650508,12.7209997337315
"3487","17Q530286",2024-09-04,"09-2024",715000,2024,"2","X",2023,2025,314.851,721249.559315359,13.488740485803
"3488","17Q530523",2024-06-25,"06-2024",438500,2024,"2","X",2023,2025,313.131,444762.465230207,13.0052956326344
"3489","17Q540203",2024-06-04,"06-2024",6e+05,2024,"2","X",2023,2025,313.131,608568.937601196,13.3188654760383
"3490","17Q540331",2024-03-21,"03-2024",490000,2024,"2","X",2023,2025,312.107,498628.579301329,13.119616767525
"3491","17Q610421",2024-06-07,"06-2024",280000,2024,"2","X",2023,2025,313.131,283998.837547225,12.5567254239914
"3492","17Q630522",2024-01-02,"01-2024",193000,2024,"2","X",2023,2025,309.794,197864.965105845,12.1953400825978
"3493","17Q630551",2024-07-16,"07-2024",249900,2024,"2","X",2023,2025,313.566,253117.333193012,12.441608427764
"3494","17Q630562",2024-11-06,"11-2024",189500,2024,"2","X",2023,2025,316.449,190191.052902679,12.1557843875174
"3495","17Q630926",2024-11-04,"11-2024",255000,2024,"2","X",2023,2025,316.449,255929.912876956,12.4526589081533
"3496","17Q630991",2024-10-03,"10-2024",212000,2024,"2","X",2023,2025,315.564,213369.826722947,12.270782214802
"3497","17Q631068",2024-07-26,"07-2024",185000,2024,"2","X",2023,2025,313.566,187381.779274539,12.1409034150014
"3498","17Q631091",2024-06-13,"06-2024",205000,2024,"2","X",2023,2025,313.131,207927.720347075,12.2449457999605
"3499","17Q631178",2024-03-22,"03-2024",246000,2024,"2","X",2023,2025,312.107,250331.898996178,12.4305429123527
"3500","17Q631277",2024-06-05,"06-2024",220000,2024,"2","X",2023,2025,313.131,223141.943787105,12.3155633671745
"3501","17Q631453",2024-11-06,"11-2024",260000,2024,"2","X",2023,2025,316.449,260948.146462779,12.4720769940104
"3502","17S320335",2024-05-30,"05-2024",460000,2024,"2","X",2023,2025,313.14,466556.109088587,13.0531335687541
"3503","17S320346",2024-08-22,"08-2024",410000,2024,"2","X",2023,2025,314.131,414531.612607479,12.9349045174949
"3504","17S340047",2024-09-18,"09-2024",960000,2024,"2","X",2023,2025,314.851,968391.016703139,13.7833912275709
"3505","17T210181",2024-05-14,"05-2024",590000,2024,"2","X",2023,2025,313.14,598408.922526665,13.3020296161707
"3506","17T210389",2024-07-25,"07-2024",707000,2024,"2","X",2023,2025,313.566,716102.259173507,13.4815782558197
"3507","17T210774",2024-08-21,"08-2024",550000,2024,"2","X",2023,2025,314.131,556078.992522228,13.228665636023
"3508","17T220502",2024-08-06,"08-2024",495000,2024,"2","X",2023,2025,314.131,500471.093270005,13.1233051203652
"3509","17T220685",2024-06-28,"06-2024",485000,2024,"2","X",2023,2025,313.131,491926.5578943,13.1060847117596
"3510","17T220704",2024-06-21,"06-2024",607000,2024,"2","X",2023,2025,313.131,615668.908539876,13.3304646118816
"3511","18N640279",2024-02-13,"02-2024",7e+05,2024,"2","I",2023,2025,311.022,714811.492434619,13.4797741399706
"3512","18N640378",2024-05-29,"05-2024",650000,2024,"2","X",2023,2025,313.14,659264.067190394,13.3988794421606
"3513","18N640532",2024-06-21,"06-2024",1550000,2024,"2","X",2023,2025,313.131,1572136.42213642,14.2679460307354
"3514","18O120275",2024-02-27,"02-2024",650000,2024,"2","X",2023,2025,311.022,663753.528689289,13.4056661678169
"3515","18O120312",2024-05-31,"05-2024",1001000,2024,"2","X",2023,2025,313.14,1015266.66347321,13.8306618585862
"3516","18O120312",2024-05-31,"05-2024",1001000,2024,"2","4",2023,2025,313.14,1015266.66347321,13.8306618585862
"3517","18O210189",2024-02-23,"02-2024",1012500,2024,"2","X",2023,2025,311.022,1033923.76584293,13.8488716039079
"3518","18O220177",2024-03-21,"03-2024",365000,2024,"2","X",2023,2025,312.107,371427.411112215,12.8251087300029
"3519","18O230341",2024-06-20,"06-2024",815000,2024,"2","X",2023,2025,313.131,826639.473574958,13.625123934063
"3520","18O240054",2024-05-31,"05-2024",475000,2024,"2","I",2023,2025,313.14,481769.895254519,13.0852218833056
"3521","18O310322",2024-04-29,"04-2024",1100000,2024,"2","X",2023,2025,313.016,1116119.62327804,13.9253686054963
"3522","18O320091",2024-09-24,"09-2024",780000,2024,"2","X",2023,2025,314.851,786817.7010713,13.5757518627927
"3523","18O330111",2024-04-09,"04-2024",1086000,2024,"2","X",2023,2025,313.016,1101914.46443632,13.9125596472037
"3524","18O330614",2024-07-01,"07-2024",778000,2024,"2","X",2023,2025,313.566,788016.347435628,13.5772741141015
"3525","18O330782",2024-08-01,"08-2024",875000,2024,"2","X",2023,2025,314.131,884671.124467181,13.6929712441541
"3526","18O340198",2024-05-17,"05-2024",757000,2024,"2","X",2023,2025,313.14,767789.075174044,13.5512703327084
"3527","18O440504",2024-08-07,"08-2024",985000,2024,"2","X",2023,2025,314.131,995886.922971627,13.8113889989686
"3528","18S340114",2024-09-20,"09-2024",510000,2024,"2","X",2023,2025,314.851,514457.727623543,13.1508686688274
"3529","18S340851",2024-07-24,"07-2024",801000,2024,"2","X",2023,2025,313.566,811312.460534624,13.6064085369915
"3530","18S530902",2024-08-05,"08-2024",270000,2024,"2","X",2023,2025,314.131,272984.23269273,12.5171693167949
"3531","18S531064",2024-09-13,"09-2024",153000,2024,"2","4",2023,2025,314.851,154337.318287063,11.9468958645015
"3532","18S531305",2024-10-01,"10-2024",207300,2024,"2","I",2023,2025,315.564,208639.457922957,12.2483629595717
"3533","18S531767",2024-08-06,"08-2024",259000,2024,"2","X",2023,2025,314.131,261862.652842286,12.475575419496
"3534","18S610110",2024-05-24,"05-2024",450000,2024,"2","X",2023,2025,313.14,456413.584977965,13.0311546620353
"3535","18S610242",2024-11-07,"11-2024",315000,2024,"2","I",2023,2025,316.449,316148.715906829,12.6639680018205
"3536","18S610363",2024-03-06,"03-2024",403000,2024,"2","X",2023,2025,312.107,410096.566241705,12.9241479383671
"3537","18S610385",2024-04-04,"04-2024",490000,2024,"2","X",2023,2025,313.016,497180.559460219,13.1167085378145
"3538","18S610561",2024-08-22,"08-2024",350000,2024,"2","X",2023,2025,314.131,353868.449786872,12.77668051228
"3539","18S620098",2024-10-02,"10-2024",420000,2024,"2","X",2023,2025,315.564,422713.807658668,12.9544506514074
"3540","18S620317",2024-06-03,"06-2024",358000,2024,"2","I",2023,2025,313.131,363112.79943538,12.8024688072228
"3541","18S620317",2024-09-26,"09-2024",475000,2024,"2","X",2023,2025,314.851,479151.805139574,13.0797727471437
"3542","18S620669",2024-06-25,"06-2024",740000,2024,"2","X",2023,2025,313.131,750568.356374808,13.5285860070204
"3543","18S620845",2024-09-30,"09-2024",672000,2024,"2","X",2023,2025,314.851,677873.711692197,13.4267162836322
"3544","18S630415",2024-11-14,"11-2024",536000,2024,"2","X",2023,2025,316.449,537954.640400191,13.1955295240657
"3545","18S640667",2024-01-09,"01-2024",445000,2024,"2","X",2023,2025,309.794,456217.147523839,13.0307241758591
"3546","18S641383",2024-08-23,"08-2024",585000,2024,"2","X",2023,2025,314.131,591465.837500915,13.2903592050284
"3547","18S641460",2024-03-26,"03-2024",575000,2024,"2","4",2023,2025,312.107,585125.373669927,13.2795814172177
"3548","18S641460",2024-03-26,"03-2024",575000,2024,"2","X",2023,2025,312.107,585125.373669927,13.2795814172177
"3549","18S641536",2024-05-03,"05-2024",625000,2024,"2","X",2023,2025,313.14,633907.75691384,13.3596587290074
"3550","18S641756",2024-04-01,"04-2024",850000,2024,"2","X",2023,2025,313.016,862456.072533033,13.6675394961942
"3551","18S641778",2024-07-26,"07-2024",950000,2024,"2","X",2023,2025,313.566,962230.75843682,13.7770095745177
"3552","18S641899",2024-04-24,"04-2024",868834,2024,"2","X",2023,2025,313.016,881566.06979196,13.6894552295621
"3553","18T140201",2024-07-29,"07-2024",632500,2024,"2","X",2023,2025,313.566,640643.110222409,13.3702278105248
"3554","18T230135",2024-11-06,"11-2024",667500,2024,"2","X",2023,2025,316.449,669934.183707327,13.4149347532693
"3555","18T230168",2024-07-24,"07-2024",630000,2024,"2","X",2023,2025,313.566,638110.924015997,13.3662674093087
"3556","18T230212",2024-08-05,"08-2024",490000,2024,"2","X",2023,2025,314.131,495415.829701621,13.1131527489012
"3557","18T240402",2024-08-15,"08-2024",808000,2024,"2","X",2023,2025,314.131,816930.592650837,13.6133094163176
"3558","18T240640",2024-04-23,"04-2024",520000,2024,"2","X",2023,2025,313.016,527620.185549621,13.1761319582853
"3559","18T240651",2024-06-11,"06-2024",470000,2024,"2","X",2023,2025,313.131,476712.33445427,13.0746685155262
"3560","18T240952",2024-09-12,"09-2024",5e+05,2024,"2","I",2023,2025,314.851,504370.321199552,13.1310660415312
"3561","18T241058",2024-05-06,"05-2024",542000,2024,"2","X",2023,2025,313.14,549724.806795682,13.2171730807106
"3562","18T310204",2024-07-05,"07-2024",1115000,2024,"2","X",2023,2025,313.566,1129355.04806006,13.9371572738173
"3563","18T310600",2024-08-19,"08-2024",282500,2024,"2","X",2023,2025,314.131,285622.39161369,12.562425908383
"3564","18T310666",2024-04-03,"04-2024",271500,2024,"2","X",2023,2025,313.016,275478.616109081,12.5262652860838
"3565","18T310677",2024-04-02,"04-2024",280000,2024,"2","X",2023,2025,313.016,284103.176834411,12.5570927498791
"3566","18T320258",2024-04-29,"04-2024",255000,2024,"2","X",2023,2025,313.016,258736.82175991,12.4635666918682
"3567","18T320786",2024-06-07,"06-2024",252500,2024,"2","X",2023,2025,313.131,256106.094573837,12.4533470695376
"3568","18T320931",2024-07-31,"07-2024",262900,2024,"2","X",2023,2025,313.566,266284.701466358,12.492321321659
"3569","18T321006",2024-05-13,"05-2024",280000,2024,"2","X",2023,2025,313.14,283990.6750974,12.5566966824402
"3570","18T430236",2024-09-13,"09-2024",745500,2024,"2","X",2023,2025,314.851,752016.148908531,13.5305130773138
"3571","18T430588",2024-05-07,"05-2024",1050000,2024,"2","X",2023,2025,313.14,1064965.03161525,13.8784525224225
"3572","18T430687",2024-03-27,"03-2024",910000,2024,"2","X",2023,2025,312.107,926024.504416754,13.7386559759313
"3573","18T440501",2024-04-18,"04-2024",675000,2024,"2","X",2023,2025,313.016,684891.587011527,13.4370158375823
"3574","18T440611",2024-07-30,"07-2024",785000,2024,"2","X",2023,2025,313.566,795106.468813583,13.5862313077055
"3575","18T440730",2024-05-07,"05-2024",660000,2024,"2","X",2023,2025,313.14,669406.591301015,13.4141469142914
"3576","18T520502",2024-06-21,"06-2024",560000,2024,"2","X",2023,2025,313.131,567997.675094449,13.2498726045513
"3577","19Q640189",2024-09-06,"09-2024",1360000,2024,"2","X",2023,2025,314.851,1371887.27366278,14.1316979218391
"3578","19R140215",2024-01-18,"01-2024",475000,2024,"2","X",2023,2025,309.794,486973.359716457,13.0959646977275
"3579","19R140316",2024-09-24,"09-2024",685000,2024,"2","X",2023,2025,314.851,690987.340043386,13.4458767813712
"3580","19R210154",2024-03-14,"03-2024",595000,2024,"2","X",2023,2025,312.107,605477.560580186,13.313772781966
"3581","19R210473",2024-09-04,"09-2024",726000,2024,"2","X",2023,2025,314.851,732345.706381749,13.5040079579338
"3582","19R220296",2024-02-08,"02-2024",527500,2024,"2","X",2023,2025,311.022,538661.517513231,13.1968426702774
"3583","19R220340",2024-06-14,"06-2024",750000,2024,"2","X",2023,2025,313.131,760711.172001495,13.5420090273525
"3584","19R240481",2024-09-03,"09-2024",580000,2024,"2","X",2023,2025,314.851,585069.57259148,13.2794860466495
"3585","19R310706",2024-04-15,"04-2024",715000,2024,"2","X",2023,2025,313.016,725477.755130728,13.4945856894038
"3586","19R330744",2024-10-09,"10-2024",6e+05,2024,"2","X",2023,2025,315.564,603876.868083812,13.3111255953461
"3587","19R340196",2024-01-17,"01-2024",563000,2024,"2","X",2023,2025,309.794,577191.582148137,13.2659295218326
"3588","19R520530",2024-07-03,"07-2024",650000,2024,"2","X",2023,2025,313.566,658368.413667298,13.3975199528128
"3589","19R520563",2024-07-18,"07-2024",560000,2024,"2","X",2023,2025,313.566,567209.710236442,13.2484843736523
"3590","19R610059",2024-02-07,"02-2024",4e+05,2024,"2","I",2023,2025,311.022,408463.709962639,12.9201583520352
"3591","19R610059",2024-06-26,"06-2024",485000,2024,"2","X",2023,2025,313.131,491926.5578943,13.1060847117596
"3592","19R610147",2024-07-10,"07-2024",565000,2024,"2","X",2023,2025,313.566,572274.082649267,13.2573733210696
"3593","19R610181",2024-09-20,"09-2024",498000,2024,"2","X",2023,2025,314.851,502352.839914753,13.1270580201337
"3594","19R610279",2024-07-19,"07-2024",530000,2024,"2","X",2023,2025,313.566,536823.475759489,13.1934245964693
"3595","19R640522",2024-07-16,"07-2024",587000,2024,"2","X",2023,2025,313.566,594557.321265699,13.2955724097512
"3596","19R641024",2024-05-31,"05-2024",445000,2024,"2","X",2023,2025,313.14,451342.322922654,13.0199813614372
"3597","19R641068",2024-04-24,"04-2024",420000,2024,"2","X",2023,2025,313.016,426154.765251617,12.9625578579872
"3598","19R641101",2024-05-13,"05-2024",425000,2024,"2","X",2023,2025,313.14,431057.274701411,12.9739962481954
"3599","19R641574",2024-04-03,"04-2024",305000,2024,"2","X",2023,2025,313.016,309469.531908912,12.6426149233172
"3600","19R642256",2024-09-24,"09-2024",335000,2024,"2","I",2023,2025,314.851,337928.1152037,12.7305884749341
"3601","19R642311",2024-08-19,"08-2024",9e+05,2024,"2","X",2023,2025,314.131,909947.4423091,13.7211421211208
"3602","19S110062",2024-11-20,"11-2024",570000,2024,"2","X",2023,2025,316.449,572078.628783785,13.2570317238235
"3603","19S110073",2024-01-03,"01-2024",505000,2024,"2","X",2023,2025,309.794,517729.571909075,13.1572083229682
"3604","19S120236",2024-10-25,"10-2024",722000,2024,"2","X",2023,2025,315.564,726665.164594187,13.4962210790228
"3605","19S120258",2024-11-19,"11-2024",520000,2024,"2","X",2023,2025,316.449,521896.292925558,13.1652241745704
"3606","19S140322",2024-11-12,"11-2024",490000,2024,"2","X",2023,2025,316.449,491786.891410622,13.1058007540996
"3607","19S220040",2024-04-23,"04-2024",536000,2024,"2","X",2023,2025,313.016,543854.652797301,13.2064373077806
"3608","19S220183",2024-02-05,"02-2024",465000,2024,"2","X",2023,2025,311.022,474839.062831568,13.0707312105145
"3609","19S220897",2024-11-12,"11-2024",623000,2024,"2","X",2023,2025,316.449,625271.904793505,13.3459418817823
"3610","19S230159",2024-01-25,"01-2024",263000,2024,"2","I",2023,2025,309.794,269629.460221954,12.5048039258706
"3611","19S230159",2024-05-09,"05-2024",385000,2024,"2","X",2023,2025,313.14,390487.178258926,12.8751504135587
"3612","19S230171",2024-06-07,"06-2024",338000,2024,"2","I",2023,2025,313.131,342827.168182007,12.7449817163052
"3613","19S240192",2024-10-10,"10-2024",460000,2024,"2","X",2023,2025,315.564,462972.265530922,13.0454224296131
"3614","19S240501",2024-02-22,"02-2024",415350,2024,"2","I",2023,2025,311.022,424138.504832456,12.9578153432123
"3615","19S240501",2024-05-15,"05-2024",525000,2024,"2","X",2023,2025,313.14,532482.515807626,13.1853053418626
"3616","19S310394",2024-01-11,"01-2024",507000,2024,"2","X",2023,2025,309.794,519779.98605525,13.1611608972841
"3617","19S330183",2024-10-07,"10-2024",462000,2024,"2","X",2023,2025,315.564,464985.188424535,13.0497608312117
"3618","19S340160",2024-10-31,"10-2024",440000,2024,"2","X",2023,2025,315.564,442843.036594795,13.0009706670423
"3619","19S340313",2024-10-02,"10-2024",416000,2024,"2","X",2023,2025,315.564,418687.961871443,12.9448812003912
"3620","19S340324",2024-08-07,"08-2024",420000,2024,"2","X",2023,2025,314.131,424642.139744247,12.9590020690739
"3621","19S340380",2024-09-04,"09-2024",525000,2024,"2","X",2023,2025,314.851,529588.837259529,13.1798562057006
"3622","19S410494",2024-04-12,"04-2024",330000,2024,"2","X",2023,2025,313.016,334835.886983413,12.7213958011703
"3623","19S410669",2024-05-14,"05-2024",350000,2024,"2","X",2023,2025,313.14,354988.343871751,12.7798402337544
"3624","19S410779",2024-09-20,"09-2024",335000,2024,"2","X",2023,2025,314.851,337928.1152037,12.7305884749341
"3625","19S411099",2024-05-06,"05-2024",305000,2024,"2","X",2023,2025,313.14,309346.985373954,12.6422188558784
"3626","19S411330",2024-01-18,"01-2024",410000,2024,"2","X",2023,2025,309.794,420334.899965784,12.9488070533912
"3627","19S430667",2024-07-12,"07-2024",350000,2024,"2","X",2023,2025,313.566,354506.068897776,12.7784807444066
"3628","19S431811",2024-05-13,"05-2024",301000,2024,"2","X",2023,2025,313.14,305289.975729706,12.6290173440198
"3629","19S440347",2024-11-07,"11-2024",205000,2024,"2","X",2023,2025,316.449,205747.57701873,12.2344053421333
"3630","19S510176",2024-04-29,"04-2024",499900,2024,"2","X",2023,2025,313.016,507225.636069722,13.1367112251293
"3631","19S510484",2024-01-31,"01-2024",580000,2024,"2","X",2023,2025,309.794,594620.102390621,13.2956779972333
"3632","19S520328",2024-05-31,"05-2024",553000,2024,"2","X",2023,2025,313.14,560881.583317366,13.2372650807933
"3633","19S520647",2024-01-30,"01-2024",375000,2024,"2","X",2023,2025,309.794,384452.652407729,12.8595759196633
"3634","19S530581",2024-04-11,"04-2024",135000,2024,"2","I",2023,2025,313.016,136978.317402305,11.8275779251482
"3635","19S530581",2024-09-05,"09-2024",197500,2024,"2","X",2023,2025,314.851,199226.276873823,12.2021965274502
"3636","19S530701",2024-04-01,"04-2024",205000,2024,"2","I",2023,2025,313.016,208004.111610908,12.2453131258482
"3637","19S530701",2024-09-04,"09-2024",273500,2024,"2","X",2023,2025,314.851,275890.565696155,12.5277595649711
"3638","19S530745",2024-05-31,"05-2024",155000,2024,"2","X",2023,2025,313.14,157209.123714632,11.9653321961902
"3639","19S531009",2024-03-13,"03-2024",2e+05,2024,"2","X",2023,2025,312.107,203521.869102583,12.2235287429684
"3640","19S531142",2024-06-20,"06-2024",224000,2024,"2","X",2023,2025,313.131,227199.07003778,12.3335818726772
"3641","19S531252",2024-07-25,"07-2024",195000,2024,"2","X",2023,2025,313.566,197510.524100189,12.1935471484869
"3642","19S531296",2024-11-25,"11-2024",208000,2024,"2","X",2023,2025,316.449,208758.517170223,12.2489334426962
"3643","19S531461",2024-10-29,"10-2024",205000,2024,"2","X",2023,2025,315.564,206324.596595302,12.2372059192684
"3644","19S531670",2024-08-23,"08-2024",180000,2024,"2","Z",2023,2025,314.131,181989.48846182,12.1117042086867
"3645","19S531746",2024-08-28,"08-2024",170000,2024,"2","I",2023,2025,314.131,171878.961325052,12.0545457948468
"3646","19S540162",2024-02-20,"02-2024",220000,2024,"2","X",2023,2025,311.022,224655.040479452,12.3223213512795
"3647","19S540173",2024-07-08,"07-2024",190000,2024,"2","X",2023,2025,313.566,192446.151687364,12.1675716620836
"3648","19S540227",2024-04-01,"04-2024",240000,2024,"2","X",2023,2025,313.016,243517.008715209,12.4029420700518
"3649","19S540294",2024-05-22,"05-2024",207500,2024,"2","X",2023,2025,313.14,210457.375295395,12.2570384189417
"3650","19S610562",2024-05-13,"05-2024",431000,2024,"2","X",2023,2025,313.14,437142.789167784,12.9880151693747
"3651","19S620187",2024-06-11,"06-2024",605000,2024,"2","X",2023,2025,313.131,613640.345414539,13.327164278853
"3652","19S630186",2024-10-04,"10-2024",350000,2024,"2","X",2023,2025,315.564,352261.506382224,12.7721290946134
"3653","19S640394",2024-10-04,"10-2024",725000,2024,"2","X",2023,2025,315.564,729684.548934606,13.5003675949847
"3654","19S640459",2024-03-14,"03-2024",702500,2024,"2","X",2023,2025,312.107,714870.565222824,13.4798567776283
"3655","19T110050",2024-05-07,"05-2024",918000,2024,"2","X",2023,2025,313.14,931083.713355049,13.7441044698914
"3656","19T140035",2024-02-06,"02-2024",9e+05,2024,"2","X",2023,2025,311.022,919043.347415939,13.7310885682515
"3657","19T230444",2024-06-21,"06-2024",985000,2024,"2","X",2023,2025,313.131,999067.33922863,13.8145774619942
"3658","19T310106",2024-07-17,"07-2024",760000,2024,"2","X",2023,2025,313.566,769784.606749456,13.5538660232035
"3659","19T310128",2024-03-06,"03-2024",685000,2024,"2","X",2023,2025,312.107,697062.401676348,13.4546302146826
"3660","19T310139",2024-03-11,"03-2024",460000,2024,"2","I",2023,2025,312.107,468100.298935942,13.0564378659035
"3661","19T310139",2024-08-16,"08-2024",780000,2024,"2","X",2023,2025,314.131,788621.116667887,13.5780412774801
"3662","19T310250",2024-04-16,"04-2024",875000,2024,"2","X",2023,2025,313.016,887822.427607534,13.6965270330674
"3663","19T320501",2024-10-24,"10-2024",710000,2024,"2","X",2023,2025,315.564,714587.627232511,13.4794609101653
"3664","19T320721",2024-09-25,"09-2024",680000,2024,"2","X",2023,2025,314.851,685943.63683139,13.4385507412792
"3665","19T330061",2024-05-28,"05-2024",675000,2024,"2","X",2023,2025,313.14,684620.377466948,13.4366197701435
"3666","19T330126",2024-07-18,"07-2024",825000,2024,"2","X",2023,2025,313.566,835621.448116186,13.6359309762578
"3667","19T330160",2024-06-07,"06-2024",750000,2024,"2","X",2023,2025,313.131,760711.172001495,13.5420090273525
"3668","19T340312",2024-05-28,"05-2024",610000,2024,"2","X",2023,2025,313.14,618693.970747908,13.3353660364383
"3669","19T410031",2024-03-13,"03-2024",852000,2024,"2","X",2023,2025,312.107,867003.162377005,13.6727979032497
"3670","19T430150",2024-08-13,"08-2024",740000,2024,"2","X",2023,2025,314.131,748179.008120816,13.5253975439947
"3671","19T520877",2024-08-06,"08-2024",1825000,2024,"2","X",2023,2025,314.131,1845171.20246012,14.4280826238131
"3672","19T610109",2024-08-12,"08-2024",802800,2024,"2","X",2023,2025,314.131,811673.118539718,13.6068529747187
"3673","19T610208",2024-07-19,"07-2024",787500,2024,"2","X",2023,2025,313.566,797638.655019996,13.5894109606229
"3674","19T610516",2024-08-20,"08-2024",916000,2024,"2","X",2023,2025,314.131,926124.285727929,13.7387637224706
"3675","19T640041",2024-10-17,"10-2024",398000,2024,"2","X",2023,2025,315.564,400571.655828929,12.9006479454144
"3676","19T640645",2024-09-06,"09-2024",345100,2024,"2","X",2023,2025,314.851,348116.39569193,12.760292173213
"3677","19T641053",2024-04-26,"04-2024",350000,2024,"2","X",2023,2025,313.016,355128.971043014,12.7802363011933
"3678","19T641107",2024-02-06,"02-2024",275000,2024,"2","X",2023,2025,311.022,280818.800599315,12.5454649025938
"3679","19U130310",2024-04-01,"04-2024",1235000,2024,"2","X",2023,2025,313.016,1253097.94068035,14.0411293957719
"3680","19U230102",2024-07-12,"07-2024",810000,2024,"2","X",2023,2025,313.566,820428.33087771,13.6175818375896
"3681","19U440246",2024-06-12,"06-2024",1010000,2024,"2","X",2023,2025,313.131,1024424.37829535,13.8396414306574
"3682","19U530105",2024-08-12,"08-2024",655000,2024,"2","X",2023,2025,314.131,662239.52745829,13.4033825934318
"3683","19V210071",2024-06-11,"06-2024",963000,2024,"2","X",2023,2025,313.131,976753.144849919,13.7919892326203
"3684","19V220113",2024-08-07,"08-2024",982775,2024,"2","X",2023,2025,314.131,993637.330683696,13.8091275605946
"3685","19V230156",2024-05-02,"05-2024",735000,2024,"2","X",2023,2025,313.14,745475.522130676,13.5217775784838
"3686","19V230398",2024-09-09,"09-2024",925000,2024,"2","X",2023,2025,314.851,933085.09421917,13.7462516806214
"3687","19V240331",2024-10-02,"10-2024",829000,2024,"2","X",2023,2025,315.564,834356.539402467,13.6344160952653
"3688","19V240522",2024-06-18,"06-2024",8e+05,2024,"2","X",2023,2025,313.131,811425.250134928,13.6065475484901
"3689","19V330113",2024-05-10,"05-2024",799900,2024,"2","X",2023,2025,313.14,811300.50360861,13.6063937991257
"3690","19V330180",2024-02-12,"02-2024",540000,2024,"2","I",2023,2025,311.022,551426.008449563,13.2202629444855
"3691","19V330234",2024-07-03,"07-2024",989000,2024,"2","X",2023,2025,313.566,1001732.86325686,13.8172419215458
"3692","19V340486",2024-08-06,"08-2024",840000,2024,"2","X",2023,2025,314.131,849284.279488494,13.6521492496339
"3693","19V340574",2024-06-24,"06-2024",681000,2024,"2","X",2023,2025,313.131,690725.744177357,13.4454981269717
"3694","19V410116",2024-10-10,"10-2024",704000,2024,"2","X",2023,2025,315.564,708548.858551673,13.470974296288
"3695","19V410215",2024-03-28,"03-2024",720000,2024,"2","X",2023,2025,312.107,732678.7287693,13.5044625884305
"3696","19V410325",2024-07-11,"07-2024",689000,2024,"2","X",2023,2025,313.566,697870.518487336,13.4557888609368
"3697","19V440267",2024-07-23,"07-2024",1100000,2024,"2","X",2023,2025,313.566,1114161.93082158,13.9236130487096
"3698","19V510216",2024-09-24,"09-2024",970000,2024,"2","X",2023,2025,314.851,978478.42312713,13.7937540146064
"3699","19V510250",2024-10-02,"10-2024",595000,2024,"2","I",2023,2025,315.564,598844.56084978,13.3027573456756
"3700","19V510283",2024-05-23,"05-2024",925000,2024,"2","X",2023,2025,313.14,938183.480232484,13.7517008167834
"3701","19V530313",2024-07-24,"07-2024",1230000,2024,"2","X",2023,2025,313.566,1245835.61355504,14.0353170382896
"3702","19V530412",2024-07-24,"07-2024",1028500,2024,"2","X",2023,2025,313.566,1041741.40531818,13.8564042990161
"3703","19V540181",2024-01-05,"01-2024",442500,2024,"2","4",2023,2025,309.794,453654.12984112,13.0250903581409
"3704","19V610118",2024-10-31,"10-2024",999500,2024,"2","X",2023,2025,315.564,1005958.21608295,13.8214510940704
"3705","19V630149",2024-10-07,"10-2024",970000,2024,"2","X",2023,2025,315.564,976267.603402162,13.7914920116274
"3706","19V630237",2024-01-22,"01-2024",916324,2024,"2","X",2023,2025,309.794,939421.846039627,13.7530199076161
"3707","19W320124",2024-10-15,"10-2024",2075000,2024,"2","X",2023,2025,315.564,2088407.50212318,14.5519123727948
"3708","19W330354",2024-10-02,"10-2024",780000,2024,"2","X",2023,2025,315.564,785039.928508955,13.5734898598136
"3709","19W540146",2024-04-12,"04-2024",1230000,2024,"2","X",2023,2025,313.016,1248024.66966545,14.0370725950763
"3710","19W610063",2024-07-25,"07-2024",934500,2024,"2","X",2023,2025,313.566,946531.203957062,13.7605592168187
"3711","19W610139",2024-06-11,"06-2024",1300000,2024,"2","X",2023,2025,313.131,1318566.03146926,14.0920553642718
"3712","19W610227",2024-04-16,"04-2024",1070000,2024,"2","X",2023,2025,313.016,1085679.99718864,13.8977170741658
"3713","19W620073",2024-08-07,"08-2024",1275000,2024,"2","X",2023,2025,314.131,1289092.20993789,14.069448815389
"3714","19W640213",2024-09-19,"09-2024",1035000,2024,"1","X",2023,2025,314.851,1044046.56488307,13.8586146488085
"3715","19X220133",2024-07-26,"07-2024",2125000,2024,"2","X",2023,2025,313.566,2152358.27545078,14.5820746712816
"3716","19Y340032",2024-05-16,"05-2024",575000,2024,"1","X",2023,2025,313.14,583195.136360733,13.2762771200683
"3717","20J120392",2024-04-11,"04-2024",549000,2024,"2","X",2023,2025,313.016,557045.157436042,13.2304015882193
"3718","20J120462",2024-01-11,"01-2024",975000,2024,"2","P",2023,2025,309.794,999576.896260096,13.8150873646907
"3719","20J131251",2024-08-23,"08-2024",141071,2024,"2","5",2023,2025,314.131,142630.217371097,11.8680106675372
"3720","20J131251",2024-11-06,"11-2024",110000,2024,"2","Z",2023,2025,316.449,110401.138888099,11.6118757287873
"3721","20J131361",2024-04-12,"04-2024",3e+05,2024,"2","X",2023,2025,313.016,304396.260894012,12.626085621366
"3722","20J140529",2024-10-01,"10-2024",4e+05,2024,"2","X",2023,2025,315.564,402584.578722541,12.905660487238
"3723","20J140565",2024-09-20,"09-2024",415000,2024,"2","X",2023,2025,314.851,418627.366595628,12.9447364633397
"3724","20J141207",2024-04-01,"04-2024",420000,2024,"2","X",2023,2025,313.016,426154.765251617,12.9625578579872
"3725","20J141481",2024-10-08,"10-2024",192620,2024,"2","4",2023,2025,315.564,193864.60388384,12.1749152762627
"3726","20J141867",2024-05-21,"05-2024",559000,2024,"2","X",2023,2025,313.14,566967.097783739,13.2480565524261
"3727","20J210372",2024-03-22,"03-2024",293000,2024,"2","X",2023,2025,312.107,298159.538235285,12.6053839854374
"3728","20J210471",2024-10-02,"10-2024",258000,2024,"2","P",2023,2025,315.564,259667.053276039,12.4671555250516
"3729","20J210891",2024-08-23,"08-2024",320000,2024,"2","X",2023,2025,314.131,323536.868376569,12.6870683535903
"3730","20J211032",2024-10-04,"10-2024",405000,2024,"2","X",2023,2025,315.564,407616.885956573,12.9180830072365
"3731","20J211373",2024-02-22,"02-2024",356000,2024,"2","X",2023,2025,311.022,363532.701866749,12.8036245357792
"3732","20J220074",2024-06-12,"06-2024",410000,2024,"2","X",2023,2025,313.131,415855.44069415,12.9380929805205
"3733","20J220140",2024-10-29,"10-2024",319900,2024,"2","X",2023,2025,315.564,321967.016833352,12.6822043870855
"3734","20J221112",2024-04-01,"04-2024",301000,2024,"2","X",2023,2025,313.016,305410.915096992,12.6294134114587
"3735","20J221295",2024-03-15,"03-2024",249000,2024,"2","X",2023,2025,312.107,253384.727032716,12.4426642728851
"3736","20J221561",2024-07-02,"07-2024",378200,2024,"2","X",2023,2025,313.566,383069.129306111,12.8559707461475
"3737","20J230242",2024-08-14,"08-2024",383000,2024,"2","X",2023,2025,314.131,387233.189338206,12.8667823469772
"3738","20J230307",2024-07-24,"07-2024",211036,2024,"2","I",2023,2025,313.566,213752.979302603,12.2725763249597
"3739","20J230682",2024-05-10,"05-2024",245000,2024,"2","X",2023,2025,313.14,248491.840710225,12.4231652898157
"3740","20J230893",2024-04-26,"04-2024",305000,2024,"2","X",2023,2025,313.016,309469.531908912,12.6426149233172
"3741","20J231261",2024-05-07,"05-2024",392500,2024,"2","X",2023,2025,313.14,398094.071341892,12.8944436164934
"3742","20J231324",2024-02-29,"02-2024",317500,2024,"2","X",2023,2025,311.022,324218.069782845,12.6891716232599
"3743","20J232011",2024-05-08,"05-2024",502880,2024,"2","X",2023,2025,313.14,510047.252474931,13.1422586523202
"3744","20J232482",2024-10-28,"10-2024",365000,2024,"2","X",2023,2025,315.564,367358.428084319,12.8140932937125
"3745","20J232534",2024-06-26,"06-2024",325000,2024,"2","X",2023,2025,313.131,329641.507867314,12.7057610031519
"3746","20J320020",2024-03-21,"03-2024",155000,2024,"2","X",2023,2025,312.107,157729.448554502,11.9686364933396
"3747","20J330654",2024-07-29,"07-2024",349000,2024,"2","X",2023,2025,313.566,353493.194415211,12.7756195121256
"3748","20J330838",2024-06-07,"06-2024",4e+05,2024,"2","X",2023,2025,313.131,405712.625067464,12.9134003679301
"3749","20J330892",2024-11-06,"11-2024",193000,2024,"2","4",2023,2025,316.449,193703.816412755,12.1740855518998
"3750","20J331204",2024-05-23,"05-2024",330000,2024,"2","X",2023,2025,313.14,334703.295650508,12.7209997337315
"3751","20J331534",2024-03-14,"03-2024",825000,2024,"2","X",2023,2025,312.107,839527.710048156,13.6405947627551
"3752","20J331709",2024-10-18,"10-2024",873000,2024,"2","X",2023,2025,315.564,878640.843061946,13.6861314959696
"3753","20J340172",2024-07-18,"07-2024",150000,2024,"2","I",2023,2025,313.566,151931.172384761,11.9311828840194
"3754","20J410505",2024-03-04,"03-2024",126000,2024,"2","I",2023,2025,312.107,128218.777534628,11.7614932833719
"3755","20J410505",2024-09-03,"09-2024",745000,2024,"2","X",2023,2025,314.851,751511.778587332,13.5298421614886
"3756","20J420203",2024-07-26,"07-2024",279000,2024,"2","X",2023,2025,313.566,282591.980635656,12.5517593717445
"3757","20J421253",2024-06-12,"06-2024",425000,2024,"2","X",2023,2025,313.131,431069.66413418,12.9740249897466
"3758","20J421341",2024-04-08,"04-2024",572000,2024,"2","X",2023,2025,313.016,580382.204104583,13.2714421380896
"3759","20J421374",2024-04-23,"04-2024",425000,2024,"2","X",2023,2025,313.016,431228.036266517,12.9743923156342
"3760","20J421462",2024-03-08,"03-2024",5e+05,2024,"2","X",2023,2025,312.107,508804.672756458,13.1398194748426
"3761","20J430086",2024-02-28,"02-2024",2100000,2024,"2","X",2023,2025,311.022,2144434.47730386,14.5783864286387
"3762","20J440021",2024-11-15,"11-2024",465000,2024,"2","X",2023,2025,316.449,466695.723481509,13.0534327685823
"3763","20J440085",2024-07-09,"07-2024",430000,2024,"2","X",2023,2025,313.566,435536.027502982,12.9843327986107
"3764","20J440324",2024-09-30,"09-2024",386000,2024,"2","X",2023,2025,314.851,389373.887966054,12.8722953125738
"3765","20J440728",2024-08-22,"08-2024",485000,2024,"2","X",2023,2025,314.131,490360.566133237,13.102896248734
"3766","20J440728",2024-08-22,"08-2024",485000,2024,"2","4",2023,2025,314.131,490360.566133237,13.102896248734
"3767","20J440773",2024-05-13,"05-2024",530000,2024,"2","X",2023,2025,313.14,537553.777862937,13.1947840858171
"3768","20J441204",2024-05-15,"05-2024",265000,2024,"2","X",2023,2025,313.14,268776.888931468,12.5016369052572
"3769","20J511255",2024-03-08,"03-2024",425000,2024,"2","X",2023,2025,312.107,432483.97184299,12.9773005453448
"3770","20J511604",2024-10-30,"10-2024",390000,2024,"2","X",2023,2025,315.564,392519.964254478,12.8803426792537
"3771","20J520451",2024-06-12,"06-2024",280000,2024,"2","X",2023,2025,313.131,283998.837547225,12.5567254239914
"3772","20J521122",2024-08-30,"08-2024",270000,2024,"2","X",2023,2025,314.131,272984.23269273,12.5171693167949
"3773","20J530744",2024-05-23,"05-2024",370000,2024,"2","X",2023,2025,313.14,375273.392092994,12.8354100849092
"3774","20J531077",2024-10-10,"10-2024",358750,2024,"2","X",2023,2025,315.564,361068.044041779,12.7968217072038
"3775","20J531341",2024-07-01,"07-2024",475000,2024,"2","X",2023,2025,313.566,481115.37921841,13.0838623939578
"3776","20J531633",2024-11-06,"11-2024",350000,2024,"2","X",2023,2025,316.449,351276.351007587,12.7693285174784
"3777","20J531642",2024-08-05,"08-2024",430000,2024,"2","X",2023,2025,314.131,434752.666881015,12.9825325664841
"3778","20J540691",2024-05-30,"05-2024",460000,2024,"2","X",2023,2025,313.14,466556.109088587,13.0531335687541
"3779","20J541076",2024-07-03,"07-2024",315000,2024,"2","I",2023,2025,313.566,319055.462007998,12.6731202287488
"3780","20J642012",2024-11-15,"11-2024",578000,2024,"2","X",2023,2025,316.449,580107.802521101,13.2709692316673
"3781","20J642144",2024-04-09,"04-2024",595000,2024,"2","X",2023,2025,313.016,603719.250773123,13.3108645522554
"3782","20J642331",2024-09-11,"09-2024",270000,2024,"2","X",2023,2025,314.851,272359.973447758,12.5148799021074
"3783","20K110527",2024-06-10,"06-2024",752000,2024,"2","X",2023,2025,313.131,762739.735126832,13.544672144772
"3784","20K111214",2024-03-07,"03-2024",475000,2024,"2","X",2023,2025,312.107,483364.439118636,13.088526180455
"3785","20K111470",2024-09-20,"09-2024",785000,2024,"2","X",2023,2025,314.851,791861.404283296,13.5821416608914
"3786","20K120115",2024-08-23,"08-2024",190000,2024,"2","I",2023,2025,314.131,192100.015598588,12.165771429957
"3787","20K120193",2024-07-05,"07-2024",415000,2024,"2","I",2023,2025,313.566,420342.910264506,12.9488261101538
"3788","20K120445",2024-04-01,"04-2024",418000,2024,"2","X",2023,2025,313.016,424125.456845656,12.9577845792346
"3789","20K121051",2024-07-17,"07-2024",475000,2024,"2","X",2023,2025,313.566,481115.37921841,13.0838623939578
"3790","20K121105",2024-10-08,"10-2024",465000,2024,"2","X",2023,2025,315.564,468004.572764954,13.0562333457173
"3791","20K121215",2024-07-29,"07-2024",318950,2024,"2","X",2023,2025,313.566,323056.31621413,12.6855819406111
"3792","20K121637",2024-08-23,"08-2024",205000,2024,"2","X",2023,2025,314.131,207265.80630374,12.2417573369349
"3793","20K121884",2024-10-18,"10-2024",205000,2024,"2","I",2023,2025,315.564,206324.596595302,12.2372059192684
"3794","20K130574",2024-02-13,"02-2024",187900,2024,"2","X",2023,2025,311.022,191875.82775495,12.1646037113466
"3795","20K130712",2024-01-23,"01-2024",187500,2024,"2","X",2023,2025,309.794,192226.326203865,12.1664287391033
"3796","20K132875",2024-05-22,"05-2024",915000,2024,"2","X",2023,2025,313.14,928040.956121862,13.7408311445465
"3797","20K133021",2024-09-17,"09-2024",1089000,2024,"2","X",2023,2025,314.851,1098518.55957262,13.909473066042
"3798","20K140328",2024-02-21,"02-2024",195000,2024,"2","X",2023,2025,311.022,199126.058606787,12.2016933634909
"3799","20K140575",2024-06-25,"06-2024",185000,2024,"2","X",2023,2025,313.131,187642.089093702,12.1422916459005
"3800","20K141033",2024-08-01,"08-2024",143000,2024,"2","X",2023,2025,314.131,144580.538055779,11.8815919880564
"3801","20K141071",2024-10-01,"10-2024",205000,2024,"2","X",2023,2025,315.564,206324.596595302,12.2372059192684
"3802","20K142072",2024-10-04,"10-2024",257500,2024,"2","X",2023,2025,315.564,259163.822552636,12.4652156602338
"3803","20K142692",2024-07-18,"07-2024",210000,2024,"2","X",2023,2025,313.566,212703.641338666,12.2676551206406
"3804","20K142821",2024-04-02,"04-2024",190000,2024,"2","X",2023,2025,313.016,192784.298566207,12.1693272188703
"3805","20K143619",2024-05-31,"05-2024",160000,2024,"2","I",2023,2025,313.14,162280.385769943,11.9970808945048
"3806","20K143637",2024-03-15,"03-2024",186000,2024,"2","X",2023,2025,312.107,189275.338265403,12.1509580501336
"3807","20K143664",2024-07-31,"07-2024",185000,2024,"2","X",2023,2025,313.566,187381.779274539,12.1409034150014
"3808","20K144041",2024-01-18,"01-2024",490000,2024,"2","I",2023,2025,309.794,502351.465812766,13.1270552847976
"3809","20K144041",2024-03-06,"03-2024",212500,2024,"2","X",2023,2025,312.107,216241.985921495,12.2841533647848
"3810","20K144113",2024-05-21,"05-2024",190000,2024,"2","X",2023,2025,313.14,192707.958101807,12.1689311514314
"3811","20K144272",2024-01-30,"01-2024",205500,2024,"2","X",2023,2025,309.794,210680.053519436,12.2580959276292
"3812","20K210746",2024-10-24,"10-2024",231100,2024,"2","I",2023,2025,315.564,232593.240356948,12.3570464574103
"3813","20K211112",2024-01-04,"01-2024",270000,2024,"2","X",2023,2025,309.794,276805.909733565,12.5310718526913
"3814","20K211763",2024-03-04,"03-2024",205000,2024,"2","X",2023,2025,312.107,208609.915830148,12.2482213555588
"3815","20K212432",2024-01-19,"01-2024",339600,2024,"2","X",2023,2025,309.794,348160.322020439,12.7604183481301
"3816","20K220040",2024-07-22,"07-2024",297000,2024,"2","X",2023,2025,313.566,300823.721321827,12.6142797287258
"3817","20K220282",2024-07-24,"07-2024",450000,2024,"2","X",2023,2025,313.566,455793.517154283,13.0297951726875
"3818","20K220673",2024-10-25,"10-2024",335000,2024,"2","X",2023,2025,315.564,337164.584680128,12.728326471955
"3819","20K231408",2024-03-19,"03-2024",2e+05,2024,"2","X",2023,2025,312.107,203521.869102583,12.2235287429684
"3820","20K231480",2024-05-08,"05-2024",159000,2024,"2","X",2023,2025,313.14,161266.133358881,11.9908112814912
"3821","20K231545",2024-05-07,"05-2024",2e+05,2024,"2","X",2023,2025,313.14,202850.482212429,12.220224445819
"3822","20K231967",2024-01-11,"01-2024",192000,2024,"2","X",2023,2025,309.794,196839.758032757,12.1901452657207
"3823","20K232074",2024-05-02,"05-2024",189900,2024,"2","X",2023,2025,313.14,192606.532860701,12.1684046970892
"3824","20K232580",2024-10-23,"10-2024",210000,2024,"2","X",2023,2025,315.564,211356.903829334,12.2613034708474
"3825","20K232874",2024-11-21,"11-2024",220000,2024,"2","X",2023,2025,316.449,220802.277776198,12.3050229093473
"3826","20K233031",2024-03-12,"03-2024",192000,2024,"2","X",2023,2025,312.107,195380.99433848,12.1827067484482
"3827","20K233103",2024-07-31,"07-2024",90000,2024,"2","I",2023,2025,313.566,91158.7034308567,11.4203572602534
"3828","20K233341",2024-02-21,"02-2024",195000,2024,"2","X",2023,2025,311.022,199126.058606787,12.2016933634909
"3829","20K320810",2024-05-01,"05-2024",2850000,2024,"2","F",2023,2025,313.14,2890619.37152711,14.8769813525337
"3830","20K320957",2024-01-02,"01-2024",650000,2024,"2","X",2023,2025,309.794,666384.59750673,13.4096222565826
"3831","20K321103",2024-04-01,"04-2024",245000,2024,"2","X",2023,2025,313.016,248590.27973011,12.4235613572545
"3832","20K321240",2024-05-28,"05-2024",252000,2024,"2","X",2023,2025,313.14,255591.60758766,12.4513361667824
"3833","20K321273",2024-07-30,"07-2024",255000,2024,"2","X",2023,2025,313.566,258282.993054094,12.4618111350816
"3834","20K321570",2024-09-03,"09-2024",250000,2024,"2","X",2023,2025,314.851,252185.160599776,12.4379188609713
"3835","20K321882",2024-01-11,"01-2024",171000,2024,"2","X",2023,2025,309.794,175310.409497924,12.0743134501955
"3836","20K321910",2024-05-24,"05-2024",250000,2024,"2","X",2023,2025,313.14,253563.102765536,12.4433679971332
"3837","20K321910",2024-05-31,"05-2024",250000,2024,"2","4",2023,2025,313.14,253563.102765536,12.4433679971332
"3838","20K322001",2024-09-12,"09-2024",263900,2024,"2","X",2023,2025,314.851,266206.655529123,12.4920281866183
"3839","20K322111",2024-05-31,"05-2024",245000,2024,"2","X",2023,2025,313.14,248491.840710225,12.4231652898157
"3840","20K322120",2024-08-20,"08-2024",220000,2024,"2","X",2023,2025,314.131,222431.597008891,12.3123749041489
"3841","20K322131",2024-03-12,"03-2024",245000,2024,"2","X",2023,2025,312.107,249314.289650665,12.4264695869651
"3842","20K322203",2024-07-10,"07-2024",251000,2024,"2","X",2023,2025,313.566,254231.495123834,12.4460005290549
"3843","20K322274",2024-03-06,"03-2024",243500,2024,"2","X",2023,2025,312.107,247787.875632395,12.420328318943
"3844","20K322373",2024-08-06,"08-2024",188000,2024,"2","X",2023,2025,314.131,190077.910171234,12.1551893206265
"3845","20K322441",2024-05-02,"05-2024",255000,2024,"2","X",2023,2025,313.14,258634.364820847,12.4631706244294
"3846","20K410131",2024-08-21,"08-2024",795000,2024,"2","X",2023,2025,314.131,803786.907373039,13.5970894724508
"3847","20K410593",2024-07-01,"07-2024",483000,2024,"2","X",2023,2025,313.566,489218.375078931,13.1005642435757
"3848","20K410708",2024-09-23,"09-2024",676000,2024,"2","X",2023,2025,314.851,681908.674261794,13.432651019152
"3849","20K422781",2024-09-30,"09-2024",145000,2024,"2","X",2023,2025,314.851,146267.39314787,11.8931916855296
"3850","20K422990",2024-04-03,"04-2024",185000,2024,"2","X",2023,2025,313.016,187711.027551307,12.1426589717881
"3851","20K423243",2024-01-25,"01-2024",145000,2024,"2","I",2023,2025,309.794,148655.025597655,11.9093836361135
"3852","20K423742",2024-01-19,"01-2024",190000,2024,"2","X",2023,2025,309.794,194789.343886583,12.1796739658534
"3853","20K427225",2024-07-17,"07-2024",670000,2024,"2","X",2023,2025,313.566,678625.9033186,13.4278253023081
"3854","20K427258",2024-01-18,"01-2024",716124,2024,"2","X",2023,2025,309.794,734175.390007554,13.5065032300164
"3855","20K427269",2024-01-23,"01-2024",778203,2024,"2","X",2023,2025,309.794,797819.219897739,13.589637309286
"3856","20K427456",2024-04-18,"04-2024",663188,2024,"2","X",2023,2025,313.016,672906.491565926,13.4193616562779
"3857","20K427478",2024-04-25,"04-2024",657176,2024,"2","X",2023,2025,313.016,666806.39049761,13.4102550136425
"3858","20K427489",2024-11-06,"11-2024",610700,2024,"2","X",2023,2025,316.449,612927.050172382,13.326001203224
"3859","20K427490",2024-05-20,"05-2024",674340,2024,"2","X",2023,2025,313.14,683950.970875647,13.4356415140292
"3860","20K440084",2024-09-05,"09-2024",1675000,2024,"2","X",2023,2025,314.851,1689640.5760185,14.3400263873682
"3861","20K440251",2024-09-04,"09-2024",1150000,2024,"2","X",2023,2025,314.851,1160051.73875897,13.9639751644663
"3862","20K515016",2024-04-11,"04-2024",186000,2024,"2","X",2023,2025,313.016,188725.681754287,12.148049820423
"3863","20K515610",2024-09-12,"09-2024",155000,2024,"2","X",2023,2025,314.851,156354.799571861,11.9598830600283
"3864","20K515742",2024-05-09,"05-2024",152500,2024,"2","X",2023,2025,313.14,154673.492686977,11.9490716753184
"3865","20K515885",2024-02-15,"02-2024",220000,2024,"2","X",2023,2025,311.022,224655.040479452,12.3223213512795
"3866","20K517139",2024-01-16,"01-2024",210000,2024,"2","X",2023,2025,309.794,215293.485348328,12.2797574244103
"3867","20K517205",2024-05-29,"05-2024",260125,2024,"2","X",2023,2025,313.14,263832.40842754,12.4830693639848
"3868","20K620202",2024-02-21,"02-2024",359000,2024,"2","5",2023,2025,311.022,366596.179691469,12.8120161934155
"3869","20K620341",2024-06-10,"06-2024",615000,2024,"2","X",2023,2025,313.131,623783.161041226,13.3435580886287
"3870","20K620404",2024-04-29,"04-2024",380000,2024,"2","X",2023,2025,313.016,385568.597132415,12.8624743994302
"3871","20K620413",2024-04-02,"04-2024",427000,2024,"2","X",2023,2025,313.016,433257.344672477,12.9790871599384
"3872","20K630153",2024-03-27,"03-2024",126000,2024,"2","I",2023,2025,312.107,128218.777534628,11.7614932833719
"3873","20K630153",2024-11-18,"11-2024",315000,2024,"2","X",2023,2025,316.449,316148.715906829,12.6639680018205
"3874","20K631781",2024-06-13,"06-2024",577000,2024,"2","X",2023,2025,313.131,585240.461659817,13.2797780873302
"3875","20K632012",2024-01-04,"01-2024",475000,2024,"2","X",2023,2025,309.794,486973.359716457,13.0959646977275
"3876","20K632078",2024-06-05,"06-2024",495000,2024,"2","X",2023,2025,313.131,502069.373520987,13.1264935833908
"3877","20K640196",2024-07-01,"07-2024",1230000,2024,"2","X",2023,2025,313.566,1245835.61355504,14.0353170382896
"3878","20K640493",2024-02-23,"02-2024",605000,2024,"2","I",2023,2025,311.022,617801.361318492,13.333922262958
"3879","20L210040",2024-09-10,"09-2024",1049000,2024,"2","X",2023,2025,314.851,1058168.93387666,13.8720505515053
"3880","20L210051",2024-08-19,"08-2024",1475000,2024,"2","X",2023,2025,314.131,1491302.75267325,14.2151606265704
"3881","20L210224",2024-08-07,"08-2024",9e+05,2024,"2","X",2023,2025,314.131,909947.4423091,13.7211421211208
"3882","20L220252",2024-08-01,"08-2024",825000,2024,"2","X",2023,2025,314.131,834118.488783342,13.6341307441312
"3883","20L240052",2024-04-03,"04-2024",849000,2024,"2","X",2023,2025,313.016,861441.418330053,13.6663623330212
"3884","20L240429",2024-05-29,"05-2024",1925000,2024,"2","X",2023,2025,313.14,1952435.89129463,14.4845883259928
"3885","20L320527",2024-05-15,"05-2024",640000,2024,"2","X",2023,2025,313.14,649121.543079773,13.3833752556247
"3886","20L330472",2024-08-12,"08-2024",1480000,2024,"2","X",2023,2025,314.131,1496358.01624163,14.2185447245547
"3887","20L340082",2024-06-04,"06-2024",875000,2024,"2","X",2023,2025,313.131,887496.367335077,13.6961597071798
"3888","20L340134",2024-01-04,"01-2024",725000,2024,"2","X",2023,2025,309.794,743275.127988276,13.5188215485476
"3889","20L340510",2024-05-07,"05-2024",1150000,2024,"2","X",2023,2025,313.14,1166390.27272147,13.9694243006283
"3890","20L340529",2024-10-18,"10-2024",960000,2024,"2","X",2023,2025,315.564,966202.988934099,13.7811292245919
"3891","20L430073",2024-05-28,"05-2024",2500000,2024,"2","X",2023,2025,313.14,2535631.02765536,14.7459530901272
"3892","20L510032",2024-10-02,"10-2024",1600000,2024,"2","I",2023,2025,315.564,1610338.31489016,14.2919548483579
"3893","20L520295",2024-05-07,"05-2024",850000,2024,"2","X",2023,2025,313.14,862114.549402823,13.6671434287553
"3894","20L540105",2024-06-07,"06-2024",724000,2024,"2","X",2023,2025,313.131,734339.85137211,13.5067272132079
"3895","20L610055",2024-06-24,"06-2024",1150000,2024,"2","X",2023,2025,313.131,1166423.79706896,13.9694530421794
"3896","20L620582",2024-02-28,"02-2024",565000,2024,"2","X",2023,2025,311.022,576954.990322228,13.2655195360736
"3897","20N630150",2024-01-02,"01-2024",575000,2024,"2","X",2023,2025,309.794,589494.067025185,13.2870199344902
"3898","20N640481",2024-02-01,"02-2024",896148,2024,"2","X",2023,2025,311.022,915109.841888998,13.7267993828331
"3899","20N640591",2024-02-28,"02-2024",840000,2024,"2","X",2023,2025,311.022,857773.790921543,13.6620956967645
"3900","20O120348",2024-03-04,"03-2024",2125000,2024,"2","X",2023,2025,312.107,2162419.85921495,14.5867384577789
"3901","20O130073",2024-05-29,"05-2024",975000,2024,"2","X",2023,2025,313.14,988896.100785591,13.8043445502688
"3902","20O130266",2024-08-06,"08-2024",9e+05,2024,"2","I",2023,2025,314.131,909947.4423091,13.7211421211208
"3903","20O230274",2024-08-06,"08-2024",2300000,2024,"2","X",2023,2025,314.131,2325421.24145659,14.6594117597138
"3904","20O240073",2024-10-29,"10-2024",9e+05,2024,"2","X",2023,2025,315.564,905815.302125718,13.7165907034543
"3905","20O320052",2024-07-16,"07-2024",720000,2024,"2","X",2023,2025,313.566,729269.627446853,13.4997988019332
"3906","20O320171",2024-06-24,"06-2024",1640000,2024,"2","X",2023,2025,313.131,1663421.7627766,14.3243873416404
"3907","20O320401",2024-07-09,"07-2024",650000,2024,"2","I",2023,2025,313.566,658368.413667298,13.3975199528128
"3908","20O330273",2024-08-21,"08-2024",890000,2024,"2","X",2023,2025,314.131,899836.915172333,13.7099688205227
"3909","20O330392",2024-05-28,"05-2024",8e+05,2024,"2","X",2023,2025,313.14,811401.928849716,13.6065188069389
"3910","20O340191",2024-01-31,"01-2024",1360000,2024,"2","X",2023,2025,309.794,1394281.6193987,14.147889872423
"3911","20O340201",2024-09-12,"09-2024",680000,2024,"1","X",2023,2025,314.851,685943.63683139,13.4385507412792
"3912","20O340210",2024-02-13,"02-2024",2200000,2024,"2","X",2023,2025,311.022,2246550.40479452,14.6249064442736
"3913","20O410133",2024-01-02,"01-2024",925000,2024,"1","X",2023,2025,309.794,948316.542605732,13.7624436312053
"3914","20O420217",2024-05-01,"05-2024",1480000,2024,"2","X",2023,2025,313.14,1501093.56837197,14.2217044460291
"3915","20O430061",2024-10-11,"10-2024",1264000,2024,"2","X",2023,2025,315.564,1272167.26876323,14.0562325148368
"3916","20O510095",2024-06-13,"06-2024",1975000,2024,"2","X",2023,2025,313.131,2003206.0862706,14.5102594981574
"3917","20O620062",2024-02-29,"02-2024",2569423,2024,"2","X",2023,2025,311.022,2623790.12760834,14.7801304439908
"3918","20P130047",2024-03-19,"03-2024",905000,2024,"2","X",2023,2025,312.107,920936.45768919,13.7331463201203
"3919","20P130074",2024-09-27,"09-2024",685000,2024,"1","X",2023,2025,314.851,690987.340043386,13.4458767813712
"3920","20P140149",2024-06-13,"06-2024",3356753,2024,"2","X",2023,2025,313.131,3404692.67833271,15.0406652374962
"3921","20P340147",2024-08-06,"08-2024",8e+05,2024,"2","X",2023,2025,314.131,808842.170941423,13.6033590854644
"3922","20P410226",2024-11-04,"11-2024",1468745,2024,"2","X",2023,2025,316.449,1474101.09760183,14.2035589366262
"3923","20P440256",2024-04-29,"04-2024",3570000,2024,"2","X",2023,2025,313.016,3622315.50463874,15.1026240214835
"3924","20P440283",2024-07-19,"07-2024",3500000,2024,"2","X",2023,2025,313.566,3545060.68897776,15.0810658374006
"3925","20Q210504",2024-11-15,"11-2024",1775000,2024,"2","X",2023,2025,316.449,1781472.92296705,14.3929510649044
"3926","20Q230304",2024-03-21,"03-2024",2700000,2024,"2","X",2023,2025,312.107,2747545.23288488,14.8262184284128
"3927","20Q240103",2024-08-16,"08-2024",475000,2024,"2","I",2023,2025,314.131,480250.03899647,13.0820621618312
"3928","20Q240268",2024-11-06,"11-2024",2850000,2024,"2","X",2023,2025,316.449,2860393.14391892,14.8664696362576
"3929","20Q330082",2024-08-13,"08-2024",730000,2024,"2","X",2023,2025,314.131,738068.480984048,13.5117918919389
"3930","20Q410254",2024-09-13,"09-2024",1350000,2024,"2","X",2023,2025,314.851,1361799.86723879,14.1243178145415
"3931","20Q440183",2024-06-27,"06-2024",1200000,2024,"2","X",2023,2025,313.131,1217137.87520239,14.0120126565982
"3932","20Q520034",2024-04-09,"04-2024",1255000,2024,"2","X",2023,2025,313.016,1273391.02473995,14.0571939982757
"3933","20Q520052",2024-07-11,"07-2024",430000,2024,"2","X",2023,2025,313.566,435536.027502982,12.9843327986107
"3934","20Q540072",2024-07-08,"07-2024",710000,2024,"2","X",2023,2025,313.566,719140.882621203,13.4858125599585
"3935","20Q540155",2024-03-19,"03-2024",630000,2024,"2","X",2023,2025,312.107,641093.887673138,13.370931195806
"3936","20Q540155",2024-04-25,"04-2024",630000,2024,"2","4",2023,2025,313.016,639232.147877425,13.3680229660954
"3937","20Q630227",2024-06-20,"06-2024",1550000,2024,"2","X",2023,2025,313.131,1572136.42213642,14.2679460307354
"3938","20R110276",2024-09-19,"09-2024",357500,2024,"2","X",2023,2025,314.851,360624.779657679,12.7955933052431
"3939","20R110313",2024-06-26,"06-2024",365000,2024,"2","X",2023,2025,313.131,370212.770374061,12.8218331744046
"3940","20R110708",2024-04-29,"04-2024",267500,2024,"2","X",2023,2025,313.016,271419.999297161,12.5114227130459
"3941","20R110744",2024-09-10,"09-2024",299900,2024,"2","X",2023,2025,314.851,302521.318655491,12.619907028864
"3942","20R110863",2024-05-01,"05-2024",250000,2024,"2","X",2023,2025,313.14,253563.102765536,12.4433679971332
"3943","20R110881",2024-08-20,"08-2024",285000,2024,"2","X",2023,2025,314.131,288150.023397882,12.5712365380652
"3944","20R110919",2024-09-25,"09-2024",248000,2024,"2","X",2023,2025,314.851,250167.679314978,12.429886689274
"3945","20R111028",2024-06-14,"06-2024",350000,2024,"2","X",2023,2025,313.131,354998.546934031,12.7798689753056
"3946","20R120231",2024-10-04,"10-2024",350000,2024,"2","X",2023,2025,315.564,352261.506382224,12.7721290946134
"3947","20R130094",2024-03-12,"03-2024",570000,2024,"2","X",2023,2025,312.107,580037.326942363,13.270847737249
"3948","20R130131",2024-02-06,"02-2024",420000,2024,"2","X",2023,2025,311.022,428886.895460771,12.9689485162046
"3949","20R230103",2024-02-23,"02-2024",543750,2024,"2","X",2023,2025,311.022,555255.355730463,13.2271833873301
"3950","20R230617",2024-02-16,"02-2024",1225000,2024,"2","X",2023,2025,311.022,1250920.11176058,14.039389927906
"3951","20R230781",2024-04-26,"04-2024",1275000,2024,"2","X",2023,2025,313.016,1293684.10879955,14.0730046043023
"3952","20R240388",2024-11-14,"11-2024",465000,2024,"2","I",2023,2025,316.449,466695.723481509,13.0534327685823
"3953","20R240517",2024-07-03,"07-2024",875000,2024,"2","X",2023,2025,313.566,886265.17224444,13.6947714762807
"3954","20R310935",2024-05-31,"05-2024",1110000,2024,"2","X",2023,2025,313.14,1125820.17627898,13.9340223735773
"3955","20R310953",2024-07-05,"07-2024",940000,2024,"2","X",2023,2025,313.566,952102.01361117,13.7664274651872
"3956","20R310999",2024-10-28,"10-2024",875000,2024,"2","X",2023,2025,315.564,880653.765955559,13.6884198264876
"3957","20R311044",2024-09-25,"09-2024",950000,2024,"2","X",2023,2025,314.851,958303.610279148,13.7729199277036
"3958","20R311091",2024-03-27,"03-2024",1375000,2024,"2","X",2023,2025,312.107,1399212.85008026,14.151420386521
"3959","20R320202",2024-11-01,"11-2024",265000,2024,"2","X",2023,2025,316.449,265966.380048602,12.4911251889811
"3960","20R321522",2024-05-07,"05-2024",259900,2024,"2","X",2023,2025,313.14,263604.201635051,12.4822040209184
"3961","20R321623",2024-02-01,"02-2024",356000,2024,"2","X",2023,2025,311.022,363532.701866749,12.8036245357792
"3962","20R321751",2024-03-18,"03-2024",760000,2024,"2","X",2023,2025,312.107,773383.102589817,13.5585298097008
"3963","20R321797",2024-07-26,"07-2024",845000,2024,"2","X",2023,2025,313.566,855878.937767488,13.6598842172803
"3964","20R330469",2024-05-24,"05-2024",260000,2024,"2","X",2023,2025,313.14,263705.626876158,12.4825887102865
"3965","20R330735",2024-09-13,"09-2024",237500,2024,"2","X",2023,2025,314.851,239575.902569787,12.3866255665837
"3966","20R331477",2024-03-26,"03-2024",269000,2024,"2","X",2023,2025,312.107,273736.913942975,12.5199227560222
"3967","20R340341",2024-02-06,"02-2024",138500,2024,"2","X",2023,2025,311.022,141430.559574564,11.8595641305546
"3968","20R340570",2024-05-23,"05-2024",206000,2024,"2","X",2023,2025,313.14,208935.996678802,12.2497832480605
"3969","20R340617",2024-04-15,"04-2024",275000,2024,"2","X",2023,2025,313.016,279029.905819511,12.5390742443764
"3970","20R510401",2024-03-14,"03-2024",1020000,2024,"2","X",2023,2025,312.107,1037961.53242318,13.8527692826987
"3971","20R530054",2024-04-23,"04-2024",750000,2024,"2","X",2023,2025,313.016,760990.652235029,13.5423763532402
"3972","20R540266",2024-05-20,"05-2024",725000,2024,"2","X",2023,2025,313.14,735332.998020055,13.5080787341256
"3973","20R540606",2024-10-16,"10-2024",850000,2024,"2","X",2023,2025,315.564,855492.2297854,13.6594322896143
"3974","20R540844",2024-03-05,"03-2024",810000,2024,"2","X",2023,2025,312.107,824263.569865463,13.6222456240869
"3975","20R610291",2024-01-05,"01-2024",444800,2024,"2","5",2023,2025,309.794,456012.106109221,13.0302746366293
"3976","20R610291",2024-06-27,"06-2024",573000,2024,"2","X",2023,2025,313.131,581183.335409142,13.2728215375369
"3977","20R630392",2024-03-27,"03-2024",670000,2024,"2","X",2023,2025,312.107,681798.261493654,13.4324890888054
"3978","20R630576",2024-08-08,"08-2024",635000,2024,"2","X",2023,2025,314.131,642018.473184754,13.3723723566892
"3979","20R640137",2024-04-30,"04-2024",425000,2024,"2","I",2023,2025,313.016,431228.036266517,12.9743923156342
"3980","20R640274",2024-05-21,"05-2024",1275000,2024,"2","X",2023,2025,313.14,1293171.82410423,14.0726085368635
"3981","20R640366",2024-10-24,"10-2024",1269000,2024,"2","X",2023,2025,315.564,1277199.57599726,14.0601804078444
"3982","20S110233",2024-07-24,"07-2024",510000,2024,"2","X",2023,2025,313.566,516565.986108188,13.1549583156415
"3983","20S110242",2024-06-05,"06-2024",660000,2024,"2","X",2023,2025,313.131,669425.831361315,13.4141756558426
"3984","20S110325",2024-01-17,"01-2024",535000,2024,"2","X",2023,2025,309.794,548485.784101694,13.2149166405889
"3985","20S110664",2024-06-10,"06-2024",912000,2024,"2","X",2023,2025,313.131,925024.785153818,13.7375758108965
"3986","20S120032",2024-08-06,"08-2024",1575000,2024,"2","X",2023,2025,314.131,1592408.02404093,14.2807579090562
"3987","20S130547",2024-04-04,"04-2024",457000,2024,"2","X",2023,2025,313.016,463696.970761878,13.046986537604
"3988","20S130611",2024-07-10,"07-2024",605000,2024,"2","X",2023,2025,313.566,612789.06195187,13.325776047954
"3989","20S130721",2024-10-24,"10-2024",495000,2024,"2","X",2023,2025,315.564,498198.416169145,13.1187537026987
"3990","20S140061",2024-06-06,"06-2024",484000,2024,"2","X",2023,2025,313.131,490912.276331631,13.1040207275388
"3991","20S140245",2024-06-04,"06-2024",430000,2024,"2","X",2023,2025,313.131,436141.071947524,12.9857210295097
"3992","20S140713",2024-02-27,"02-2024",456000,2024,"2","X",2023,2025,311.022,465648.629357409,13.0511866144416
"3993","20S210063",2024-09-18,"09-2024",655000,2024,"2","X",2023,2025,314.851,660725.120771413,13.4010931787443
"3994","20S210241",2024-10-04,"10-2024",425000,2024,"2","I",2023,2025,315.564,427746.1148927,12.9662851090544
"3995","20S210492",2024-11-06,"11-2024",710000,2024,"2","X",2023,2025,316.449,712589.16918682,13.4766603330303
"3996","20S230445",2024-11-19,"11-2024",435000,2024,"2","X",2023,2025,316.449,436586.321966573,12.9867413940836
"3997","20S240134",2024-01-12,"01-2024",450000,2024,"2","X",2023,2025,309.794,461343.182889275,13.0418974764572
"3998","20S240327",2024-04-10,"04-2024",180000,2024,"2","I",2023,2025,313.016,182637.756536407,12.1152599976
"3999","20S310314",2024-07-03,"07-2024",740000,2024,"2","X",2023,2025,313.566,749527.117098155,13.5271977761213
"4000","20S330150",2024-04-01,"04-2024",615000,2024,"2","X",2023,2025,313.016,624012.334832724,13.3439254145163
"4001","20S340317",2024-07-10,"07-2024",555000,2024,"2","X",2023,2025,313.566,562145.337823616,13.2395157036696
"4002","20S410175",2024-10-07,"10-2024",5e+05,2024,"2","X",2023,2025,315.564,503230.723403177,13.1288040385522
"4003","20S410285",2024-04-16,"04-2024",533000,2024,"2","X",2023,2025,313.016,540810.690188361,13.2008245708757
"4004","20S410405",2024-06-25,"06-2024",540000,2024,"2","X",2023,2025,313.131,547712.043841076,13.2135049603805
"4005","20S410652",2024-04-30,"04-2024",560000,2024,"2","X",2023,2025,313.016,568206.353668822,13.250239930439
"4006","20S420965",2024-04-12,"04-2024",511000,2024,"2","X",2023,2025,313.016,518488.2977228,13.1586727369135
"4007","20S421032",2024-03-29,"03-2024",341000,2024,"2","X",2023,2025,312.107,347004.786819905,12.7570938537039
"4008","20S430096",2024-04-23,"04-2024",605000,2024,"2","X",2023,2025,313.016,613865.792802924,13.3275316047407
"4009","20S440293",2024-09-11,"09-2024",725000,2024,"2","X",2023,2025,314.851,731336.96573935,13.5026295979637
"4010","20S440563",2024-05-21,"05-2024",445000,2024,"2","X",2023,2025,313.14,451342.322922654,13.0199813614372
"4011","20S440646",2024-07-12,"07-2024",5e+05,2024,"2","X",2023,2025,313.566,506437.241282537,13.1351556883453
"4012","20S440811",2024-10-18,"10-2024",4e+05,2024,"2","X",2023,2025,315.564,402584.578722541,12.905660487238
"4013","20S441063",2024-02-29,"02-2024",380000,2024,"2","X",2023,2025,311.022,388040.524464507,12.8688650576476
"4014","20S441351",2024-01-31,"01-2024",4e+05,2024,"2","X",2023,2025,309.794,410082.829234911,12.9241144408009
"4015","20S441562",2024-06-12,"06-2024",385000,2024,"2","X",2023,2025,313.131,390498.401627434,12.8751791551099
"4016","20S441627",2024-04-25,"04-2024",440000,2024,"2","X",2023,2025,313.016,446447.849311217,13.0090778736221
"4017","20S520313",2024-08-21,"08-2024",450000,2024,"2","X",2023,2025,314.131,454973.72115455,13.0279949405609
"4018","20S520634",2024-04-22,"04-2024",590000,2024,"2","X",2023,2025,313.016,598645.979758223,13.3024256836096
"4019","20S530608",2024-09-05,"09-2024",685016,2024,"2","X",2023,2025,314.851,691003.479893664,13.4459001387627
"4020","20S540104",2024-01-19,"01-2024",310000,2024,"2","I",2023,2025,309.794,317814.192657056,12.6692221911721
"4021","20S540104",2024-05-17,"05-2024",577000,2024,"2","X",2023,2025,313.14,585223.641182857,13.2797493457791
"4022","20S610254",2024-04-18,"04-2024",430000,2024,"2","X",2023,2025,313.016,436301.307281417,12.9860883553974
"4023","20S610504",2024-10-07,"10-2024",489500,2024,"2","X",2023,2025,315.564,492662.87821171,13.1075804021005
"4024","20S610834",2024-08-01,"08-2024",380660,2024,"2","I",2023,2025,314.131,384867.325988202,12.8606539460561
"4025","20S620154",2024-01-18,"01-2024",634500,2024,"2","X",2023,2025,309.794,650493.887873878,13.3854871808473
"4026","20S630362",2024-09-05,"09-2024",690000,2024,"2","X",2023,2025,314.851,696031.043255381,13.4531495407003
"4027","20S630405",2024-01-24,"01-2024",510000,2024,"2","X",2023,2025,309.794,522855.607274512,13.1670606194113
"4028","20S630441",2024-02-14,"02-2024",515000,2024,"2","X",2023,2025,311.022,525897.026576898,13.1728607055909
"4029","20S640141",2024-09-04,"09-2024",516900,2024,"2","X",2023,2025,314.851,521418.038056096,13.164307375311
"4030","20T130290",2024-05-30,"05-2024",1100000,2024,"2","X",2023,2025,313.14,1115677.65216836,13.9249725380574
"4031","20T140044",2024-05-01,"05-2024",717500,2024,"2","X",2023,2025,313.14,727726.104937089,13.4976800269047
"4032","20T140053",2024-04-24,"04-2024",816000,2024,"2","X",2023,2025,313.016,827957.829631712,13.6267175016739
"4033","20T220546",2024-06-11,"06-2024",765000,2024,"2","X",2023,2025,313.131,775925.395441525,13.5618116546487
"4034","20T220629",2024-07-24,"07-2024",645000,2024,"2","X",2023,2025,313.566,653304.041254473,13.3897979067189
"4035","20T220665",2024-06-18,"06-2024",575000,2024,"2","X",2023,2025,313.131,583211.898534479,13.2763058616195
"4036","20T230060",2024-10-03,"10-2024",9e+05,2024,"2","X",2023,2025,315.564,905815.302125718,13.7165907034543
"4037","20T310791",2024-06-11,"06-2024",896000,2024,"2","X",2023,2025,313.131,908796.280151119,13.7198762337971
"4038","20T330573",2024-05-21,"05-2024",6e+05,2024,"2","X",2023,2025,313.14,608551.446637287,13.3188367344871
"4039","20T330638",2024-08-26,"08-2024",320000,2024,"2","I",2023,2025,314.131,323536.868376569,12.6870683535903
"4040","20T330647",2024-10-02,"10-2024",570000,2024,"2","X",2023,2025,315.564,573683.024679621,13.2598323009586
"4041","20T340327",2024-03-25,"03-2024",235001,2024,"2","4",2023,2025,312.107,239139.213804881,12.3848011458746
"4042","20T340712",2024-03-07,"03-2024",650000,2024,"2","X",2023,2025,312.107,661446.074583396,13.4021837393101
"4043","20T420306",2024-08-12,"08-2024",1350000,2024,"2","X",2023,2025,314.131,1364921.16346365,14.126607229229
"4044","20T420342",2024-07-03,"07-2024",1305000,2024,"2","X",2023,2025,313.566,1321801.19974742,14.0945059096799
"4045","20T540307",2024-09-30,"09-2024",576000,2024,"2","X",2023,2025,314.851,581034.610021883,13.2725656038049
"4046","20T610211",2024-10-28,"10-2024",475000,2024,"2","X",2023,2025,315.564,478069.187233018,13.0775107441646
"4047","20T610396",2024-07-18,"07-2024",560000,2024,"2","X",2023,2025,313.566,567209.710236442,13.2484843736523
"4048","20T610572",2024-01-09,"01-2024",3e+05,2024,"2","I",2023,2025,309.794,307562.121926183,12.6364323683491
"4049","20T610572",2024-05-07,"05-2024",577500,2024,"2","X",2023,2025,313.14,585730.767388389,13.2806155216669
"4050","20T610615",2024-09-05,"09-2024",5e+05,2024,"2","X",2023,2025,314.851,504370.321199552,13.1310660415312
"4051","20T610761",2024-10-22,"10-2024",388000,2024,"2","I",2023,2025,315.564,390507.041360865,12.8752012797533
"4052","20T630240",2024-10-03,"10-2024",590000,2024,"2","X",2023,2025,315.564,593812.253615748,13.2943184770297
"4053","20T630718",2024-11-06,"11-2024",530000,2024,"2","X",2023,2025,316.449,531932.760097204,13.1842723695411
"4054","20T640063",2024-03-19,"03-2024",375000,2024,"2","I",2023,2025,312.107,381603.504567344,12.8521374023908
"4055","20U110244",2024-10-15,"10-2024",850000,2024,"2","X",2023,2025,315.564,855492.2297854,13.6594322896143
"4056","20U120447",2024-11-04,"11-2024",680000,2024,"2","X",2023,2025,316.449,682479.767671884,13.433488161165
"4057","20U240044",2024-10-02,"10-2024",850000,2024,"2","X",2023,2025,315.564,855492.2297854,13.6594322896143
"4058","20U330152",2024-06-28,"06-2024",6e+05,2024,"2","I",2023,2025,313.131,608568.937601196,13.3188654760383
"4059","20U520052",2024-02-02,"02-2024",7e+05,2024,"2","X",2023,2025,311.022,714811.492434619,13.4797741399706
"4060","20U530271",2024-05-10,"05-2024",1650000,2024,"2","X",2023,2025,313.14,1673516.47825254,14.3304376461656
"4061","20U610142",2024-09-24,"09-2024",872000,2024,"2","X",2023,2025,314.851,879621.840172018,13.687247367018
"4062","20U630131",2024-01-22,"01-2024",790000,2024,"2","X",2023,2025,309.794,809913.587738949,13.6046828391539
"4063","20U640095",2024-05-24,"05-2024",1541000,2024,"2","X",2023,2025,313.14,1562962.96544677,14.2620939145911
"4064","20V110081",2024-10-11,"10-2024",765000,2024,"2","X",2023,2025,315.564,769943.00680686,13.5540717739565
"4065","20V110236",2024-02-26,"02-2024",685000,2024,"2","X",2023,2025,311.022,699494.10331102,13.4581126431894
"4066","20V110300",2024-03-22,"03-2024",229335,2024,"2","4",2023,2025,312.107,233373.439253205,12.3603951931011
"4067","20V130173",2024-08-06,"08-2024",760000,2024,"2","X",2023,2025,314.131,768400.062394351,13.5520657910769
"4068","20V210134",2024-04-05,"04-2024",950000,2024,"2","X",2023,2025,313.016,963921.492831037,13.7787651313044
"4069","20V220025",2024-09-19,"09-2024",8e+05,2024,"2","X",2023,2025,314.851,806992.513919282,13.6010696707769
"4070","20V330300",2024-06-10,"06-2024",1825000,2024,"2","X",2023,2025,313.131,1851063.8518703,14.4312710868387
"4071","20V330337",2024-06-13,"06-2024",1775000,2024,"2","X",2023,2025,313.131,1800349.77373687,14.4034915227317
"4072","20V420041",2024-05-28,"05-2024",325000,2024,"1","X",2023,2025,313.14,329632.033595197,12.7057322616007
"4073","20V530308",2024-07-26,"07-2024",929000,2024,"2","X",2023,2025,313.566,940960.394302954,13.754656328737
"4074","20V640171",2024-04-08,"04-2024",1025000,2024,"2","X",2023,2025,313.016,1040020.55805454,13.8547510382823
"4075","20V640182",2024-06-17,"06-2024",790000,2024,"2","X",2023,2025,313.131,801282.434508241,13.5939687662832
"4076","20V640193",2024-11-20,"11-2024",875000,2024,"2","X",2023,2025,316.449,878190.877518968,13.6856192493525
"4077","20W310345",2024-06-04,"06-2024",801000,2024,"2","X",2023,2025,313.131,812439.531697596,13.6077967678905
"4078","20W310381",2024-08-23,"08-2024",689900,2024,"2","X",2023,2025,314.131,697525.267165609,13.4552940173486
"4079","20W420125",2024-03-28,"03-2024",930000,2024,"2","X",2023,2025,312.107,946376.691327013,13.7603959625677
"4080","20W510183",2024-04-30,"04-2024",1000060,2024,"2","X",2023,2025,313.016,1014715.08223222,13.830118423892
"4081","20W530093",2024-09-25,"09-2024",5e+05,2024,"2","X",2023,2025,314.851,504370.321199552,13.1310660415312
"4082","20X620023",2024-01-02,"01-2024",527000,2024,"2","X",2023,2025,309.794,540284.127516995,13.1998504422342
"4083","20X640025",2024-09-23,"09-2024",875000,2024,"2","X",2023,2025,314.851,882648.062099215,13.6906818294666
"4084","21J110864",2024-10-18,"10-2024",480000,2024,"2","X",2023,2025,315.564,483101.494467049,13.0879820440319
"4085","21J120461",2024-05-30,"05-2024",215000,2024,"2","X",2023,2025,313.14,218064.268378361,12.2925451073986
"4086","21J121020",2024-05-01,"05-2024",248000,2024,"2","X",2023,2025,313.14,251534.597943412,12.4353358254359
"4087","21J121262",2024-01-10,"01-2024",292000,2024,"2","X",2023,2025,309.794,299360.465341485,12.6094036959612
"4088","21J141150",2024-06-03,"06-2024",150000,2024,"2","X",2023,2025,313.131,152142.234400299,11.9325711149184
"4089","21J141233",2024-09-05,"09-2024",110000,2024,"2","5",2023,2025,314.851,110961.470663901,11.6169383089014
"4090","21J141361",2024-05-23,"05-2024",150000,2024,"2","X",2023,2025,313.14,152137.861659322,11.9325423733672
"4091","21J210076",2024-06-10,"06-2024",4e+05,2024,"2","X",2023,2025,313.131,405712.625067464,12.9134003679301
"4092","21J210362",2024-08-26,"08-2024",380000,2024,"2","X",2023,2025,314.131,384200.031197176,12.8589186105169
"4093","21J210506",2024-02-23,"02-2024",280000,2024,"2","X",2023,2025,311.022,285924.596973848,12.5634834080964
"4094","21J210818",2024-08-01,"08-2024",3e+05,2024,"2","X",2023,2025,314.131,303315.814103033,12.6225298324527
"4095","21J211523",2024-02-12,"02-2024",145000,2024,"2","I",2023,2025,311.022,148068.094861457,11.9054275473478
"4096","21J211523",2024-10-03,"10-2024",253180,2024,"2","X",2023,2025,315.564,254815.909102432,12.4482966383387
"4097","21J230241",2024-05-07,"05-2024",601000,2024,"2","X",2023,2025,313.14,609565.699048349,13.3205020138062
"4098","21J230856",2024-04-25,"04-2024",237500,2024,"2","I",2023,2025,313.016,240980.373207759,12.3924707701845
"4099","21J230856",2024-09-24,"09-2024",3e+05,2024,"2","X",2023,2025,314.851,302622.192719731,12.6202404177652
"4100","21J231112",2024-06-14,"06-2024",265000,2024,"2","X",2023,2025,313.131,268784.614107195,12.5016656468084
"4101","21J240325",2024-10-04,"10-2024",329000,2024,"2","X",2023,2025,315.564,331125.81599929,12.7102536908954
"4102","21J240392",2024-08-27,"08-2024",276000,2024,"2","X",2023,2025,314.131,279050.548974791,12.5391482235137
"4103","21J330097",2024-09-11,"09-2024",355000,2024,"2","X",2023,2025,314.851,358102.928051682,12.7885757325844
"4104","21J330507",2024-11-18,"11-2024",546500,2024,"2","X",2023,2025,316.449,548492.930930418,13.2149296706115
"4105","21J330873",2024-03-05,"03-2024",278500,2024,"2","4",2023,2025,312.107,283404.202725347,12.5546294357877
"4106","21J420088",2024-07-10,"07-2024",260000,2024,"2","X",2023,2025,313.566,263347.365466919,12.4812292209387
"4107","21J420121",2024-07-24,"07-2024",347250,2024,"2","X",2023,2025,313.566,351720.664070722,12.7705925715576
"4108","21J420550",2024-08-14,"08-2024",116500,2024,"2","I",2023,2025,314.131,117787.641143345,11.6766386308023
"4109","21J420945",2024-07-29,"07-2024",710000,2024,"2","X",2023,2025,313.566,719140.882621203,13.4858125599585
"4110","21J421210",2024-06-04,"06-2024",116000,2024,"2","I",2023,2025,313.131,117656.661269565,11.6755260119285
"4111","21J421342",2024-08-29,"08-2024",315000,2024,"2","X",2023,2025,314.131,318481.604808185,12.6713199966221
"4112","21J421353",2024-02-26,"02-2024",550000,2024,"2","X",2023,2025,311.022,561637.601198629,13.2386120831537
"4113","21J421397",2024-02-21,"02-2024",289000,2024,"2","X",2023,2025,311.022,295115.030448007,12.5951204930396
"4114","21J421661",2024-01-08,"01-2024",90000,2024,"2","I",2023,2025,309.794,92268.636577855,11.4324595640231
"4115","21J421661",2024-08-06,"08-2024",445000,2024,"2","X",2023,2025,314.131,449918.457586166,13.0168216399628
"4116","21J421706",2024-06-17,"06-2024",140000,2024,"2","I",2023,2025,313.131,141999.418773612,11.8635782434314
"4117","21J430681",2024-06-03,"06-2024",1e+05,2024,"2","I",2023,2025,313.131,101428.156266866,11.5271060068102
"4118","21J441652",2024-09-18,"09-2024",239900,2024,"2","X",2023,2025,314.851,241996.880111545,12.3966801129547
"4119","21J510211",2024-02-09,"02-2024",185000,2024,"2","X",2023,2025,311.022,188914.465857721,12.1490496300055
"4120","21J510222",2024-04-24,"04-2024",275000,2024,"2","X",2023,2025,313.016,279029.905819511,12.5390742443764
"4121","21J510244",2024-03-14,"03-2024",170000,2024,"2","X",2023,2025,312.107,172993.588737196,12.0610098134706
"4122","21J510475",2024-10-28,"10-2024",299900,2024,"2","X",2023,2025,315.564,301837.787897225,12.6176450258849
"4123","21J510563",2024-05-16,"05-2024",323500,2024,"2","X",2023,2025,313.14,328110.654978604,12.7011061932119
"4124","21J510970",2024-04-16,"04-2024",260000,2024,"2","X",2023,2025,313.016,263810.09277481,12.4829847777253
"4125","21J511058",2024-01-09,"01-2024",305000,2024,"2","X",2023,2025,309.794,312688.15729162,12.6529616703003
"4126","21J511399",2024-08-23,"08-2024",385000,2024,"2","X",2023,2025,314.131,389255.29476556,12.8719906920843
"4127","21J511498",2024-06-07,"06-2024",142500,2024,"2","I",2023,2025,313.131,144535.122680284,11.8812778205308
"4128","21J530198",2024-09-30,"09-2024",135000,2024,"2","I",2023,2025,314.851,136179.986723879,11.8217327215474
"4129","21J530440",2024-04-19,"04-2024",136200,2024,"2","I",2023,2025,313.016,138195.902445881,11.8364275404252
"4130","21J530451",2024-05-30,"05-2024",120000,2024,"2","I",2023,2025,313.14,121710.289327457,11.709398822053
"4131","21J530473",2024-02-28,"02-2024",135000,2024,"2","I",2023,2025,311.022,137856.502112391,11.8339685833656
"4132","21J530606",2024-07-12,"07-2024",560000,2024,"2","X",2023,2025,313.566,567209.710236442,13.2484843736523
"4133","21J531056",2024-10-24,"10-2024",330000,2024,"2","X",2023,2025,315.564,332132.277446097,12.7132885945905
"4134","21J531605",2024-02-21,"02-2024",321000,2024,"2","X",2023,2025,311.022,327792.127245018,12.7001349280572
"4135","21J531861",2024-01-08,"01-2024",192700,2024,"2","X",2023,2025,309.794,197557.402983918,12.1937844691132
"4136","21J540450",2024-02-12,"02-2024",1e+05,2024,"2","4",2023,2025,311.022,102115.92749066,11.5338639909153
"4137","21J540872",2024-03-07,"03-2024",185000,2024,"2","I",2023,2025,312.107,188257.72891989,12.1455672014987
"4138","21J540964",2024-01-17,"01-2024",375000,2024,"2","X",2023,2025,309.794,384452.652407729,12.8595759196633
"4139","21J541066",2024-06-13,"06-2024",465000,2024,"2","X",2023,2025,313.131,471640.926640927,13.0639732264095
"4140","21J541297",2024-02-29,"02-2024",211000,2024,"2","I",2023,2025,311.022,215464.607005292,12.2805519384033
"4141","21J541297",2024-06-10,"06-2024",449900,2024,"2","X",2023,2025,313.131,456325.27504463,13.0309611566693
"4142","21J541770",2024-08-29,"08-2024",519900,2024,"2","X",2023,2025,314.131,525646.305840557,13.1723838431862
"4143","21J610487",2024-09-19,"09-2024",850000,2024,"2","P",2023,2025,314.851,857429.546039238,13.6616942925934
"4144","21J610773",2024-09-25,"09-2024",436500,2024,"2","X",2023,2025,314.851,440315.290407208,12.9952463183887
"4145","21J610841",2024-06-18,"06-2024",175000,2024,"2","X",2023,2025,313.131,177499.273467015,12.0867217947457
"4146","21J610883",2024-03-04,"03-2024",1160000,2024,"2","P",2023,2025,312.107,1180426.84079498,13.9813866605208
"4147","21J611400",2024-11-15,"11-2024",290000,2024,"2","X",2023,2025,316.449,291057.547977715,12.5812762859754
"4148","21J611466",2024-04-26,"04-2024",335000,2024,"2","X",2023,2025,313.016,339909.157998313,12.7364336785349
"4149","21J620013",2024-11-07,"11-2024",298000,2024,"2","I",2023,2025,316.449,299086.721715031,12.6084888495003
"4150","21J620091",2024-07-09,"07-2024",133500,2024,"2","I",2023,2025,313.566,135218.743422437,11.8146490677634
"4151","21J620123",2024-05-21,"05-2024",260000,2024,"2","X",2023,2025,313.14,263705.626876158,12.4825887102865
"4152","21J630078",2024-05-09,"05-2024",270000,2024,"2","X",2023,2025,313.14,273848.150986779,12.5203290382693
"4153","21J630111",2024-10-21,"10-2024",320000,2024,"2","X",2023,2025,315.564,322067.662978033,12.6825169359238
"4154","21J630474",2024-06-06,"06-2024",445000,2024,"2","X",2023,2025,313.131,451355.295387554,13.0200101029884
"4155","21J630771",2024-03-27,"03-2024",335000,2024,"2","X",2023,2025,312.107,340899.130746827,12.7393419082454
"4156","21J630926",2024-01-26,"01-2024",173000,2024,"2","X",2023,2025,309.794,177360.823644099,12.0859414881907
"4157","21J632168",2024-02-16,"02-2024",540000,2024,"2","X",2023,2025,311.022,551426.008449563,13.2202629444855
"4158","21J632179",2024-10-29,"10-2024",361000,2024,"2","X",2023,2025,315.564,363332.582297093,12.8030738984629
"4159","21J640066",2024-05-30,"05-2024",230000,2024,"2","X",2023,2025,313.14,233278.054544293,12.3599863881942
"4160","21K110434",2024-07-10,"07-2024",105900,2024,"2","5",2023,2025,313.566,107263.407703641,11.5830428425305
"4161","21K120563",2024-04-15,"04-2024",141000,2024,"2","I",2023,2025,313.016,143066.242620186,11.871063037088
"4162","21K120866",2024-09-09,"09-2024",292000,2024,"2","X",2023,2025,314.851,294552.267580538,12.5932117453773
"4163","21K130115",2024-04-09,"04-2024",357500,2024,"2","X",2023,2025,313.016,362738.877565364,12.8014385088439
"4164","21K130757",2024-01-10,"01-2024",830000,2024,"2","X",2023,2025,309.794,850921.87066244,13.6540755944835
"4165","21K130775",2024-07-30,"07-2024",135000,2024,"2","I",2023,2025,313.566,136738.055146285,11.8258223683616
"4166","21K130876",2024-09-03,"09-2024",310000,2024,"2","X",2023,2025,314.851,312709.599143722,12.6530302405882
"4167","21K131150",2024-06-04,"06-2024",585000,2024,"2","X",2023,2025,313.131,593354.714161166,13.293547668054
"4168","21K131563",2024-09-03,"09-2024",835000,2024,"2","X",2023,2025,314.851,842298.436403251,13.6438896679599
"4169","21K140262",2024-04-29,"04-2024",271200,2024,"2","X",2023,2025,313.016,275174.219848187,12.5251597027761
"4170","21K140749",2024-06-10,"06-2024",325000,2024,"2","X",2023,2025,313.131,329641.507867314,12.7057610031519
"4171","21K141094",2024-02-29,"02-2024",799500,2024,"2","X",2023,2025,311.022,816416.840287825,13.6126803372012
"4172","21K141454",2024-09-24,"09-2024",367500,2024,"2","X",2023,2025,314.851,370712.18608167,12.8231812617619
"4173","21K210493",2024-06-04,"06-2024",105000,2024,"2","I",2023,2025,313.131,106499.564080209,11.5758961709797
"4174","21K210507",2024-03-19,"03-2024",340000,2024,"2","X",2023,2025,312.107,345987.177474392,12.7541569940306
"4175","21K230172",2024-03-20,"03-2024",172500,2024,"2","X",2023,2025,312.107,175537.612100978,12.0756086128918
"4176","21K230462",2024-07-08,"07-2024",280000,2024,"2","I",2023,2025,313.566,283604.855118221,12.5553371930924
"4177","21K231407",2024-06-28,"06-2024",2600000,2024,"2","P",2023,2025,313.131,2637132.06293852,14.7852025448317
"4178","21K231425",2024-09-19,"09-2024",9e+05,2024,"2","X",2023,2025,314.851,907866.578159193,13.7188527064333
"4179","21K320525",2024-06-24,"06-2024",1260000,2024,"2","X",2023,2025,313.131,1277994.76896251,14.0608028207677
"4180","21K330425",2024-01-16,"01-2024",249020,2024,"2","X",2023,2025,309.794,255297.065340194,12.4501831082171
"4181","21K340361",2024-11-04,"11-2024",355000,2024,"2","X",2023,2025,316.449,356294.58459341,12.7835131524703
"4182","21K410572",2024-09-13,"09-2024",287425,2024,"2","X",2023,2025,314.851,289937.279141562,12.5774198997488
"4183","21K411562",2024-01-26,"01-2024",279900,2024,"2","X",2023,2025,309.794,286955.459757129,12.5670822902143
"4184","21K411771",2024-02-16,"02-2024",350000,2024,"2","X",2023,2025,311.022,357405.746217309,12.7866269594106
"4185","21K420164",2024-10-16,"10-2024",433100,2024,"2","4",2023,2025,315.564,435898.452611832,12.9851645883506
"4186","21K420533",2024-03-14,"03-2024",404000,2024,"2","X",2023,2025,312.107,411114.175587218,12.9266262543815
"4187","21K420744",2024-01-16,"01-2024",864352,2024,"2","X",2023,2025,309.794,886139.784037134,13.6946299869365
"4188","21K420900",2024-05-22,"05-2024",660000,2024,"2","X",2023,2025,313.14,669406.591301015,13.4141469142914
"4189","21K421044",2024-07-10,"07-2024",951000,2024,"2","X",2023,2025,313.566,963243.632919386,13.7780616524685
"4190","21K431010",2024-10-17,"10-2024",410000,2024,"2","I",2023,2025,315.564,412649.193190605,12.9303530998283
"4191","21K431076",2024-05-20,"05-2024",682000,2024,"2","X",2023,2025,313.14,691720.144344383,13.4469367371144
"4192","21K431186",2024-01-09,"01-2024",1078860,2024,"2","X",2023,2025,309.794,1106054.90287094,13.9163101007645
"4193","21K431197",2024-01-17,"01-2024",1099000,2024,"2","X",2023,2025,309.794,1126702.57332292,13.9348058480965
"4194","21K440481",2024-02-01,"02-2024",186000,2024,"2","4",2023,2025,311.022,189935.625132627,12.1544404786404
"4195","21K440535",2024-04-25,"04-2024",365000,2024,"2","X",2023,2025,313.016,370348.784087714,12.8222005002923
"4196","21K440948",2024-10-10,"10-2024",259350,2024,"2","I",2023,2025,315.564,261025.776229228,12.4723744409274
"4197","21K441493",2024-09-26,"09-2024",306500,2024,"2","X",2023,2025,314.851,309179.006895325,12.6416756984853
"4198","21K441635",2024-08-15,"08-2024",896000,2024,"2","X",2023,2025,314.131,905903.231454393,13.7166877707714
"4199","21K441671",2024-06-03,"06-2024",578000,2024,"2","X",2023,2025,313.131,586254.743222485,13.2815096894945
"4200","21K511723",2024-07-31,"07-2024",7e+05,2024,"2","X",2023,2025,313.566,709012.137795552,13.4716279249665
"4201","21K520242",2024-04-01,"04-2024",350000,2024,"2","X",2023,2025,313.016,355128.971043014,12.7802363011933
"4202","21K520660",2024-06-12,"06-2024",3e+05,2024,"2","X",2023,2025,313.131,304284.468800598,12.6257182954783
"4203","21K521243",2024-08-28,"08-2024",295600,2024,"2","I",2023,2025,314.131,298867.182162856,12.6077545468706
"4204","21K521243",2024-11-06,"11-2024",340000,2024,"2","X",2023,2025,316.449,341239.883835942,12.7403409806051
"4205","21K521485",2024-05-09,"05-2024",250000,2024,"2","I",2023,2025,313.14,253563.102765536,12.4433679971332
"4206","21K530153",2024-05-13,"05-2024",276000,2024,"2","X",2023,2025,313.14,279933.665453152,12.5423079449881
"4207","21K530274",2024-08-08,"08-2024",277000,2024,"2","X",2023,2025,314.131,280061.601688468,12.5427648639838
"4208","21K530304",2024-05-08,"05-2024",250000,2024,"2","X",2023,2025,313.14,253563.102765536,12.4433679971332
"4209","21K530395",2024-03-29,"03-2024",291263,2024,"2","X",2023,2025,312.107,296391.950802129,12.5994380154973
"4210","21K530494",2024-04-15,"04-2024",276000,2024,"2","X",2023,2025,313.016,280044.560022491,12.542704012427
"4211","21K530551",2024-11-01,"11-2024",280000,2024,"2","X",2023,2025,316.449,281021.08080607,12.5461849661641
"4212","21K530863",2024-01-31,"01-2024",275000,2024,"2","X",2023,2025,309.794,281931.945099001,12.5494209913595
"4213","21K531202",2024-05-23,"05-2024",365000,2024,"2","X",2023,2025,313.14,370202.130037683,12.8218044328534
"4214","21K531312",2024-08-20,"08-2024",240000,2024,"2","4",2023,2025,314.131,242652.651282427,12.3993862811385
"4215","21K531413",2024-05-23,"05-2024",331000,2024,"2","X",2023,2025,313.14,335717.54806157,12.724025454648
"4216","21K531743",2024-09-20,"09-2024",385000,2024,"2","X",2023,2025,314.851,388365.147323655,12.8697012773968
"4217","21K532595",2024-01-16,"01-2024",266000,2024,"2","X",2023,2025,309.794,272705.081441216,12.5161462024746
"4218","21K540020",2024-08-07,"08-2024",525000,2024,"2","X",2023,2025,314.131,530802.674680309,13.1821456203881
"4219","21K540103",2024-05-31,"05-2024",390200,2024,"2","X",2023,2025,313.14,395761.290796449,12.88856650746
"4220","21K540204",2024-05-20,"05-2024",307500,2024,"2","X",2023,2025,313.14,311882.616401609,12.6503821665175
"4221","21K541652",2024-06-05,"06-2024",305000,2024,"2","X",2023,2025,313.131,309355.876613941,12.6422475974296
"4222","21K541780",2024-08-14,"08-2024",425000,2024,"2","X",2023,2025,314.131,429697.403312631,12.9708365267209
"4223","21K610134",2024-06-26,"06-2024",415000,2024,"2","X",2023,2025,313.131,420926.848507494,12.9502143410528
"4224","21K610266",2024-08-07,"08-2024",320000,2024,"2","X",2023,2025,314.131,323536.868376569,12.6870683535903
"4225","21K610943",2024-10-11,"10-2024",415000,2024,"2","X",2023,2025,315.564,417681.500424637,12.9424744603607
"4226","21K611069",2024-04-26,"04-2024",719000,2024,"2","X",2023,2025,313.016,729536.371942648,13.5001645044309
"4227","21K611278",2024-09-03,"09-2024",406000,2024,"2","X",2023,2025,314.851,409548.700814036,12.9228111027107
"4228","21K611612",2024-08-08,"08-2024",250000,2024,"2","X",2023,2025,314.131,252763.178419195,12.4402082756588
"4229","21K620034",2024-07-08,"07-2024",240449,2024,"2","X",2023,2025,313.566,243544.65645829,12.4030555987694
"4230","21K620045",2024-07-08,"07-2024",290000,2024,"2","X",2023,2025,313.566,293733.599943871,12.5904285129036
"4231","21K620056",2024-07-05,"07-2024",280500,2024,"2","X",2023,2025,313.566,284111.292359503,12.5571213148859
"4232","21K630044",2024-01-08,"01-2024",330000,2024,"2","I",2023,2025,309.794,338318.334118802,12.7317425481534
"4233","21K630044",2024-06-10,"06-2024",575000,2024,"2","X",2023,2025,313.131,583211.898534479,13.2763058616195
"4234","21K630583",2024-02-09,"02-2024",310000,2024,"2","X",2023,2025,311.022,316559.375221045,12.6652661024064
"4235","21K630606",2024-07-18,"07-2024",375000,2024,"2","X",2023,2025,313.566,379827.930961903,12.8474736158935
"4236","21K630792",2024-11-13,"11-2024",292000,2024,"2","4",2023,2025,316.449,293064.841412044,12.5881491652632
"4237","21K630918",2024-08-12,"08-2024",340000,2024,"2","X",2023,2025,314.131,343757.922650105,12.7476929754067
"4238","21L110307",2024-09-13,"09-2024",515000,2024,"2","X",2023,2025,314.851,519501.430835538,13.1606248437728
"4239","21L110352",2024-11-25,"11-2024",725000,2024,"2","X",2023,2025,316.449,727643.869944288,13.4975670178496
"4240","21L110361",2024-07-23,"07-2024",8e+05,2024,"2","X",2023,2025,313.566,810299.586052059,13.6051593175911
"4241","21L110701",2024-07-15,"07-2024",540000,2024,"2","X",2023,2025,313.566,546952.22058514,13.2121167294814
"4242","21L111131",2024-07-23,"07-2024",1095000,2024,"2","X",2023,2025,313.566,1109097.55840876,13.9190572321737
"4243","21L120252",2024-08-07,"08-2024",305000,2024,"2","X",2023,2025,314.131,308371.077671417,12.6390591344039
"4244","21L120546",2024-02-06,"02-2024",348100,2024,"2","I",2023,2025,311.022,355465.543594987,12.7811835997446
"4245","21L120647",2024-09-06,"09-2024",7e+05,2024,"2","X",2023,2025,314.851,706118.449679372,13.4675382781524
"4246","21L120702",2024-06-07,"06-2024",889900,2024,"2","X",2023,2025,313.131,902609.16261884,13.713044917685
"4247","21L130345",2024-01-10,"01-2024",1354000,2024,"2","X",2023,2025,309.794,1388130.37696017,14.1434683471651
"4248","21L140171",2024-04-15,"04-2024",1350000,2024,"2","X",2023,2025,313.016,1369783.17402305,14.1301630181423
"4249","21L210012",2024-03-07,"03-2024",253000,2024,"2","X",2023,2025,312.107,257455.164414768,12.4586008651479
"4250","21L211295",2024-05-24,"05-2024",860000,2024,"2","X",2023,2025,313.14,872257.073513444,13.6788394685185
"4251","21L211305",2024-07-17,"07-2024",635500,2024,"2","X",2023,2025,313.566,643681.733670105,13.3749596805526
"4252","21L230362",2024-06-05,"06-2024",485000,2024,"2","X",2023,2025,313.131,491926.5578943,13.1060847117596
"4253","21L230391",2024-01-04,"01-2024",242750,2024,"2","X",2023,2025,309.794,248869.016991937,12.4246820008643
"4254","21L230418",2024-05-29,"05-2024",360000,2024,"2","X",2023,2025,313.14,365130.867982372,12.8080111107211
"4255","21L230537",2024-08-27,"08-2024",3e+05,2024,"2","X",2023,2025,314.131,303315.814103033,12.6225298324527
"4256","21L230638",2024-07-01,"07-2024",420000,2024,"2","X",2023,2025,313.566,425407.282677331,12.9608023012005
"4257","21L230922",2024-10-24,"10-2024",328000,2024,"2","X",2023,2025,315.564,330119.354552484,12.7072095485141
"4258","21L231215",2024-09-06,"09-2024",550000,2024,"2","4",2023,2025,314.851,554807.353319507,13.2263762213355
"4259","21L240152",2024-07-18,"07-2024",465000,2024,"2","X",2023,2025,313.566,470986.634392759,13.0625849955105
"4260","21L240538",2024-02-28,"02-2024",265900,2024,"2","X",2023,2025,311.022,271526.251197664,12.5118141031762
"4261","21L241061",2024-04-05,"04-2024",265000,2024,"2","4",2023,2025,313.016,268883.36378971,12.502032972696
"4262","21L310372",2024-07-03,"07-2024",475000,2024,"2","X",2023,2025,313.566,481115.37921841,13.0838623939578
"4263","21L310718",2024-09-26,"09-2024",165000,2024,"2","I",2023,2025,314.851,166442.205995852,12.0224034170096
"4264","21L311582",2024-06-10,"06-2024",730000,2024,"2","X",2023,2025,313.131,740425.540748122,13.5149803549646
"4265","21L320021",2024-05-17,"05-2024",319450,2024,"2","X",2023,2025,313.14,324002.932713802,12.6885078463193
"4266","21L320184",2024-08-23,"08-2024",401500,2024,"2","X",2023,2025,314.131,405937.664541226,12.9139548911833
"4267","21L320371",2024-07-02,"07-2024",3e+05,2024,"2","X",2023,2025,313.566,303862.344769522,12.6243300645793
"4268","21L320627",2024-01-10,"01-2024",127000,2024,"2","5",2023,2025,309.794,130201.298282084,11.7768369801515
"4269","21L320728",2024-05-31,"05-2024",273000,2024,"2","X",2023,2025,313.14,276890.908219966,12.5313788744559
"4270","21L320856",2024-10-28,"10-2024",257000,2024,"2","X",2023,2025,315.564,258660.591829233,12.4632720250252
"4271","21L321284",2024-01-31,"01-2024",267000,2024,"2","X",2023,2025,309.794,273730.288514303,12.5198985520931
"4272","21L330114",2024-10-02,"10-2024",285000,2024,"2","X",2023,2025,315.564,286841.512339811,12.5666851203986
"4273","21L330206",2024-08-12,"08-2024",353000,2024,"2","X",2023,2025,314.131,356901.607927903,12.7852154147298
"4274","21L330408",2024-04-30,"04-2024",479539,2024,"2","X",2023,2025,313.016,486566.261842845,13.0951283724495
"4275","21L330765",2024-04-19,"04-2024",170000,2024,"2","I",2023,2025,313.016,172491.214506607,12.0581015837601
"4276","21L330866",2024-09-27,"09-2024",262000,2024,"2","X",2023,2025,314.851,264290.048308565,12.4848024468701
"4277","21L330958",2024-07-15,"07-2024",350000,2024,"2","X",2023,2025,313.566,354506.068897776,12.7784807444066
"4278","21L331096",2024-06-28,"06-2024",312500,2024,"2","X",2023,2025,313.131,316962.988333956,12.6665402899986
"4279","21L340380",2024-10-21,"10-2024",3e+05,2024,"2","X",2023,2025,315.564,301938.434041906,12.6179784147862
"4280","21L540452",2024-08-02,"08-2024",1e+06,2024,"2","X",2023,2025,314.131,1011052.71367678,13.8265026367786
"4281","21L620321",2024-02-08,"02-2024",142500,2024,"2","I",2023,2025,311.022,145515.19667419,11.8880358046359
"4282","21L620321",2024-07-09,"07-2024",320000,2024,"2","X",2023,2025,313.566,324119.834420824,12.6888685857169
"4283","21L620963",2024-04-08,"04-2024",185000,2024,"2","X",2023,2025,313.016,187711.027551307,12.1426589717881
"4284","21L621276",2024-08-07,"08-2024",250000,2024,"2","X",2023,2025,314.131,252763.178419195,12.4402082756588
"4285","21L621421",2024-06-14,"06-2024",235000,2024,"2","X",2023,2025,313.131,238356.167227135,12.3815213349663
"4286","21L621430",2024-04-25,"04-2024",235000,2024,"2","X",2023,2025,313.016,238443.737700309,12.381888660854
"4287","21L621496",2024-04-16,"04-2024",160000,2024,"2","X",2023,2025,313.016,162344.672476806,11.9974769619436
"4288","21L630120",2024-06-20,"06-2024",1497500,2024,"2","X",2023,2025,313.131,1518886.64009632,14.2334881508117
"4289","21L630197",2024-07-03,"07-2024",1476000,2024,"2","4",2023,2025,313.566,1495002.73626605,14.2176385950835
"4290","21L640570",2024-04-17,"04-2024",880000,2024,"2","X",2023,2025,313.016,892895.698622435,13.7022250541821
"4291","21L640745",2024-07-19,"07-2024",450000,2024,"2","X",2023,2025,313.566,455793.517154283,13.0297951726875
"4292","21L640873",2024-07-24,"07-2024",480000,2024,"2","X",2023,2025,313.566,486179.751631236,13.0943336938251
"4293","21M320105",2024-05-21,"05-2024",475000,2024,"2","I",2023,2025,313.14,481769.895254519,13.0852218833056
"4294","21M330193",2024-02-14,"02-2024",1850000,2024,"1","X",2023,2025,311.022,1889144.65857721,14.4516347229996
"4295","21M440061",2024-08-19,"08-2024",1625000,2024,"2","X",2023,2025,314.131,1642960.65972476,14.3120104525603
"4296","21N110033",2024-04-18,"04-2024",960000,2024,"2","X",2023,2025,313.016,974068.034860838,13.7892364311717
"4297","21N110042",2024-06-24,"06-2024",555000,2024,"2","X",2023,2025,313.131,562926.267281106,13.2409039345686
"4298","21N120180",2024-02-06,"02-2024",595000,2024,"2","X",2023,2025,311.022,607589.768569426,13.3172552104728
"4299","21N120245",2024-03-01,"03-2024",1300000,2024,"2","X",2023,2025,312.107,1322892.14916679,14.09533091987
"4300","21N120272",2024-10-15,"10-2024",975000,2024,"2","X",2023,2025,315.564,981299.910636194,13.7966334111278
"4301","21N120447",2024-02-29,"02-2024",1315000,2024,"2","X",2023,2025,311.022,1342824.44650218,14.1102857495391
"4302","21N140054",2024-09-18,"09-2024",585000,2024,"2","X",2023,2025,314.851,590113.275803475,13.2880697903409
"4303","21N140063",2024-09-11,"09-2024",580000,2024,"2","X",2023,2025,314.851,585069.57259148,13.2794860466495
"4304","21N140100",2024-08-01,"08-2024",705000,2024,"2","I",2023,2025,314.131,712792.163142129,13.4769451606088
"4305","21N210083",2024-11-19,"11-2024",1673869,2024,"2","X",2023,2025,316.449,1679973.12681348,14.3342883553071
"4306","21N210308",2024-05-24,"05-2024",825000,2024,"2","X",2023,2025,313.14,836758.239126269,13.6372904656056
"4307","21N210335",2024-09-05,"09-2024",1100000,2024,"2","X",2023,2025,314.851,1109614.70663901,13.9195234018955
"4308","21N210610",2024-05-24,"05-2024",920000,2024,"2","X",2023,2025,313.14,933112.218177173,13.746280749314
"4309","21N220051",2024-01-09,"01-2024",942000,2024,"2","X",2023,2025,309.794,965745.062848215,13.7806551682692
"4310","21N230236",2024-07-01,"07-2024",630000,2024,"2","X",2023,2025,313.566,638110.924015997,13.3662674093087
"4311","21N230281",2024-08-12,"08-2024",685000,2024,"2","X",2023,2025,314.131,692571.108868593,13.4481661960587
"4312","21N410360",2024-08-12,"08-2024",1772000,2024,"2","X",2023,2025,314.131,1791585.40863525,14.3986114889615
"4313","21N420251",2024-07-25,"07-2024",1600000,2024,"2","X",2023,2025,313.566,1620599.17210412,14.298306498151
"4314","21N430072",2024-09-30,"09-2024",1450000,2024,"2","X",2023,2025,314.851,1462673.9314787,14.1957767785236
"4315","21N440602",2024-03-29,"03-2024",401000,2024,"2","X",2023,2025,312.107,408061.34755068,12.9191728037269
"4316","21N440831",2024-06-26,"06-2024",1e+06,2024,"2","X",2023,2025,313.131,1014281.56266866,13.8296910998043
"4317","21N510064",2024-01-11,"01-2024",662500,2024,"2","X",2023,2025,309.794,679199.685920321,13.4286704515533
"4318","21N510075",2024-02-28,"02-2024",540000,2024,"2","X",2023,2025,311.022,551426.008449563,13.2202629444855
"4319","21N540160",2024-01-11,"01-2024",3e+06,2024,"2","X",2023,2025,309.794,3075621.21926183,14.9390174613431
"4320","21N610010",2024-04-08,"04-2024",7e+05,2024,"2","I",2023,2025,313.016,710257.942086028,13.4733834817532
"4321","21N620121",2024-05-28,"05-2024",2400000,2024,"2","X",2023,2025,313.14,2434205.78654915,14.705131095607
"4322","21N630283",2024-03-19,"03-2024",1195000,2024,"2","X",2023,2025,312.107,1216043.16788794,14.011112840786
"4323","21N640040",2024-06-18,"06-2024",1552000,2024,"2","X",2023,2025,313.131,1574164.98526176,14.2692355215653
"4324","21N640040",2024-09-13,"09-2024",1552000,2024,"2","4",2023,2025,314.851,1565565.47700341,14.2637576438522
"4325","21N640105",2024-05-08,"05-2024",3525000,2024,"2","X",2023,2025,313.14,3575239.74899406,15.0895427945173
"4326","21O110355",2024-04-16,"04-2024",1773881,2024,"2","I",2023,2025,313.016,1799875.81223644,14.4032282272843
"4327","21O110355",2024-10-30,"10-2024",2500000,2024,"2","X",2023,2025,315.564,2516153.61701588,14.7382419509863
"4328","21O120071",2024-04-17,"04-2024",1050000,2024,"2","X",2023,2025,313.016,1065386.91312904,13.8788485898614
"4329","21O120347",2024-08-05,"08-2024",1260000,2024,"2","X",2023,2025,314.131,1273926.41923274,14.057614357742
"4330","21O130164",2024-08-01,"08-2024",2200000,2024,"2","X",2023,2025,314.131,2224315.97008891,14.6149599971429
"4331","21O230062",2024-09-05,"09-2024",3250000,2024,"2","X",2023,2025,314.851,3278407.08779708,15.0028682184328
"4332","21O320271",2024-06-13,"06-2024",920000,2024,"2","X",2023,2025,313.131,933139.037655167,13.7463094908652
"4333","21O330191",2024-03-26,"03-2024",550000,2024,"2","X",2023,2025,312.107,559685.140032104,13.2351296546469
"4334","21O410022",2024-07-29,"07-2024",2050000,2024,"2","X",2023,2025,313.566,2076392.6892584,14.5461426620556
"4335","21O630150",2024-07-01,"07-2024",1575000,2024,"2","X",2023,2025,313.566,1595277.31003999,14.2825581411829
"4336","21O640133",2024-07-30,"07-2024",1500000,2024,"2","X",2023,2025,313.566,1519311.72384761,14.2337679770134
"4337","21P140120",2024-06-12,"06-2024",975000,2024,"2","X",2023,2025,313.131,988924.523601943,13.80437329182
"4338","21P210245",2024-04-04,"04-2024",839900,2024,"2","X",2023,2025,313.016,852208.065082935,13.6555859838414
"4339","21P210254",2024-03-20,"03-2024",965000,2024,"2","X",2023,2025,312.107,981993.018419965,13.7973394777594
"4340","21P230302",2024-05-16,"05-2024",975000,2024,"2","X",2023,2025,313.14,988896.100785591,13.8043445502688
"4341","21P440109",2024-04-03,"04-2024",3300000,2024,"2","X",2023,2025,313.016,3348358.86983413,15.0239808941644
"4342","21P440136",2024-03-15,"03-2024",2e+06,2024,"2","X",2023,2025,312.107,2035218.69102583,14.5261138359625
"4343","21P510022",2024-06-17,"06-2024",1075000,2024,"2","X",2023,2025,313.131,1090352.67986881,13.9020117613839
"4344","21P520061",2024-08-06,"08-2024",780000,2024,"2","X",2023,2025,314.131,788621.116667887,13.5780412774801
"4345","21P520124",2024-09-04,"09-2024",686000,2024,"2","X",2023,2025,314.851,691996.080685785,13.4473355708349
"4346","21P540126",2024-11-01,"11-2024",799900,2024,"2","X",2023,2025,316.449,802817.009059912,13.5958820828497
"4347","21P540180",2024-07-18,"07-2024",1335000,2024,"2","X",2023,2025,313.566,1352187.43422437,14.1172341607575
"4348","21P610131",2024-10-01,"10-2024",865000,2024,"2","X",2023,2025,315.564,870589.151487495,13.6769254470619
"4349","21P620051",2024-06-20,"06-2024",995000,2024,"2","X",2023,2025,313.131,1009210.15485532,13.8246785579807
"4350","21P640051",2024-11-06,"11-2024",1195000,2024,"2","X",2023,2025,316.449,1199357.82701162,13.9972968273605
"4351","21Q110081",2024-06-20,"06-2024",509000,2024,"2","X",2023,2025,313.131,516269.315398348,13.1543838373727
"4352","21Q110504",2024-08-30,"08-2024",5e+05,2024,"2","X",2023,2025,314.131,505526.356838389,13.1333554562187
"4353","21Q110540",2024-07-30,"07-2024",397000,2024,"2","X",2023,2025,313.566,402111.169578334,12.9044838706103
"4354","21Q130304",2024-04-30,"04-2024",591000,2024,"2","X",2023,2025,313.016,599660.633961203,13.3041191641159
"4355","21Q130496",2024-08-30,"08-2024",357125,2024,"2","I",2023,2025,314.131,361072.200371819,12.7968332183474
"4356","21Q130854",2024-07-31,"07-2024",450250,2024,"2","X",2023,2025,313.566,456046.735774925,13.0303505739792
"4357","21Q140103",2024-04-30,"04-2024",261000,2024,"2","I",2023,2025,313.016,264824.74697779,12.4868235540325
"4358","21Q140167",2024-08-13,"08-2024",370000,2024,"2","I",2023,2025,314.131,374089.504060408,12.8322503634348
"4359","21Q140378",2024-09-25,"09-2024",435000,2024,"2","X",2023,2025,314.851,438802.17944361,12.9918039741977
"4360","21Q140387",2024-07-10,"07-2024",370000,2024,"2","X",2023,2025,313.566,374763.558549077,12.8340505955614
"4361","21Q140626",2024-01-17,"01-2024",451000,2024,"2","X",2023,2025,309.794,462368.389962362,13.0441172331956
"4362","21Q140800",2024-04-22,"04-2024",570000,2024,"2","X",2023,2025,313.016,578352.895698622,13.2679395075384
"4363","21Q210448",2024-03-08,"03-2024",410000,2024,"2","X",2023,2025,312.107,417219.831660296,12.9413685361187
"4364","21Q220384",2024-02-20,"02-2024",260000,2024,"2","I",2023,2025,311.022,265501.411475716,12.4893754359427
"4365","21Q220650",2024-11-06,"11-2024",4e+05,2024,"2","X",2023,2025,316.449,401458.686865814,12.9028599101029
"4366","21Q220760",2024-06-25,"06-2024",475000,2024,"2","X",2023,2025,313.131,481783.742267613,13.0852506248568
"4367","21Q230156",2024-07-12,"07-2024",435000,2024,"2","X",2023,2025,313.566,440600.399915807,12.9958936210118
"4368","21Q230192",2024-04-04,"04-2024",540000,2024,"2","X",2023,2025,313.016,547913.269609221,13.2138722862681
"4369","21Q230293",2024-07-16,"07-2024",351900,2024,"2","X",2023,2025,313.566,356430.53041465,12.7838946342507
"4370","21Q240285",2024-09-27,"09-2024",353000,2024,"2","I",2023,2025,314.851,356085.446766883,12.7829260000423
"4371","21Q240304",2024-07-29,"07-2024",325000,2024,"2","I",2023,2025,313.566,329184.206833649,12.7043727722529
"4372","21Q310364",2024-02-27,"02-2024",399900,2024,"2","X",2023,2025,311.022,408361.594035149,12.91990832078
"4373","21Q310676",2024-11-07,"11-2024",382500,2024,"2","X",2023,2025,316.449,383894.869315435,12.8581240162615
"4374","21Q330238",2024-06-11,"06-2024",565000,2024,"2","X",2023,2025,313.131,573069.082907793,13.2587615519686
"4375","21Q330494",2024-04-04,"04-2024",480000,2024,"2","X",2023,2025,313.016,487034.017430419,13.0960892506117
"4376","21Q330504",2024-07-03,"07-2024",650000,2024,"2","X",2023,2025,313.566,658368.413667298,13.3975199528128
"4377","21Q410675",2024-05-15,"05-2024",460000,2024,"2","X",2023,2025,313.14,466556.109088587,13.0531335687541
"4378","21Q440027",2024-08-20,"08-2024",390000,2024,"2","X",2023,2025,314.131,394310.558333943,12.8848940969202
"4379","21Q510665",2024-06-14,"06-2024",635000,2024,"2","X",2023,2025,313.131,644068.792294599,13.3755608197148
"4380","21Q521050",2024-06-18,"06-2024",675000,2024,"2","X",2023,2025,313.131,684640.054801345,13.4366485116947
"4381","21Q530429",2024-06-17,"06-2024",950000,2024,"2","4",2023,2025,313.131,963567.484535227,13.7783978054167
"4382","21Q540118",2024-06-24,"06-2024",525000,2024,"2","X",2023,2025,313.131,532497.820401046,13.1853340834138
"4383","21R110248",2024-08-27,"08-2024",620000,2024,"2","X",2023,2025,314.131,626852.682479603,13.3484668358356
"4384","21R110330",2024-01-05,"01-2024",430000,2024,"2","X",2023,2025,309.794,440839.041427529,12.9964351023805
"4385","21R110596",2024-11-06,"11-2024",5e+05,2024,"2","X",2023,2025,316.449,501823.358582268,13.1260034614171
"4386","21R120111",2024-04-16,"04-2024",352500,2024,"2","X",2023,2025,313.016,357665.606550464,12.7873537689621
"4387","21R120193",2024-02-15,"02-2024",4e+05,2024,"2","X",2023,2025,311.022,408463.709962639,12.9201583520352
"4388","21R120469",2024-01-05,"01-2024",378000,2024,"2","I",2023,2025,309.794,387528.273626991,12.8675440893125
"4389","21R210027",2024-03-05,"03-2024",402500,2024,"2","X",2023,2025,312.107,409587.761568949,12.922906473279
"4390","21R220183",2024-10-04,"10-2024",425000,2024,"2","X",2023,2025,315.564,427746.1148927,12.9662851090544
"4391","21R230515",2024-10-29,"10-2024",394000,2024,"2","X",2023,2025,315.564,396545.810041703,12.8905468494279
"4392","21R310741",2024-09-27,"09-2024",412000,2024,"2","X",2023,2025,314.851,415601.14466843,12.9374812924585
"4393","21R320210",2024-11-08,"11-2024",425000,2024,"2","X",2023,2025,316.449,426549.854794927,12.9634845319193
"4394","21R320348",2024-08-23,"08-2024",350000,2024,"2","X",2023,2025,314.131,353868.449786872,12.77668051228
"4395","21R320706",2024-08-08,"08-2024",430000,2024,"2","X",2023,2025,314.131,434752.666881015,12.9825325664841
"4396","21R320733",2024-09-10,"09-2024",348000,2024,"2","I",2023,2025,314.851,351041.743554888,12.7686604228835
"4397","21R330578",2024-09-05,"09-2024",565000,2024,"2","X",2023,2025,314.851,569938.462955493,13.2532836742555
"4398","21R340047",2024-05-10,"05-2024",445000,2024,"2","X",2023,2025,313.14,451342.322922654,13.0199813614372
"4399","21R340322",2024-08-07,"08-2024",595000,2024,"2","X",2023,2025,314.131,601576.364637683,13.3073087633421
"4400","21R340634",2024-05-10,"05-2024",530000,2024,"2","X",2023,2025,313.14,537553.777862937,13.1947840858171
"4401","21R410236",2024-08-12,"08-2024",505000,2024,"2","X",2023,2025,314.131,510581.620406773,13.1433057870719
"4402","21R420053",2024-06-14,"06-2024",510000,2024,"2","X",2023,2025,313.131,517283.596961016,13.1563465465405
"4403","21R420200",2024-07-01,"07-2024",390000,2024,"2","X",2023,2025,313.566,395021.048200379,12.8866943290468
"4404","21R430155",2024-05-02,"05-2024",450000,2024,"2","X",2023,2025,313.14,456413.584977965,13.0311546620353
"4405","21R430292",2024-01-25,"01-2024",355000,2024,"2","I",2023,2025,309.794,363948.510945984,12.8047676831683
"4406","21R430504",2024-10-18,"10-2024",410000,2024,"2","X",2023,2025,315.564,412649.193190605,12.9303530998283
"4407","21R430908",2024-11-06,"11-2024",330000,2024,"2","X",2023,2025,316.449,331203.416664297,12.7104880174554
"4408","21R431062",2024-04-03,"04-2024",3e+05,2024,"2","I",2023,2025,313.016,304396.260894012,12.626085621366
"4409","21R431062",2024-09-19,"09-2024",465000,2024,"2","X",2023,2025,314.851,469064.398715583,13.0584953486964
"4410","21R431154",2024-11-04,"11-2024",350000,2024,"2","X",2023,2025,316.449,351276.351007587,12.7693285174784
"4411","21R431181",2024-03-22,"03-2024",220850,2024,"2","X",2023,2025,312.107,224739.023956528,12.3226951144629
"4412","21R431255",2024-09-11,"09-2024",299900,2024,"2","X",2023,2025,314.851,302521.318655491,12.619907028864
"4413","21R431613",2024-04-17,"04-2024",477900,2024,"2","X",2023,2025,313.016,484903.243604161,13.0917046522939
"4414","21R431668",2024-04-09,"04-2024",330000,2024,"2","X",2023,2025,313.016,334835.886983413,12.7213958011703
"4415","21R431732",2024-07-08,"07-2024",350000,2024,"2","X",2023,2025,313.566,354506.068897776,12.7784807444066
"4416","21R431824",2024-11-25,"11-2024",238000,2024,"2","X",2023,2025,316.449,238867.918685159,12.3836660366664
"4417","21R432070",2024-08-06,"08-2024",235000,2024,"2","X",2023,2025,314.131,237597.387714043,12.3783328719407
"4418","21R432162",2024-05-07,"05-2024",210000,2024,"2","X",2023,2025,313.14,212993.00632305,12.2690146099884
"4419","21R440385",2024-11-14,"11-2024",340000,2024,"2","X",2023,2025,316.449,341239.883835942,12.7403409806051
"4420","21R440927",2024-06-10,"06-2024",340000,2024,"2","X",2023,2025,313.131,344855.731307344,12.7508814384323
"4421","21R441027",2024-09-11,"09-2024",250000,2024,"2","X",2023,2025,314.851,252185.160599776,12.4379188609713
"4422","21R441045",2024-08-26,"08-2024",265000,2024,"2","X",2023,2025,314.131,267928.969124346,12.4984771837827
"4423","21R441128",2024-07-30,"07-2024",374900,2024,"2","X",2023,2025,313.566,379726.643513646,12.847206913665
"4424","21R441210",2024-11-06,"11-2024",4e+05,2024,"2","X",2023,2025,316.449,401458.686865814,12.9028599101029
"4425","21R510051",2024-07-12,"07-2024",430000,2024,"2","X",2023,2025,313.566,435536.027502982,12.9843327986107
"4426","21R520263",2024-04-29,"04-2024",472500,2024,"2","X",2023,2025,313.016,479424.110908069,13.0803408936436
"4427","21R520290",2024-07-29,"07-2024",240000,2024,"2","I",2023,2025,313.566,243089.875815618,12.4011865132651
"4428","21R530200",2024-01-10,"01-2024",368000,2024,"2","X",2023,2025,309.794,377276.202896118,12.8407328318618
"4429","21R530282",2024-01-11,"01-2024",340000,2024,"2","X",2023,2025,309.794,348570.404849674,12.7615955113031
"4430","21R530383",2024-11-19,"11-2024",235000,2024,"2","I",2023,2025,316.449,235856.978533666,12.3709808771391
"4431","21R540045",2024-03-07,"03-2024",565000,2024,"2","X",2023,2025,312.107,574949.280214798,13.2620371075668
"4432","21R540320",2024-08-27,"08-2024",415000,2024,"2","X",2023,2025,314.131,419586.876175863,12.9470258780272
"4433","21R540632",2024-11-06,"11-2024",550875,2024,"2","X",2023,2025,316.449,552883.885318013,13.222903286157
"4434","21R540650",2024-07-01,"07-2024",750000,2024,"2","X",2023,2025,313.566,759655.861923806,13.5406207964535
"4435","21R610023",2024-05-28,"05-2024",352000,2024,"2","X",2023,2025,313.14,357016.848693875,12.7855382548691
"4436","21R610032",2024-09-06,"09-2024",374900,2024,"2","X",2023,2025,314.851,378176.866835424,12.8431172668509
"4437","21R610335",2024-01-25,"01-2024",420000,2024,"2","X",2023,2025,309.794,430586.970696657,12.9729046049703
"4438","21R620015",2024-08-27,"08-2024",350000,2024,"2","X",2023,2025,314.131,353868.449786872,12.77668051228
"4439","21R620336",2024-03-13,"03-2024",331000,2024,"2","I",2023,2025,312.107,336828.693364776,12.7273297517974
"4440","21R620501",2024-04-26,"04-2024",365000,2024,"2","X",2023,2025,313.016,370348.784087714,12.8222005002923
"4441","21R620767",2024-11-15,"11-2024",522500,2024,"2","X",2023,2025,316.449,524405.40971847,13.1700203468339
"4442","21R640521",2024-09-09,"09-2024",1099000,2024,"2","X",2023,2025,314.851,1108605.96599661,13.9186138975126
"4443","21S110184",2024-05-30,"05-2024",810000,2024,"2","X",2023,2025,313.14,821544.452960337,13.6189413269374
"4444","21S110993",2024-07-02,"07-2024",240000,2024,"2","X",2023,2025,313.566,243089.875815618,12.4011865132651
"4445","21S111262",2024-03-14,"03-2024",280000,2024,"2","X",2023,2025,312.107,284930.616743617,12.5600009795896
"4446","21S111295",2024-10-22,"10-2024",275000,2024,"2","X",2023,2025,315.564,276776.897871747,12.5309670377966
"4447","21S111471",2024-08-02,"08-2024",210000,2024,"2","X",2023,2025,314.131,212321.069872123,12.265854888514
"4448","21S120224",2024-02-02,"02-2024",424900,2024,"2","X",2023,2025,311.022,433890.575907814,12.980547652048
"4449","21S120392",2024-10-17,"10-2024",440000,2024,"2","X",2023,2025,315.564,442843.036594795,13.0009706670423
"4450","21S130041",2024-10-21,"10-2024",795000,2024,"2","I",2023,2025,315.564,800136.850211051,13.5925380547843
"4451","21S130050",2024-06-17,"06-2024",975000,2024,"2","X",2023,2025,313.131,988924.523601943,13.80437329182
"4452","21S130072",2024-10-09,"10-2024",680000,2024,"2","X",2023,2025,315.564,684393.78382832,13.4362887383001
"4453","21S130463",2024-03-11,"03-2024",210000,2024,"2","X",2023,2025,312.107,213697.962557713,12.2723189071378
"4454","21S130519",2024-07-03,"07-2024",215000,2024,"2","X",2023,2025,313.566,217768.013751491,12.2911856180508
"4455","21S130528",2024-04-30,"04-2024",190000,2024,"2","X",2023,2025,313.016,192784.298566207,12.1693272188703
"4456","21S210011",2024-08-15,"08-2024",370000,2024,"2","X",2023,2025,314.131,374089.504060408,12.8322503634348
"4457","21S210213",2024-03-14,"03-2024",280000,2024,"2","I",2023,2025,312.107,284930.616743617,12.5600009795896
"4458","21S210213",2024-08-20,"08-2024",596500,2024,"2","X",2023,2025,314.131,603092.943708198,13.3098265993345
"4459","21S220737",2024-05-15,"05-2024",447500,2024,"2","X",2023,2025,313.14,453877.95395031,13.0255836169859
"4460","21S240207",2024-11-04,"11-2024",871500,2024,"2","X",2023,2025,316.449,874678.114008892,13.681611227955
"4461","21S310010",2024-01-16,"01-2024",435000,2024,"2","X",2023,2025,309.794,445965.076792966,13.0079959247816
"4462","21S310142",2024-03-29,"03-2024",3e+05,2024,"2","I",2023,2025,312.107,305282.803653875,12.6289938510766
"4463","21S310142",2024-10-24,"10-2024",526000,2024,"2","X",2023,2025,315.564,529398.721020142,13.1794971528677
"4464","21S320213",2024-03-08,"03-2024",549500,2024,"2","X",2023,2025,312.107,559176.335359348,13.234220150264
"4465","21S410088",2024-11-19,"11-2024",1100000,2024,"1","X",2023,2025,316.449,1104011.38888099,13.9144608217814
"4466","21S410473",2024-09-09,"09-2024",635000,2024,"2","X",2023,2025,314.851,640550.30792343,13.3700829420017
"4467","21S410572",2024-02-05,"02-2024",757000,2024,"2","X",2023,2025,311.022,773017.571104295,13.5580570583646
"4468","21S430415",2024-05-10,"05-2024",614000,2024,"2","X",2023,2025,313.14,622750.980392157,13.3419020074181
"4469","21S430828",2024-06-24,"06-2024",780000,2024,"2","X",2023,2025,313.131,791139.618881555,13.5812297405058
"4470","21S430938",2024-01-05,"01-2024",680000,2024,"2","X",2023,2025,309.794,697140.809699349,13.454742691863
"4471","21S431054",2024-07-26,"07-2024",778900,2024,"2","X",2023,2025,313.566,788927.934469936,13.578430257849
"4472","21S431241",2024-08-02,"08-2024",823000,2024,"2","X",2023,2025,314.131,832096.383355988,13.6317035584736
"4473","21S510012",2024-10-11,"10-2024",1190000,2024,"2","X",2023,2025,315.564,1197689.12169956,13.9959045262356
"4474","21S520099",2024-06-10,"06-2024",450000,2024,"2","I",2023,2025,313.131,456426.703200897,13.0311834035865
"4475","21S540295",2024-09-27,"09-2024",560000,2024,"2","X",2023,2025,314.851,564894.759743498,13.2443947268382
"4476","21S540471",2024-08-07,"08-2024",699000,2024,"2","X",2023,2025,314.131,706725.846860068,13.4683981000303
"4477","21S620302",2024-04-04,"04-2024",575500,2024,"2","X",2023,2025,313.016,583933.493815013,13.2775423748717
"4478","21S620320",2024-10-18,"10-2024",625000,2024,"2","X",2023,2025,315.564,629038.404253971,13.3519475898664
"4479","21S630110",2024-06-21,"06-2024",560000,2024,"2","X",2023,2025,313.131,567997.675094449,13.2498726045513
"4480","21S640405",2024-06-28,"06-2024",701000,2024,"2","X",2023,2025,313.131,711011.37543073,13.4744437078567
"4481","21T120094",2024-06-04,"06-2024",861000,2024,"2","X",2023,2025,313.131,873296.425457716,13.6800303252499
"4482","21T130235",2024-10-31,"10-2024",1229000,2024,"2","X",2023,2025,315.564,1236941.11812501,14.028152049696
"4483","21T140162",2024-09-19,"09-2024",950000,2024,"2","X",2023,2025,314.851,958303.610279148,13.7729199277036
"4484","21T220392",2024-11-04,"11-2024",725000,2024,"2","X",2023,2025,316.449,727643.869944288,13.4975670178496
"4485","21T230391",2024-08-22,"08-2024",580000,2024,"2","X",2023,2025,314.131,586410.573932531,13.281775461337
"4486","21T240192",2024-09-11,"09-2024",945000,2024,"2","X",2023,2025,314.851,953259.907067152,13.7676428706028
"4487","21T310273",2024-06-18,"06-2024",450000,2024,"2","I",2023,2025,313.131,456426.703200897,13.0311834035865
"4488","21T320508",2024-09-13,"09-2024",340000,2024,"2","I",2023,2025,314.851,342971.818415695,12.7454035607192
"4489","21T320553",2024-09-24,"09-2024",375000,2024,"2","I",2023,2025,314.851,378277.740899664,12.8433839690794
"4490","21T320847",2024-02-08,"02-2024",7e+05,2024,"2","X",2023,2025,311.022,714811.492434619,13.4797741399706
"4491","21T340142",2024-11-20,"11-2024",265000,2024,"2","I",2023,2025,316.449,265966.380048602,12.4911251889811
"4492","21T340674",2024-06-21,"06-2024",475000,2024,"2","X",2023,2025,313.131,481783.742267613,13.0852506248568
"4493","21T520331",2024-04-19,"04-2024",475000,2024,"2","4",2023,2025,313.016,481960.746415519,13.0856179507445
"4494","21T540535",2024-02-29,"02-2024",454500,2024,"2","X",2023,2025,311.022,464116.890445049,13.0478917185447
"4495","21T540618",2024-08-21,"08-2024",5e+05,2024,"2","X",2023,2025,314.131,505526.356838389,13.1333554562187
"4496","21T610089",2024-10-21,"10-2024",512000,2024,"2","X",2023,2025,315.564,515308.260764853,13.1525205651695
"4497","21T610320",2024-08-19,"08-2024",567000,2024,"2","X",2023,2025,314.131,573266.888654733,13.2591066615243
"4498","21T610353",2024-09-16,"09-2024",320000,2024,"2","I",2023,2025,314.851,322797.005567713,12.6847789389028
"4499","21T610412",2024-05-31,"05-2024",615000,2024,"2","X",2023,2025,313.14,623765.232803219,13.3435293470775
"4500","21T610632",2024-09-05,"09-2024",410000,2024,"2","X",2023,2025,314.851,413583.663383632,12.9326151028074
"4501","21T610661",2024-03-19,"03-2024",578000,2024,"2","X",2023,2025,312.107,588178.201706466,13.2847852450928
"4502","21T610760",2024-10-16,"10-2024",452000,2024,"2","X",2023,2025,315.564,454920.573956472,13.0278781199622
"4503","21T610870",2024-06-13,"06-2024",576000,2024,"2","X",2023,2025,313.131,584226.180097148,13.278043481518
"4504","21T611101",2024-08-01,"08-2024",605000,2024,"2","X",2023,2025,314.131,611686.891774451,13.3239758158274
"4505","21T620321",2024-03-21,"03-2024",417000,2024,"2","X",2023,2025,312.107,424343.097078886,12.9582975982192
"4506","21T620660",2024-05-31,"05-2024",652000,2024,"2","X",2023,2025,313.14,661292.572012518,13.4019516411976
"4507","21T620844",2024-07-05,"07-2024",3e+05,2024,"2","4",2023,2025,313.566,303862.344769522,12.6243300645793
"4508","21T630625",2024-04-12,"04-2024",650000,2024,"2","X",2023,2025,313.016,659525.231937026,13.3992755095995
"4509","21T630643",2024-08-20,"08-2024",909000,2024,"2","X",2023,2025,314.131,919046.916732191,13.731092451974
"4510","21U110061",2024-02-15,"02-2024",625000,2024,"2","X",2023,2025,311.022,638224.546816624,13.3664454546636
"4511","21U110418",2024-02-07,"02-2024",360000,2024,"2","I",2023,2025,311.022,367617.338966375,12.8147978363773
"4512","21U110418",2024-08-06,"08-2024",599000,2024,"2","X",2023,2025,314.131,605620.57549239,13.314008955912
"4513","21U130373",2024-05-06,"05-2024",475000,2024,"2","X",2023,2025,313.14,481769.895254519,13.0852218833056
"4514","21U130447",2024-07-29,"07-2024",48400,2024,"2","5",2023,2025,313.566,49023.1249561496,10.8000474036457
"4515","21U130474",2024-01-03,"01-2024",535000,2024,"2","X",2023,2025,309.794,548485.784101694,13.2149166405889
"4516","21U210161",2024-01-08,"01-2024",725000,2024,"2","X",2023,2025,309.794,743275.127988276,13.5188215485476
"4517","21U220225",2024-08-01,"08-2024",959000,2024,"2","X",2023,2025,314.131,969599.55241603,13.7846384326799
"4518","21U230318",2024-08-29,"08-2024",855000,2024,"2","X",2023,2025,314.131,864450.070193645,13.6698488267333
"4519","21U230381",2024-08-08,"08-2024",1149000,2024,"2","X",2023,2025,314.131,1161699.56801462,13.9653946356453
"4520","21U240126",2024-05-14,"05-2024",565000,2024,"2","X",2023,2025,313.14,573052.612250112,13.2587328104174
"4521","21U240153",2024-08-01,"08-2024",715000,2024,"2","X",2023,2025,314.131,722902.690278896,13.4910299004905
"4522","21U310021",2024-06-25,"06-2024",779000,2024,"2","X",2023,2025,313.131,790125.337318886,13.5799468666929
"4523","21U340082",2024-02-06,"02-2024",1055000,2024,"2","X",2023,2025,311.022,1077323.03502646,13.8899898508374
"4524","21U420241",2024-09-20,"09-2024",560000,2024,"2","X",2023,2025,314.851,564894.759743498,13.2443947268382
"4525","21U510175",2024-04-12,"04-2024",313100,2024,"2","5",2023,2025,313.016,317688.23095305,12.6688257750422
"4526","21U510230",2024-10-28,"10-2024",549900,2024,"2","X",2023,2025,315.564,553453.149598813,13.2239323836437
"4527","21U520075",2024-10-25,"10-2024",539900,2024,"2","X",2023,2025,315.564,543388.53513075,13.2055798773542
"4528","21U520152",2024-08-05,"08-2024",775000,2024,"2","X",2023,2025,314.131,783565.853099503,13.5716103871499
"4529","21U520240",2024-06-10,"06-2024",702000,2024,"2","X",2023,2025,313.131,712025.656993399,13.475869224848
"4530","21U620153",2024-01-11,"01-2024",830000,2024,"2","X",2023,2025,309.794,850921.87066244,13.6540755944835
"4531","21U620197",2024-06-12,"06-2024",705500,2024,"2","X",2023,2025,313.131,715575.642462739,13.480842592115
"4532","21U620203",2024-08-09,"08-2024",655000,2024,"2","X",2023,2025,314.131,662239.52745829,13.4033825934318
"4533","21U630064",2024-11-25,"11-2024",605000,2024,"2","X",2023,2025,316.449,607206.263884544,13.3166238210257
"4534","21V120126",2024-09-06,"09-2024",635000,2024,"2","X",2023,2025,314.851,640550.30792343,13.3700829420017
"4535","21V120191",2024-08-08,"08-2024",690000,2024,"2","X",2023,2025,314.131,697626.372436977,13.4554389553878
"4536","21V140311",2024-07-10,"07-2024",855000,2024,"2","X",2023,2025,313.566,866007.682593138,13.6716490588599
"4537","21V140384",2024-07-01,"07-2024",8e+05,2024,"2","X",2023,2025,313.566,810299.586052059,13.6051593175911
"4538","21V220235",2024-09-16,"09-2024",1275000,2024,"2","X",2023,2025,314.851,1286144.31905886,14.0671594007015
"4539","21V340052",2024-06-05,"06-2024",640000,2024,"2","X",2023,2025,313.131,649140.200107942,13.3834039971759
"4540","21V340070",2024-01-02,"01-2024",536000,2024,"2","X",2023,2025,309.794,549510.991174781,13.2167840547637
"4541","21V410214",2024-06-04,"06-2024",820000,2024,"2","X",2023,2025,313.131,831710.881388301,13.6312401610804
"4542","21V420105",2024-05-24,"05-2024",8e+05,2024,"2","X",2023,2025,313.14,811401.928849716,13.6065188069389
"4543","21V510130",2024-08-27,"08-2024",895900,2024,"2","X",2023,2025,314.131,905802.126183026,13.7165761574
"4544","21W620492",2024-07-12,"07-2024",625000,2024,"2","X",2023,2025,313.566,633046.551603171,13.3582992396595
"4545","21W630150",2024-04-30,"04-2024",827000,2024,"2","X",2023,2025,313.016,839119.025864493,13.6401078417335
"4546","21W640182",2024-05-17,"05-2024",793000,2024,"2","X",2023,2025,313.14,804302.161972281,13.5977303009058
"4547","21Y420092",2024-01-08,"01-2024",115000,2024,"1","X",2023,2025,309.794,117898.813405037,11.6775820220561
"4548","22J110241",2024-08-05,"08-2024",233000,2024,"2","X",2023,2025,314.131,235575.282286689,12.3697858113622
"4549","22J111099",2024-10-10,"10-2024",425000,2024,"2","X",2023,2025,315.564,427746.1148927,12.9662851090544
"4550","22J120305",2024-03-26,"03-2024",327000,2024,"2","X",2023,2025,312.107,332758.255982724,12.7151715473176
"4551","22J120406",2024-06-04,"06-2024",250000,2024,"2","X",2023,2025,313.131,253570.390667165,12.4433967386844
"4552","22J131097",2024-04-22,"04-2024",3e+05,2024,"2","X",2023,2025,313.016,304396.260894012,12.626085621366
"4553","22J131314",2024-02-22,"02-2024",339000,2024,"2","X",2023,2025,311.022,346172.994193337,12.7546939123076
"4554","22J141122",2024-05-30,"05-2024",410000,2024,"2","X",2023,2025,313.14,415843.488535479,12.9380642389693
"4555","22J141205",2024-03-07,"03-2024",340000,2024,"2","X",2023,2025,312.107,345987.177474392,12.7541569940306
"4556","22J410585",2024-05-16,"05-2024",3e+05,2024,"2","X",2023,2025,313.14,304275.723318643,12.6256895539272
"4557","22J410596",2024-04-22,"04-2024",220000,2024,"2","X",2023,2025,313.016,223223.924655609,12.3159306930622
"4558","22J411070",2024-03-20,"03-2024",80000,2024,"2","X",2023,2025,312.107,81408.7476410333,11.3072380110943
"4559","22J411124",2024-05-16,"05-2024",112500,2024,"2","X",2023,2025,313.14,114103.396244491,11.6448603009154
"4560","22J420221",2024-05-15,"05-2024",215000,2024,"2","X",2023,2025,313.14,218064.268378361,12.2925451073986
"4561","22J420724",2024-06-13,"06-2024",185000,2024,"2","X",2023,2025,313.131,187642.089093702,12.1422916459005
"4562","22J510047",2024-08-23,"08-2024",311000,2024,"2","X",2023,2025,314.131,314437.393953478,12.6585402699757
"4563","22J510487",2024-03-27,"03-2024",180000,2024,"2","I",2023,2025,312.107,183169.682192325,12.1181682273106
"4564","22J510713",2024-07-18,"07-2024",255000,2024,"2","X",2023,2025,313.566,258282.993054094,12.4618111350816
"4565","22J511169",2024-07-29,"07-2024",285000,2024,"2","X",2023,2025,313.566,288669.227531046,12.5730367701918
"4566","22J520402",2024-05-31,"05-2024",306000,2024,"2","X",2023,2025,313.14,310361.237785016,12.6454921812233
"4567","22J520604",2024-10-08,"10-2024",285000,2024,"2","X",2023,2025,315.564,286841.512339811,12.5666851203986
"4568","22J520741",2024-03-19,"03-2024",250000,2024,"2","X",2023,2025,312.107,254402.336378229,12.4466722942826
"4569","22J521047",2024-11-04,"11-2024",5e+05,2024,"2","X",2023,2025,316.449,501823.358582268,13.1260034614171
"4570","22J521157",2024-02-21,"02-2024",365000,2024,"2","X",2023,2025,311.022,372723.135340908,12.8285911585097
"4571","22J521553",2024-09-06,"09-2024",275000,2024,"2","I",2023,2025,314.851,277403.676659753,12.5332290407756
"4572","22J530155",2024-11-01,"11-2024",308682,2024,"2","X",2023,2025,316.449,309807.675947783,12.6437069837651
"4573","22J530605",2024-11-08,"11-2024",365000,2024,"2","4",2023,2025,316.449,366331.051765055,12.8112927165774
"4574","22J530771",2024-04-12,"04-2024",145000,2024,"2","I",2023,2025,313.016,147124.859432106,11.8990368891304
"4575","22J530991",2024-10-02,"10-2024",360000,2024,"2","X",2023,2025,315.564,362326.120850287,12.8002999715801
"4576","22J531046",2024-11-25,"11-2024",288000,2024,"2","X",2023,2025,316.449,289050.254543386,12.5743558431308
"4577","22J540033",2024-04-24,"04-2024",407000,2024,"2","X",2023,2025,313.016,412964.260612876,12.9311163321524
"4578","22J540044",2024-09-06,"09-2024",362015,2024,"2","X",2023,2025,314.851,365179.243658111,12.8081435905404
"4579","22J540055",2024-06-25,"06-2024",225000,2024,"2","I",2023,2025,313.131,228213.351600448,12.3380362230266
"4580","22J540055",2024-08-05,"08-2024",330000,2024,"2","X",2023,2025,314.131,333647.395513337,12.717840012257
"4581","22J540275",2024-08-28,"08-2024",338000,2024,"2","X",2023,2025,314.131,341735.817222751,12.7417932532795
"4582","22J540808",2024-10-17,"10-2024",295000,2024,"2","X",2023,2025,315.564,296906.126807874,12.6011712964698
"4583","22J540927",2024-05-20,"05-2024",690820,2024,"2","X",2023,2025,313.14,700665.850609951,13.4597863770642
"4584","22J541452",2024-08-05,"08-2024",785000,2024,"2","X",2023,2025,314.131,793676.380236271,13.5844310755789
"4585","22J630013",2024-04-11,"04-2024",274750,2024,"2","X",2023,2025,313.016,278776.242268766,12.5381647399935
"4586","22J630068",2024-07-11,"07-2024",455000,2024,"2","X",2023,2025,313.566,460857.889567109,13.0408450088741
"4587","22J630080",2024-05-13,"05-2024",325000,2024,"2","X",2023,2025,313.14,329632.033595197,12.7057322616007
"4588","22J630189",2024-02-02,"02-2024",140000,2024,"2","I",2023,2025,311.022,142962.298486924,11.8703362275365
"4589","22K110754",2024-03-08,"03-2024",511000,2024,"2","X",2023,2025,312.107,519998.375557101,13.1615809666241
"4590","22K120232",2024-07-17,"07-2024",683000,2024,"2","X",2023,2025,313.566,691793.271591946,13.4470424494939
"4591","22K120470",2024-05-13,"05-2024",784500,2024,"2","X",2023,2025,313.14,795681.016478252,13.586953651444
"4592","22K130150",2024-08-29,"08-2024",326014,2024,"2","X",2023,2025,314.131,329617.339396621,12.7056876830264
"4593","22K130242",2024-05-31,"05-2024",315000,2024,"2","X",2023,2025,313.14,319489.509484576,12.6744797180966
"4594","22K140243",2024-11-06,"11-2024",458900,2024,"2","X",2023,2025,316.449,460573.478506805,13.0402276843957
"4595","22K140427",2024-07-30,"07-2024",210000,2024,"2","I",2023,2025,313.566,212703.641338666,12.2676551206406
"4596","22K140472",2024-07-25,"07-2024",117000,2024,"2","5",2023,2025,313.566,118506.314460114,11.6827215247209
"4597","22K140702",2024-07-02,"07-2024",325000,2024,"2","X",2023,2025,313.566,329184.206833649,12.7043727722529
"4598","22K140977",2024-04-22,"04-2024",425000,2024,"2","X",2023,2025,313.016,431228.036266517,12.9743923156342
"4599","22K210221",2024-11-19,"11-2024",1300000,2024,"2","X",2023,2025,316.449,1304740.7323139,14.0815149064445
"4600","22K210551",2024-07-15,"07-2024",1e+06,2024,"2","X",2023,2025,313.566,1012874.48256507,13.8283028689053
"4601","22K220525",2024-05-13,"05-2024",1050000,2024,"2","X",2023,2025,313.14,1064965.03161525,13.8784525224225
"4602","22K230360",2024-06-20,"06-2024",435000,2024,"2","X",2023,2025,313.131,441212.479760867,12.9972818519108
"4603","22K230847",2024-04-04,"04-2024",455000,2024,"2","X",2023,2025,313.016,461667.662355918,13.0426005656608
"4604","22K240084",2024-09-04,"09-2024",1500000,2024,"2","X",2023,2025,314.851,1513110.96359865,14.2296783301993
"4605","22K240206",2024-06-04,"06-2024",1500000,2024,"2","X",2023,2025,313.131,1521422.34400299,14.2351562079124
"4606","22K240536",2024-02-20,"02-2024",399900,2024,"2","X",2023,2025,311.022,408361.594035149,12.91990832078
"4607","22K241085",2024-09-19,"09-2024",975000,2024,"2","X",2023,2025,314.851,983522.126339125,13.7988954141069
"4608","22K241096",2024-08-13,"08-2024",785000,2024,"2","X",2023,2025,314.131,793676.380236271,13.5844310755789
"4609","22K310297",2024-04-05,"04-2024",880000,2024,"2","X",2023,2025,313.016,892895.698622435,13.7022250541821
"4610","22K311056",2024-05-28,"05-2024",592500,2024,"2","X",2023,2025,313.14,600944.553554321,13.3062579522802
"4611","22K320252",2024-10-18,"10-2024",530000,2024,"2","X",2023,2025,315.564,533424.566807367,13.1870729466761
"4612","22K320571",2024-03-05,"03-2024",430000,2024,"2","X",2023,2025,312.107,437572.018570554,12.988996585108
"4613","22K320791",2024-06-26,"06-2024",1400000,2024,"2","X",2023,2025,313.131,1419994.18773612,14.1661633364255
"4614","22K320919",2024-10-31,"10-2024",550000,2024,"2","X",2023,2025,315.564,553553.795743494,13.2241142183565
"4615","22K331164",2024-05-03,"05-2024",426000,2024,"2","X",2023,2025,313.14,432071.527112474,12.9763464255403
"4616","22K341064",2024-09-09,"09-2024",4e+05,2024,"2","I",2023,2025,314.851,403496.256959641,12.907922490217
"4617","22K410302",2024-07-02,"07-2024",1e+05,2024,"2","I",2023,2025,313.566,101287.448256507,11.5257177759112
"4618","22K411167",2024-10-24,"10-2024",1e+05,2024,"2","I",2023,2025,315.564,100646.144680635,11.5193661261181
"4619","22K411244",2024-07-02,"07-2024",3e+05,2024,"2","X",2023,2025,313.566,303862.344769522,12.6243300645793
"4620","22K411497",2024-03-27,"03-2024",393750,2024,"2","X",2023,2025,312.107,400683.679795711,12.9009275665602
"4621","22K420642",2024-01-12,"01-2024",70000,2024,"2","I",2023,2025,309.794,71764.4951161094,11.1811451357422
"4622","22K420642",2024-07-01,"07-2024",320000,2024,"2","X",2023,2025,313.566,324119.834420824,12.6888685857169
"4623","22K421353",2024-03-20,"03-2024",195000,2024,"2","I",2023,2025,312.107,198433.822375019,12.1982109349841
"4624","22K430524",2024-01-08,"01-2024",145000,2024,"2","I",2023,2025,309.794,148655.025597655,11.9093836361135
"4625","22K430542",2024-08-05,"08-2024",235000,2024,"2","X",2023,2025,314.131,237597.387714043,12.3783328719407
"4626","22K431473",2024-02-27,"02-2024",490000,2024,"2","X",2023,2025,311.022,500368.044704233,13.1230991960319
"4627","22K441753",2024-04-25,"04-2024",410000,2024,"2","I",2023,2025,313.016,416008.223221816,12.9384603064082
"4628","22K510189",2024-01-23,"01-2024",615000,2024,"2","X",2023,2025,309.794,630502.349948676,13.3542721614994
"4629","22K510952",2024-01-17,"01-2024",245000,2024,"2","X",2023,2025,309.794,251175.732906383,12.4339081042376
"4630","22K520155",2024-10-18,"10-2024",435000,2024,"2","X",2023,2025,315.564,437810.729360764,12.9895419712187
"4631","22K520276",2024-04-04,"04-2024",639000,2024,"2","X",2023,2025,313.016,648364.035704245,13.3822076010873
"4632","22K521431",2024-10-02,"10-2024",425000,2024,"2","X",2023,2025,315.564,427746.1148927,12.9662851090544
"4633","22K530022",2024-01-30,"01-2024",220000,2024,"2","X",2023,2025,309.794,225545.556079201,12.3262774400452
"4634","22K540212",2024-09-18,"09-2024",440500,2024,"2","X",2023,2025,314.851,444350.252976805,13.0043683884853
"4635","22K540331",2024-07-19,"07-2024",480000,2024,"2","X",2023,2025,313.566,486179.751631236,13.0943336938251
"4636","22K540964",2024-10-08,"10-2024",835000,2024,"2","P",2023,2025,315.564,840395.308083305,13.6416276649808
"4637","22K610124",2024-08-22,"08-2024",325000,2024,"2","X",2023,2025,314.131,328592.131944953,12.7025725401262
"4638","22K610223",2024-10-31,"10-2024",460000,2024,"2","X",2023,2025,315.564,462972.265530922,13.0454224296131
"4639","22K610564",2024-05-23,"05-2024",4e+05,2024,"2","X",2023,2025,313.14,405700.964424858,12.9133716263789
"4640","22K610933",2024-01-16,"01-2024",430000,2024,"2","X",2023,2025,309.794,440839.041427529,12.9964351023805
"4641","22K611060",2024-06-27,"06-2024",468000,2024,"2","X",2023,2025,313.131,474683.771328933,13.0704041167398
"4642","22K620255",2024-10-03,"10-2024",467000,2024,"2","X",2023,2025,315.564,470017.495658567,13.0605251977989
"4643","22K620321",2024-10-10,"10-2024",330000,2024,"2","X",2023,2025,315.564,332132.277446097,12.7132885945905
"4644","22K621003",2024-07-16,"07-2024",515000,2024,"2","X",2023,2025,313.566,521630.358521013,13.1647144905869
"4645","22K621014",2024-06-24,"06-2024",430000,2024,"2","X",2023,2025,313.131,436141.071947524,12.9857210295097
"4646","22K630403",2024-06-20,"06-2024",380000,2024,"2","X",2023,2025,313.131,385426.993814091,12.8621070735426
"4647","22K640088",2024-09-20,"09-2024",280000,2024,"2","X",2023,2025,314.851,282447.379871749,12.5512475462783
"4648","22K640853",2024-03-13,"03-2024",410000,2024,"2","X",2023,2025,312.107,417219.831660296,12.9413685361187
"4649","22L110085",2024-07-23,"07-2024",435000,2024,"2","X",2023,2025,313.566,440600.399915807,12.9958936210118
"4650","22L110719",2024-05-10,"05-2024",1135000,2024,"2","X",2023,2025,313.14,1151176.48655553,13.9562950091865
"4651","22L111525",2024-03-12,"03-2024",642500,2024,"2","X",2023,2025,312.107,653814.004492049,13.3905781931897
"4652","22L111635",2024-04-12,"04-2024",499500,2024,"2","X",2023,2025,313.016,506819.77438853,13.1359107447984
"4653","22L120114",2024-03-14,"03-2024",555000,2024,"2","X",2023,2025,312.107,564773.186759669,13.2441794901668
"4654","22L120545",2024-10-02,"10-2024",541000,2024,"2","X",2023,2025,315.564,544495.642722237,13.2076152189765
"4655","22L120765",2024-09-11,"09-2024",599000,2024,"2","X",2023,2025,314.851,604235.644797063,13.3117195412245
"4656","22L120949",2024-08-09,"08-2024",633000,2024,"2","X",2023,2025,314.131,639996.367757401,13.3692177799407
"4657","22L121342",2024-01-29,"01-2024",965000,2024,"2","X",2023,2025,309.794,989324.825529223,13.8047779950319
"4658","22L130234",2024-06-21,"06-2024",309269,2024,"2","4",2023,2025,313.131,313685.844604974,12.6561472691727
"4659","22L130739",2024-07-25,"07-2024",350000,2024,"2","X",2023,2025,313.566,354506.068897776,12.7784807444066
"4660","22L130748",2024-05-28,"05-2024",6e+05,2024,"2","X",2023,2025,313.14,608551.446637287,13.3188367344871
"4661","22L130940",2024-08-21,"08-2024",350000,2024,"2","X",2023,2025,314.131,353868.449786872,12.77668051228
"4662","22L131022",2024-09-18,"09-2024",315000,2024,"2","I",2023,2025,314.851,317753.302355717,12.6690305819346
"4663","22L131105",2024-04-02,"04-2024",460000,2024,"2","X",2023,2025,313.016,466740.933370818,13.053529636193
"4664","22L140419",2024-07-09,"07-2024",775000,2024,"2","X",2023,2025,313.566,784977.723987932,13.5734106192765
"4665","22L140758",2024-02-20,"02-2024",616000,2024,"2","X",2023,2025,311.022,629034.113342465,13.3519407684607
"4666","22L140941",2024-09-27,"09-2024",1070000,2024,"2","X",2023,2025,314.851,1079352.48736704,13.891871870565
"4667","22L210204",2024-09-23,"09-2024",471500,2024,"2","X",2023,2025,314.851,475621.212891177,13.0723770451825
"4668","22L210471",2024-10-25,"10-2024",399900,2024,"2","X",2023,2025,315.564,402483.932577861,12.9054104559828
"4669","22L210561",2024-08-02,"08-2024",435000,2024,"2","X",2023,2025,314.131,439807.930449399,12.9940933888852
"4670","22L210709",2024-07-08,"07-2024",850000,2024,"2","X",2023,2025,313.566,860943.310180313,13.6657839394075
"4671","22L220360",2024-05-17,"05-2024",849750,2024,"2","X",2023,2025,313.14,861860.986300057,13.6668492678472
"4672","22L220416",2024-05-20,"05-2024",874500,2024,"2","X",2023,2025,313.14,886963.733473846,13.6955593737296
"4673","22L221213",2024-10-02,"10-2024",229900,2024,"2","X",2023,2025,315.564,231385.486620781,12.3518403718991
"4674","22L221251",2024-07-10,"07-2024",242500,2024,"2","X",2023,2025,313.566,245622.06202203,12.4115493003007
"4675","22L230141",2024-10-01,"10-2024",452000,2024,"2","X",2023,2025,315.564,454920.573956472,13.0278781199622
"4676","22L230729",2024-04-11,"04-2024",295750,2024,"2","X",2023,2025,313.016,300083.980531347,12.6118176495683
"4677","22L240702",2024-07-12,"07-2024",955277,2024,"2","X",2023,2025,313.566,967575.697081316,13.7825489407028
"4678","22L241031",2024-03-22,"03-2024",490000,2024,"2","I",2023,2025,312.107,498628.579301329,13.119616767525
"4679","22L310780",2024-08-02,"08-2024",1523388,2024,"2","X",2023,2025,314.131,1540225.57138264,14.2474394385872
"4680","22L320691",2024-04-11,"04-2024",225000,2024,"2","X",2023,2025,313.016,228297.195670509,12.3384035489142
"4681","22L330407",2024-01-31,"01-2024",380000,2024,"2","X",2023,2025,309.794,389578.687773165,12.8728211464133
"4682","22L331097",2024-04-29,"04-2024",1170000,2024,"2","X",2023,2025,313.016,1187145.41748665,13.9870621745016
"4683","22L410066",2024-04-26,"04-2024",567000,2024,"2","X",2023,2025,313.016,575308.933089682,13.2626624504376
"4684","22L430262",2024-05-28,"05-2024",530000,2024,"2","X",2023,2025,313.14,537553.777862937,13.1947840858171
"4685","22L430350",2024-06-24,"06-2024",520000,2024,"2","X",2023,2025,313.131,527426.412587703,13.1757646323976
"4686","22L431142",2024-02-22,"02-2024",870000,2024,"2","X",2023,2025,311.022,888408.569168741,13.6971870165758
"4687","22L440052",2024-08-29,"08-2024",341000,2024,"2","X",2023,2025,314.131,344768.975363781,12.75062983508
"4688","22L440911",2024-11-06,"11-2024",353000,2024,"2","X",2023,2025,316.449,354287.291159081,12.7778634199282
"4689","22L441174",2024-08-30,"08-2024",661000,2024,"2","X",2023,2025,314.131,668305.84374035,13.4125011976482
"4690","22L510012",2024-07-26,"07-2024",460000,2024,"2","X",2023,2025,313.566,465922.261979934,13.0517740794063
"4691","22L510090",2024-06-20,"06-2024",535000,2024,"2","X",2023,2025,313.131,542640.636027733,13.2042025677181
"4692","22L510991",2024-09-20,"09-2024",350000,2024,"2","X",2023,2025,314.851,353059.224839686,12.7743910975925
"4693","22L511024",2024-05-23,"05-2024",190000,2024,"2","I",2023,2025,313.14,192707.958101807,12.1689311514314
"4694","22L520088",2024-01-25,"01-2024",417500,2024,"2","X",2023,2025,309.794,428023.953013938,12.9669344379838
"4695","22L520880",2024-04-23,"04-2024",365000,2024,"2","X",2023,2025,313.016,370348.784087714,12.8222005002923
"4696","22L521496",2024-08-16,"08-2024",520000,2024,"2","X",2023,2025,314.131,525747.411111925,13.172576169372
"4697","22L530065",2024-11-12,"11-2024",370000,2024,"2","X",2023,2025,316.449,371349.285350878,12.8248983686332
"4698","22L530285",2024-10-11,"10-2024",197000,2024,"2","X",2023,2025,315.564,198272.905020852,12.197399668868
"4699","22L530304",2024-06-05,"06-2024",258900,2024,"2","X",2023,2025,313.131,262597.496574916,12.4783777075796
"4700","22L530506",2024-02-08,"02-2024",267500,2024,"2","I",2023,2025,311.022,273160.106037515,12.5178133712632
"4701","22L530753",2024-09-04,"09-2024",401000,2024,"2","X",2023,2025,314.851,404504.99760204,12.9104193704156
"4702","22L531541",2024-08-22,"08-2024",1190000,2024,"2","X",2023,2025,314.131,1203152.72927537,14.0004559439021
"4703","22L540053",2024-08-08,"08-2024",360000,2024,"2","X",2023,2025,314.131,363978.97692364,12.8048513892467
"4704","22L540534",2024-03-07,"03-2024",307000,2024,"2","X",2023,2025,312.107,312406.069072465,12.6520591240076
"4705","22L540561",2024-06-27,"06-2024",307000,2024,"2","X",2023,2025,313.131,311384.439739279,12.6487835684093
"4706","22L540727",2024-08-29,"08-2024",385000,2024,"2","X",2023,2025,314.131,389255.29476556,12.8719906920843
"4707","22L610244",2024-11-13,"11-2024",140000,2024,"2","I",2023,2025,316.449,140510.540403035,11.8530377856042
"4708","22L610530",2024-11-04,"11-2024",280000,2024,"2","X",2023,2025,316.449,281021.08080607,12.5461849661641
"4709","22L610871",2024-09-26,"09-2024",282000,2024,"2","X",2023,2025,314.851,284464.861156547,12.5583650140471
"4710","22L610893",2024-03-21,"03-2024",235000,2024,"2","X",2023,2025,312.107,239138.196195535,12.3847968905645
"4711","22L611322",2024-09-20,"09-2024",210000,2024,"2","I",2023,2025,314.851,211835.534903812,12.2635654738265
"4712","22L611355",2024-03-28,"03-2024",205000,2024,"2","I",2023,2025,312.107,208609.915830148,12.2482213555588
"4713","22L611355",2024-11-01,"11-2024",456000,2024,"2","X",2023,2025,316.449,457662.903027028,13.0338881725093
"4714","22L620311",2024-06-18,"06-2024",375000,2024,"2","X",2023,2025,313.131,380355.586000747,12.8488618467926
"4715","22L620595",2024-10-23,"10-2024",142200,2024,"2","5",2023,2025,315.564,143118.817735863,11.8714304574991
"4716","22L620926",2024-01-02,"01-2024",245000,2024,"2","X",2023,2025,309.794,251175.732906383,12.4339081042376
"4717","22L621156",2024-01-16,"01-2024",210500,2024,"2","X",2023,2025,309.794,215806.088884872,12.2821355468153
"4718","22L630154",2024-11-19,"11-2024",249000,2024,"2","4",2023,2025,316.449,249908.032573969,12.4288482594596
"4719","22L640021",2024-03-20,"03-2024",250000,2024,"2","X",2023,2025,312.107,254402.336378229,12.4466722942826
"4720","22L641286",2024-10-22,"10-2024",305000,2024,"2","X",2023,2025,315.564,306970.741275938,12.6345077167374
"4721","22L641514",2024-06-20,"06-2024",256000,2024,"2","X",2023,2025,313.131,259656.080043177,12.4671132653017
"4722","22M110206",2024-01-09,"01-2024",1491192,2024,"2","X",2023,2025,309.794,1528780.58573116,14.2399809728029
"4723","22M110462",2024-06-13,"06-2024",385000,2024,"2","4",2023,2025,313.131,390498.401627434,12.8751791551099
"4724","22M110985",2024-05-09,"05-2024",785000,2024,"2","X",2023,2025,313.14,796188.142683784,13.5875907970534
"4725","22M111360",2024-07-25,"07-2024",1200000,2024,"2","X",2023,2025,313.566,1215449.37907809,14.0106244256992
"4726","22M111492",2024-08-12,"08-2024",480000,2024,"2","X",2023,2025,314.131,485305.302564854,13.0925334616984
"4727","22M120041",2024-01-10,"01-2024",1311000,2024,"2","X",2023,2025,309.794,1344046.47281742,14.1111953774566
"4728","22M120362",2024-09-23,"09-2024",815000,2024,"2","X",2023,2025,314.851,822123.623555269,13.6196460563499
"4729","22M120784",2024-07-12,"07-2024",475000,2024,"2","X",2023,2025,313.566,481115.37921841,13.0838623939578
"4730","22M120977",2024-10-02,"10-2024",490000,2024,"2","X",2023,2025,315.564,493166.108935113,13.1086013312347
"4731","22M130419",2024-06-25,"06-2024",390000,2024,"2","X",2023,2025,313.131,395569.809440777,12.8880825599458
"4732","22M130428",2024-07-30,"07-2024",950000,2024,"2","X",2023,2025,313.566,962230.75843682,13.7770095745177
"4733","22M130455",2024-01-25,"01-2024",2362000,2024,"2","P",2023,2025,309.794,2421539.10663215,14.6999138904502
"4734","22M131858",2024-10-28,"10-2024",153000,2024,"2","X",2023,2025,315.564,153988.601361372,11.9446338615224
"4735","22M140878",2024-07-29,"07-2024",335000,2024,"2","X",2023,2025,313.566,339312.9516593,12.7346781217482
"4736","22M210470",2024-02-05,"02-2024",530000,2024,"2","4",2023,2025,311.022,541214.415700497,13.2015708114734
"4737","22M210948",2024-07-30,"07-2024",1498119,2024,"2","X",2023,2025,313.566,1517406.50694591,14.2325131900975
"4738","22M220150",2024-07-15,"07-2024",299500,2024,"2","X",2023,2025,313.566,303355.90752824,12.6226620074786
"4739","22M221746",2024-06-07,"06-2024",865000,2024,"2","X",2023,2025,313.131,877353.551708391,13.684665327754
"4740","22M230638",2024-05-23,"05-2024",660000,2024,"2","X",2023,2025,313.14,669406.591301015,13.4141469142914
"4741","22M230959",2024-10-30,"10-2024",430000,2024,"2","X",2023,2025,315.564,432778.422126732,12.9779811488176
"4742","22M231194",2024-02-13,"02-2024",311000,2024,"2","I",2023,2025,311.022,317580.534495952,12.6684867171064
"4743","22M231194",2024-07-17,"07-2024",346000,2024,"2","X",2023,2025,313.566,350454.570967516,12.7669863649808
"4744","22M231206",2024-05-16,"05-2024",371000,2024,"2","X",2023,2025,313.14,376287.644504056,12.8381091418784
"4745","22M231417",2024-04-03,"04-2024",650000,2024,"2","X",2023,2025,313.016,659525.231937026,13.3992755095995
"4746","22M240309",2024-05-06,"05-2024",4e+05,2024,"2","X",2023,2025,313.14,405700.964424858,12.9133716263789
"4747","22M240639",2024-07-23,"07-2024",420000,2024,"2","X",2023,2025,313.566,425407.282677331,12.9608023012005
"4748","22M240804",2024-09-04,"09-2024",440000,2024,"2","X",2023,2025,314.851,443845.882655605,13.0032326700213
"4749","22M241005",2024-08-02,"08-2024",365000,2024,"2","X",2023,2025,314.131,369034.240492024,12.818644711379
"4750","22M241261",2024-11-15,"11-2024",725000,2024,"2","X",2023,2025,316.449,727643.869944288,13.4975670178496
"4751","22M310121",2024-01-31,"01-2024",300011,2024,"2","I",2023,2025,309.794,307573.399203987,12.6364690343435
"4752","22M310121",2024-06-25,"06-2024",527011,2024,"2","X",2023,2025,313.131,534537.540623573,13.1891572420109
"4753","22M310451",2024-03-20,"03-2024",337500,2024,"2","X",2023,2025,312.107,343443.154110609,12.746776886733
"4754","22M310460",2024-06-26,"06-2024",359000,2024,"2","X",2023,2025,313.131,364127.080998049,12.8052582093104
"4755","22M310837",2024-08-02,"08-2024",374000,2024,"2","X",2023,2025,314.131,378133.714915115,12.843003155211
"4756","22M310910",2024-03-15,"03-2024",465000,2024,"2","X",2023,2025,312.107,473188.345663506,13.0672487820077
"4757","22M311032",2024-07-12,"07-2024",545000,2024,"2","X",2023,2025,313.566,552016.592997965,13.2213333845864
"4758","22M311212",2024-03-18,"03-2024",210000,2024,"1","X",2023,2025,312.107,213697.962557713,12.2723189071378
"4759","22M320122",2024-10-17,"10-2024",165000,2024,"2","I",2023,2025,315.564,166066.138723048,12.0201414140306
"4760","22M320470",2024-05-17,"05-2024",5e+05,2024,"2","X",2023,2025,313.14,507126.205531072,13.1365151776932
"4761","22M321141",2024-07-10,"07-2024",875000,2024,"2","X",2023,2025,313.566,886265.17224444,13.6947714762807
"4762","22M321516",2024-09-12,"09-2024",425000,2024,"2","X",2023,2025,314.851,428714.773019619,12.9685471120334
"4763","22M330242",2024-03-07,"03-2024",3e+05,2024,"1","X",2023,2025,312.107,305282.803653875,12.6289938510766
"4764","22M330462",2024-10-01,"10-2024",284620,2024,"2","X",2023,2025,315.564,286459.056990024,12.5653508973855
"4765","22M330509",2024-10-10,"10-2024",298000,2024,"2","X",2023,2025,315.564,299925.511148293,12.6112894266354
"4766","22M330527",2024-10-03,"10-2024",425000,2024,"2","X",2023,2025,315.564,427746.1148927,12.9662851090544
"4767","22M330536",2024-01-26,"01-2024",321500,2024,"2","I",2023,2025,309.794,329604.07399756,12.7056474373706
"4768","22M331063",2024-08-26,"08-2024",441900,2024,"2","X",2023,2025,314.131,446784.194173768,13.0098309699332
"4769","22M331205",2024-07-18,"07-2024",431000,2024,"2","I",2023,2025,313.566,436548.901985547,12.9866556800269
"4770","22M341183",2024-04-15,"04-2024",445000,2024,"2","I",2023,2025,313.016,451521.120326118,13.0203774288761
"4771","22M341183",2024-10-02,"10-2024",565000,2024,"2","X",2023,2025,315.564,568650.717445589,13.2510216712764
"4772","22M410043",2024-08-16,"08-2024",3e+05,2024,"2","4",2023,2025,314.131,303315.814103033,12.6225298324527
"4773","22M410221",2024-07-26,"07-2024",325000,2024,"2","I",2023,2025,313.566,329184.206833649,12.7043727722529
"4774","22M410472",2024-06-26,"06-2024",370000,2024,"2","X",2023,2025,313.131,375284.178187404,12.8354388264604
"4775","22M410542",2024-04-05,"04-2024",321900,2024,"2","X",2023,2025,313.016,326617.187939275,12.6965440850146
"4776","22M410872",2024-08-19,"08-2024",265900,2024,"2","X",2023,2025,314.131,268838.916566655,12.5018676560455
"4777","22M411154",2024-03-20,"03-2024",950000,2024,"2","X",2023,2025,312.107,966728.878237271,13.781673361015
"4778","22M420064",2024-09-12,"09-2024",477500,2024,"2","X",2023,2025,314.851,481673.656745572,13.0850221030298
"4779","22M420075",2024-07-16,"07-2024",490000,2024,"2","X",2023,2025,313.566,496308.496456886,13.1149529810278
"4780","22M420174",2024-10-15,"10-2024",335000,2024,"2","X",2023,2025,315.564,337164.584680128,12.728326471955
"4781","22M420305",2024-03-18,"03-2024",275000,2024,"2","X",2023,2025,312.107,279842.570016052,12.5419824740869
"4782","22M420350",2024-08-29,"08-2024",366400,2024,"2","X",2023,2025,314.131,370449.714291172,12.8224729905965
"4783","22M420383",2024-11-01,"11-2024",339000,2024,"2","X",2023,2025,316.449,340236.237118777,12.7373954703753
"4784","22M420938",2024-08-21,"08-2024",385000,2024,"2","X",2023,2025,314.131,389255.29476556,12.8719906920843
"4785","22M510077",2024-10-24,"10-2024",275000,2024,"2","X",2023,2025,315.564,276776.897871747,12.5309670377966
"4786","22M510264",2024-03-29,"03-2024",420000,2024,"2","X",2023,2025,312.107,427395.925115425,12.9654660876978
"4787","22M510352",2024-07-05,"07-2024",380000,2024,"2","X",2023,2025,313.566,384892.303374728,12.8607188426436
"4788","22M510385",2024-04-08,"04-2024",480000,2024,"2","X",2023,2025,313.016,487034.017430419,13.0960892506117
"4789","22M520362",2024-09-19,"09-2024",634900,2024,"2","X",2023,2025,314.851,640449.43385919,13.3699254492854
"4790","22M540241",2024-07-24,"07-2024",875000,2024,"2","X",2023,2025,313.566,886265.17224444,13.6947714762807
"4791","22M540416",2024-04-02,"04-2024",565400,2024,"2","X",2023,2025,313.016,573685.486364914,13.2598365919693
"4792","22M610430",2024-06-13,"06-2024",310000,2024,"2","X",2023,2025,313.131,314427.284427284,12.6585081183013
"4793","22M610683",2024-06-03,"06-2024",450000,2024,"2","4",2023,2025,313.131,456426.703200897,13.0311834035865
"4794","22M610724",2024-08-08,"08-2024",527000,2024,"2","X",2023,2025,314.131,532824.780107662,13.1859479063379
"4795","22M611079",2024-04-09,"04-2024",98000,2024,"2","X",2023,2025,313.016,99436.1118920439,11.5072706253804
"4796","22M620495",2024-05-23,"05-2024",585000,2024,"2","X",2023,2025,313.14,593337.660471355,13.2935189265028
"4797","22M620583",2024-05-08,"05-2024",187500,2024,"2","X",2023,2025,313.14,190172.327074152,12.1556859246814
"4798","22M620792",2024-01-23,"01-2024",820000,2024,"2","X",2023,2025,309.794,840669.799931568,13.6419542339512
"4799","22M630506",2024-08-12,"08-2024",410000,2024,"2","I",2023,2025,314.131,414531.612607479,12.9349045174949
"4800","22M640121",2024-05-08,"05-2024",850000,2024,"2","X",2023,2025,313.14,862114.549402823,13.6671434287553
"4801","22M640231",2024-11-06,"11-2024",620000,2024,"2","X",2023,2025,316.449,622260.964642012,13.341114841034
"4802","22M640451",2024-03-13,"03-2024",535000,2024,"2","X",2023,2025,312.107,544420.999849411,13.2074781233164
"4803","22M640552",2024-05-24,"05-2024",535000,2024,"2","X",2023,2025,313.14,542625.039918247,13.204173826167
"4804","22M640581",2024-05-21,"05-2024",440000,2024,"2","I",2023,2025,313.14,446271.060867344,13.0086818061833
"4805","22M640680",2024-09-04,"09-2024",612000,2024,"2","X",2023,2025,314.851,617349.273148251,13.3331902256213
"4806","22M640718",2024-07-09,"07-2024",6e+05,2024,"2","X",2023,2025,313.566,607724.689539045,13.3174772451393
"4807","22N110270",2024-07-19,"07-2024",613000,2024,"2","X",2023,2025,313.566,620892.05781239,13.3389125258593
"4808","22N110610",2024-05-03,"05-2024",820000,2024,"2","X",2023,2025,313.14,831686.977070959,13.6312114195293
"4809","22N110647",2024-06-11,"06-2024",690000,2024,"2","X",2023,2025,313.131,699854.278241375,13.4586274184134
"4810","22N110775",2024-02-27,"02-2024",820500,2024,"2","X",2023,2025,311.022,837861.185060864,13.6386077154573
"4811","22N110830",2024-06-25,"06-2024",780000,2024,"2","X",2023,2025,313.131,791139.618881555,13.5812297405058
"4812","22N120042",2024-06-17,"06-2024",820000,2024,"2","X",2023,2025,313.131,831710.881388301,13.6312401610804
"4813","22N120996",2024-06-13,"06-2024",991000,2024,"2","X",2023,2025,313.131,1005153.02860464,13.8206503551521
"4814","22N121207",2024-09-11,"09-2024",285000,2024,"2","I",2023,2025,314.851,287491.083083744,12.5689471233777
"4815","22N121308",2024-10-22,"10-2024",880000,2024,"2","X",2023,2025,315.564,885686.073189591,13.6941178476022
"4816","22N130759",2024-06-10,"06-2024",302400,2024,"2","X",2023,2025,313.131,306718.744551003,12.6336864651275
"4817","22N131280",2024-11-08,"11-2024",979000,2024,"2","X",2023,2025,316.449,982570.13610408,13.7979270055254
"4818","22N131749",2024-11-07,"11-2024",770000,2024,"2","X",2023,2025,316.449,772807.972216692,13.5577858778426
"4819","22N141346",2024-04-25,"04-2024",917500,2024,"2","X",2023,2025,313.016,930945.231234186,13.7439557266385
"4820","22N142758",2024-04-26,"04-2024",440000,2024,"2","X",2023,2025,313.016,446447.849311217,13.0090778736221
"4821","22N142831",2024-04-23,"04-2024",440000,2024,"2","X",2023,2025,313.016,446447.849311217,13.0090778736221
"4822","22N210233",2024-06-14,"06-2024",502050,2024,"2","X",2023,2025,313.131,509220.058537801,13.1406355371476
"4823","22N210293",2024-09-11,"09-2024",550000,2024,"2","X",2023,2025,314.851,554807.353319507,13.2263762213355
"4824","22N210307",2024-08-02,"08-2024",610000,2024,"2","X",2023,2025,314.131,616742.155342835,13.3322063149639
"4825","22N210590",2024-05-22,"05-2024",530000,2024,"2","X",2023,2025,313.14,537553.777862937,13.1947840858171
"4826","22N220629",2024-10-02,"10-2024",511000,2024,"2","X",2023,2025,315.564,514301.799318046,13.1505655303337
"4827","22N220913",2024-08-07,"08-2024",1190000,2024,"2","X",2023,2025,314.131,1203152.72927537,14.0004559439021
"4828","22N230060",2024-04-30,"04-2024",475000,2024,"2","X",2023,2025,313.016,481960.746415519,13.0856179507445
"4829","22N230327",2024-02-29,"02-2024",1138000,2024,"2","X",2023,2025,311.022,1162079.25484371,13.9657214196135
"4830","22N230473",2024-01-24,"01-2024",1129900,2024,"2","X",2023,2025,309.794,1158381.47188131,13.9625343059081
"4831","22N240382",2024-07-09,"07-2024",610000,2024,"2","X",2023,2025,313.566,617853.434364695,13.3340065470905
"4832","22N241262",2024-05-07,"05-2024",177000,2024,"2","X",2023,2025,313.14,179522.676758,12.0980568118448
"4833","22N241291",2024-01-02,"01-2024",167500,2024,"2","X",2023,2025,309.794,171722.184742119,12.053633244958
"4834","22N241336",2024-07-22,"07-2024",215000,2024,"2","X",2023,2025,313.566,217768.013751491,12.2911856180508
"4835","22N241464",2024-01-11,"01-2024",160000,2024,"2","X",2023,2025,309.794,164033.131693964,12.0078237089267
"4836","22N241491",2024-07-29,"07-2024",197900,2024,"2","X",2023,2025,313.566,200447.860099628,12.2083094425316
"4837","22N241574",2024-01-04,"01-2024",189900,2024,"2","X",2023,2025,309.794,194686.823179274,12.1791475115111
"4838","22N241648",2024-03-06,"03-2024",180000,2024,"2","X",2023,2025,312.107,183169.682192325,12.1181682273106
"4839","22N241822",2024-06-12,"06-2024",235000,2024,"2","X",2023,2025,313.131,238356.167227135,12.3815213349663
"4840","22N310526",2024-06-13,"06-2024",362000,2024,"2","I",2023,2025,313.131,367169.925686055,12.8135800326479
"4841","22N320224",2024-09-24,"09-2024",220000,2024,"2","I",2023,2025,314.851,221922.941327803,12.3100854894614
"4842","22N320271",2024-09-30,"09-2024",735000,2024,"2","X",2023,2025,314.851,741424.372163341,13.5163284423219
"4843","22N320820",2024-05-01,"05-2024",415000,2024,"2","X",2023,2025,313.14,420914.75059079,12.9501855995017
"4844","22N321371",2024-10-04,"10-2024",360000,2024,"2","X",2023,2025,315.564,362326.120850287,12.8002999715801
"4845","22N322196",2024-10-04,"10-2024",1130000,2024,"2","X",2023,2025,315.564,1137301.43489118,13.9441688518364
"4846","22N330171",2024-07-18,"07-2024",435000,2024,"2","X",2023,2025,313.566,440600.399915807,12.9958936210118
"4847","22N330876",2024-01-02,"01-2024",330000,2024,"2","X",2023,2025,309.794,338318.334118802,12.7317425481534
"4848","22N330913",2024-04-29,"04-2024",401500,2024,"2","X",2023,2025,313.016,407383.662496486,12.9175106800966
"4849","22N331114",2024-09-20,"09-2024",349900,2024,"2","X",2023,2025,314.851,352958.350775446,12.7741053424827
"4850","22N331123",2024-10-02,"10-2024",341000,2024,"2","X",2023,2025,315.564,343203.353360966,12.7460784174135
"4851","22N340015",2024-06-20,"06-2024",683000,2024,"2","X",2023,2025,313.131,692754.307302695,13.4484306803929
"4852","22N340345",2024-03-12,"03-2024",335000,2024,"2","X",2023,2025,312.107,340899.130746827,12.7393419082454
"4853","22N340419",2024-04-26,"04-2024",271500,2024,"2","I",2023,2025,313.016,275478.616109081,12.5262652860838
"4854","22N340749",2024-05-01,"05-2024",170000,2024,"2","I",2023,2025,313.14,172422.909880565,12.0577055163212
"4855","22N340868",2024-04-25,"04-2024",450000,2024,"2","X",2023,2025,313.016,456594.391341018,13.0315507294742
"4856","22N341061",2024-01-24,"01-2024",365000,2024,"2","X",2023,2025,309.794,374200.581676856,12.8325472472754
"4857","22N341409",2024-07-26,"07-2024",310000,2024,"2","X",2023,2025,313.566,313991.089595173,12.6571198874023
"4858","22N341490",2024-10-02,"10-2024",298500,2024,"2","X",2023,2025,315.564,300428.741871696,12.6129658729626
"4859","22N410097",2024-03-15,"03-2024",345000,2024,"2","X",2023,2025,312.107,351075.224201956,12.7687557934517
"4860","22N410736",2024-08-02,"08-2024",3585484,2024,"2","X",2023,2025,314.131,3625113.32804467,15.1033961086911
"4861","22N421341",2024-07-18,"07-2024",797000,2024,"2","X",2023,2025,313.566,807260.962604364,13.6014022687133
"4862","22N510331",2024-03-01,"03-2024",1375000,2024,"2","X",2023,2025,312.107,1399212.85008026,14.151420386521
"4863","22N520882",2024-01-18,"01-2024",332500,2024,"2","X",2023,2025,309.794,340881.35180152,12.7392897537888
"4864","22N521076",2024-08-14,"08-2024",2e+05,2024,"2","I",2023,2025,314.131,202210.542735356,12.2170647243445
"4865","22N530096",2024-07-10,"07-2024",1210000,2024,"2","X",2023,2025,313.566,1225578.12390374,14.0189232285139
"4866","22N530140",2024-03-25,"03-2024",1425000,2024,"2","X",2023,2025,312.107,1450093.31735591,14.1871384691231
"4867","22N530195",2024-04-26,"04-2024",520824,2024,"2","X",2023,2025,313.016,528456.260612876,13.1777153194917
"4868","22N530205",2024-08-01,"08-2024",1320000,2024,"2","X",2023,2025,314.131,1334589.58205335,14.1041343733769
"4869","22N530351",2024-08-30,"08-2024",1365000,2024,"2","X",2023,2025,314.131,1380086.9541688,14.1376570654156
"4870","22N530360",2024-09-06,"09-2024",1639000,2024,"2","X",2023,2025,314.851,1653325.91289213,14.3182995218528
"4871","22N530562",2024-01-18,"01-2024",1591000,2024,"2","X",2023,2025,309.794,1631104.45328186,14.3047679220307
"4872","22N540316",2024-10-30,"10-2024",5e+05,2024,"2","X",2023,2025,315.564,503230.723403177,13.1288040385522
"4873","22N610242",2024-04-04,"04-2024",240000,2024,"2","4",2023,2025,313.016,243517.008715209,12.4029420700518
"4874","22N610495",2024-08-19,"08-2024",555000,2024,"2","X",2023,2025,314.131,561134.256090612,13.2377154715429
"4875","22N620946",2024-06-11,"06-2024",237000,2024,"2","X",2023,2025,313.131,240384.730352472,12.3899959619573
"4876","22N621202",2024-06-03,"06-2024",402500,2024,"2","X",2023,2025,313.131,408248.328974136,12.9196309176808
"4877","22N621532",2024-08-05,"08-2024",1109000,2024,"2","X",2023,2025,314.131,1121257.45946755,13.9299613451469
"4878","22N630251",2024-05-20,"05-2024",486459,2024,"2","X",2023,2025,313.14,493392.21363288,13.1090597019088
"4879","22N630534",2024-03-14,"03-2024",1125000,2024,"2","X",2023,2025,312.107,1144810.51370203,13.9507496910589
"4880","22O110336",2024-05-16,"05-2024",425000,2024,"2","X",2023,2025,313.14,431057.274701411,12.9739962481954
"4881","22O110565",2024-07-26,"07-2024",625000,2024,"2","X",2023,2025,313.566,633046.551603171,13.3582992396595
"4882","22O120227",2024-03-12,"03-2024",771000,2024,"2","X",2023,2025,312.107,784576.805390459,13.5728997499837
"4883","22O140164",2024-10-11,"10-2024",385000,2024,"2","X",2023,2025,315.564,387487.657020446,12.8674392744178
"4884","22O140706",2024-05-13,"05-2024",6e+05,2024,"2","X",2023,2025,313.14,608551.446637287,13.3188367344871
"4885","22O140889",2024-08-21,"08-2024",740000,2024,"2","X",2023,2025,314.131,748179.008120816,13.5253975439947
"4886","22O220473",2024-10-01,"10-2024",1255000,2024,"2","X",2023,2025,315.564,1263109.11574197,14.0490867916959
"4887","22O220547",2024-09-05,"09-2024",950000,2024,"2","X",2023,2025,314.851,958303.610279148,13.7729199277036
"4888","22O230034",2024-06-25,"06-2024",1557500,2024,"2","X",2023,2025,313.131,1579743.53385644,14.2727730714837
"4889","22O320500",2024-11-01,"11-2024",1116500,2024,"2","X",2023,2025,316.449,1120571.5597142,13.9293494342751
"4890","22O320784",2024-08-20,"08-2024",1200000,2024,"2","X",2023,2025,314.131,1213263.25641213,14.0088241935726
"4891","22O340575",2024-09-27,"09-2024",560000,2024,"2","X",2023,2025,314.851,564894.759743498,13.2443947268382
"4892","22O341033",2024-09-09,"09-2024",959000,2024,"2","X",2023,2025,314.851,967382.27606074,13.7823490179925
"4893","22O420581",2024-07-25,"07-2024",6e+05,2024,"2","X",2023,2025,313.566,607724.689539045,13.3174772451393
"4894","22O440208",2024-05-28,"05-2024",1795000,2024,"2","4",2023,2025,313.14,1820583.07785655,14.4146673801933
"4895","22P120163",2024-08-26,"08-2024",4587700,2024,"2","P",2023,2025,314.131,4638406.53453496,15.3498814459393
"4896","22Q120412",2024-10-25,"10-2024",315000,2024,"2","I",2023,2025,315.564,317035.355744001,12.6667685789556
"4897","22Q121008",2024-04-01,"04-2024",303500,2024,"2","X",2023,2025,313.016,307947.550604442,12.6376847572094
"4898","22Q140607",2024-01-04,"01-2024",382000,2024,"2","X",2023,2025,309.794,391629.10191934,12.8780705022995
"4899","22Q220118",2024-10-09,"10-2024",3e+05,2024,"2","X",2023,2025,315.564,301938.434041906,12.6179784147862
"4900","22Q220622",2024-02-29,"02-2024",699000,2024,"2","X",2023,2025,311.022,713790.333159712,13.478344547161
"4901","22Q220668",2024-06-11,"06-2024",790000,2024,"2","X",2023,2025,313.131,801282.434508241,13.5939687662832
"4902","22Q220677",2024-01-11,"01-2024",642000,2024,"2","X",2023,2025,309.794,658182.940922032,13.3972381973828
"4903","22Q240367",2024-09-17,"09-2024",349500,2024,"2","X",2023,2025,314.851,352554.854518486,12.7729615047829
"4904","22Q240899",2024-03-15,"03-2024",350000,2024,"2","X",2023,2025,312.107,356163.270929521,12.7831445309038
"4905","22Q330172",2024-08-30,"08-2024",340000,2024,"2","X",2023,2025,314.131,343757.922650105,12.7476929754067
"4906","22Q330219",2024-06-17,"06-2024",326000,2024,"2","X",2023,2025,313.131,330655.789429983,12.7088332021888
"4907","22Q330585",2024-10-03,"10-2024",350000,2024,"2","X",2023,2025,315.564,352261.506382224,12.7721290946134
"4908","22Q340164",2024-01-12,"01-2024",307000,2024,"2","X",2023,2025,309.794,314738.571437794,12.6594976412801
"4909","22Q340201",2024-07-23,"07-2024",277300,2024,"2","I",2023,2025,313.566,280870.094015295,12.5456475425449
"4910","22Q410124",2024-06-05,"06-2024",375000,2024,"2","X",2023,2025,313.131,380355.586000747,12.8488618467926
"4911","22Q410391",2024-01-05,"01-2024",476250,2024,"2","X",2023,2025,309.794,488254.868557816,13.0985928201338
"4912","22Q410573",2024-07-10,"07-2024",438000,2024,"2","X",2023,2025,313.566,443639.023363502,13.0027665002996
"4913","22Q410665",2024-07-03,"07-2024",465000,2024,"2","X",2023,2025,313.566,470986.634392759,13.0625849955105
"4914","22Q410683",2024-07-31,"07-2024",415000,2024,"2","X",2023,2025,313.566,420342.910264506,12.9488261101538
"4915","22Q420345",2024-10-03,"10-2024",450000,2024,"2","X",2023,2025,315.564,452907.651062859,13.0234435228943
"4916","22Q420381",2024-01-05,"01-2024",380000,2024,"2","X",2023,2025,309.794,389578.687773165,12.8728211464133
"4917","22Q420996",2024-03-12,"03-2024",767542,2024,"2","X",2023,2025,312.107,781057.912273675,13.5684045775115
"4918","22Q430081",2024-05-22,"05-2024",351485,2024,"2","X",2023,2025,313.14,356494.508702178,12.7840741153579
"4919","22Q430456",2024-02-02,"02-2024",3e+05,2024,"2","I",2023,2025,311.022,306347.78247198,12.6324762795834
"4920","22Q430492",2024-06-12,"06-2024",275000,2024,"2","I",2023,2025,313.131,278927.429733881,12.5387069184887
"4921","22Q430649",2024-03-22,"03-2024",535000,2024,"2","X",2023,2025,312.107,544420.999849411,13.2074781233164
"4922","22Q440594",2024-08-16,"08-2024",590000,2024,"2","X",2023,2025,314.131,596521.101069299,13.2988698946963
"4923","22Q510480",2024-01-05,"01-2024",820586,2024,"2","X",2023,2025,309.794,841270.571276397,13.6426686128681
"4924","22Q510590",2024-09-13,"09-2024",875000,2024,"2","X",2023,2025,314.851,882648.062099215,13.6906818294666
"4925","22Q510646",2024-03-18,"03-2024",684267,2024,"2","X",2023,2025,312.107,696316.494026087,13.453559568753
"4926","22Q510664",2024-04-22,"04-2024",875603,2024,"2","X",2023,2025,313.016,888434.264091931,13.6972159385747
"4927","22Q510682",2024-02-23,"02-2024",716113,2024,"2","X",2023,2025,311.022,731265.431831189,13.5025317806644
"4928","22Q510701",2024-02-21,"02-2024",742906,2024,"2","X",2023,2025,311.022,758625.352283761,13.5392633275095
"4929","22Q510710",2024-02-12,"02-2024",927195,2024,"2","X",2023,2025,311.022,946813.773897023,13.7608577043584
"4930","22Q510738",2024-02-01,"02-2024",820557,2024,"2","X",2023,2025,311.022,837919.391139534,13.6386771828799
"4931","22Q510811",2024-03-01,"03-2024",794241,2024,"2","X",2023,2025,312.107,808227.064189525,13.602598318061
"4932","22Q510930",2024-02-09,"02-2024",638744,2024,"2","X",2023,2025,311.022,652259.35989094,13.3881975530546
"4933","22Q510949",2024-02-28,"02-2024",784190,2024,"2","X",2023,2025,311.022,800782.891789005,13.5933451428551
"4934","22Q510958",2024-03-25,"03-2024",729086,2024,"2","X",2023,2025,312.107,741924.727282631,13.5170030712928
"4935","22Q510967",2024-01-09,"01-2024",790429,2024,"2","X",2023,2025,309.794,810353.401573304,13.6052257297369
"4936","22Q510994",2024-01-24,"01-2024",814685,2024,"2","X",2023,2025,309.794,835220.824338109,13.6354514291547
"4937","22Q520362",2024-11-20,"11-2024",3e+05,2024,"2","X",2023,2025,316.449,301094.015149361,12.6151778376511
"4938","22Q520463",2024-07-18,"07-2024",347000,2024,"2","X",2023,2025,313.566,351467.445450081,12.76987236987
"4939","22Q520555",2024-07-15,"07-2024",281000,2024,"2","X",2023,2025,313.566,284617.729600786,12.5589022592569
"4940","22Q530235",2024-08-09,"08-2024",262900,2024,"2","X",2023,2025,314.131,265805.758425625,12.4905210895323
"4941","22Q540043",2024-04-29,"04-2024",307500,2024,"2","X",2023,2025,313.016,312006.167416362,12.6507782339564
"4942","22Q540070",2024-06-05,"06-2024",222500,2024,"2","I",2023,2025,313.131,225677.647693777,12.3268629224284
"4943","22Q540070",2024-09-23,"09-2024",313000,2024,"2","X",2023,2025,314.851,315735.821070919,12.6626611336492
"4944","22Q540135",2024-03-12,"03-2024",3e+05,2024,"2","X",2023,2025,312.107,305282.803653875,12.6289938510766
"4945","22Q540209",2024-04-25,"04-2024",352500,2024,"2","X",2023,2025,313.016,357665.606550464,12.7873537689621
"4946","22Q540300",2024-05-09,"05-2024",255500,2024,"2","X",2023,2025,313.14,259141.491026378,12.4651294889147
"4947","22Q540391",2024-07-22,"07-2024",325000,2024,"2","X",2023,2025,313.566,329184.206833649,12.7043727722529
"4948","22Q610052",2024-09-19,"09-2024",379900,2024,"2","X",2023,2025,314.851,383220.570047419,12.8563660033026
"4949","22Q610184",2024-11-19,"11-2024",245000,2024,"2","I",2023,2025,316.449,245893.445705311,12.4126535735396
"4950","22Q610553",2024-07-31,"07-2024",450000,2024,"2","X",2023,2025,313.566,455793.517154283,13.0297951726875
"4951","22Q630292",2024-05-09,"05-2024",475000,2024,"2","X",2023,2025,313.14,481769.895254519,13.0852218833056
"4952","22Q630922",2024-10-31,"10-2024",413000,2024,"2","X",2023,2025,315.564,415668.577531024,12.937643533091
"4953","22R110430",2024-06-07,"06-2024",260000,2024,"2","X",2023,2025,313.131,263713.206293851,12.4826174518377
"4954","22R110687",2024-07-24,"07-2024",283500,2024,"2","X",2023,2025,313.566,287149.915807199,12.5677597130909
"4955","22R111200",2024-10-28,"10-2024",160000,2024,"2","I",2023,2025,315.564,161033.831489017,11.9893697553638
"4956","22R111338",2024-07-15,"07-2024",250000,2024,"2","X",2023,2025,313.566,253218.620641269,12.4420085077854
"4957","22R111448",2024-11-06,"11-2024",265000,2024,"2","X",2023,2025,316.449,265966.380048602,12.4911251889811
"4958","22R120349",2024-09-10,"09-2024",410000,2024,"2","X",2023,2025,314.851,413583.663383632,12.9326151028074
"4959","22R210127",2024-10-01,"10-2024",315000,2024,"2","X",2023,2025,315.564,317035.355744001,12.6667685789556
"4960","22R210329",2024-06-26,"06-2024",505000,2024,"2","X",2023,2025,313.131,512212.189147673,13.1464942500975
"4961","22R210402",2024-08-27,"08-2024",483000,2024,"2","X",2023,2025,314.131,488338.460705884,13.0987640114491
"4962","22R220733",2024-04-05,"04-2024",375000,2024,"2","X",2023,2025,313.016,380495.326117515,12.8492291726802
"4963","22R240395",2024-04-05,"04-2024",445000,2024,"2","X",2023,2025,313.016,451521.120326118,13.0203774288761
"4964","22R240836",2024-04-04,"04-2024",325000,2024,"2","X",2023,2025,313.016,329762.615968513,12.7061283290395
"4965","22R310612",2024-04-01,"04-2024",310000,2024,"2","X",2023,2025,313.016,314542.802923812,12.658875444189
"4966","22R330210",2024-04-10,"04-2024",270000,2024,"2","X",2023,2025,313.016,273956.634804611,12.5207251057082
"4967","22R330944",2024-04-19,"04-2024",360000,2024,"2","X",2023,2025,313.016,365275.513072814,12.80840717816
"4968","22R340220",2024-07-12,"07-2024",521000,2024,"2","X",2023,2025,313.566,527707.605416404,13.1762976316765
"4969","22R420263",2024-03-28,"03-2024",315000,2024,"2","I",2023,2025,312.107,320546.943836569,12.677784015246
"4970","22R420483",2024-03-26,"03-2024",390000,2024,"2","X",2023,2025,312.107,396867.644750038,12.8913581155441
"4971","22R430181",2024-01-29,"01-2024",475000,2024,"2","X",2023,2025,309.794,486973.359716457,13.0959646977275
"4972","22R430219",2024-03-13,"03-2024",499500,2024,"2","X",2023,2025,312.107,508295.868083702,13.138818974509
"4973","22R430402",2024-04-26,"04-2024",550000,2024,"2","X",2023,2025,313.016,558059.811639022,13.2322214249363
"4974","22R440357",2024-10-11,"10-2024",430000,2024,"2","X",2023,2025,315.564,432778.422126732,12.9779811488176
"4975","22R440687",2024-05-03,"05-2024",560000,2024,"2","X",2023,2025,313.14,567981.350194801,13.2498438630002
"4976","22R440760",2024-03-27,"03-2024",285000,2024,"2","X",2023,2025,312.107,290018.663471181,12.577700556689
"4977","22R510171",2024-04-23,"04-2024",332500,2024,"2","I",2023,2025,313.016,337372.522490863,12.7289430068057
"4978","22R510281",2024-05-07,"05-2024",466000,2024,"2","X",2023,2025,313.14,472641.623554959,13.0660927133966
"4979","22R510546",2024-09-30,"09-2024",595000,2024,"2","X",2023,2025,314.851,600200.682227466,13.3050193486546
"4980","22R520510",2024-06-06,"06-2024",381000,2024,"2","X",2023,2025,313.131,386441.275376759,12.8647351959488
"4981","22R530117",2024-09-03,"09-2024",550000,2024,"2","X",2023,2025,314.851,554807.353319507,13.2263762213355
"4982","22R530382",2024-05-30,"05-2024",445000,2024,"2","X",2023,2025,313.14,451342.322922654,13.0199813614372
"4983","22R530593",2024-07-17,"07-2024",425000,2024,"2","X",2023,2025,313.566,430471.655090157,12.9726367588475
"4984","22R530658",2024-05-30,"05-2024",430000,2024,"2","X",2023,2025,313.14,436128.536756722,12.9856922879586
"4985","22R530896",2024-10-24,"10-2024",5e+05,2024,"2","X",2023,2025,315.564,503230.723403177,13.1288040385522
"4986","22R540282",2024-06-05,"06-2024",460000,2024,"2","X",2023,2025,313.131,466569.518827583,13.0531623103053
"4987","22R540585",2024-02-14,"02-2024",465000,2024,"2","X",2023,2025,311.022,474839.062831568,13.0707312105145
"4988","22R610062",2024-05-15,"05-2024",158000,2024,"2","I",2023,2025,313.14,160251.880947819,11.9845021122979
"4989","22R610062",2024-10-02,"10-2024",365000,2024,"2","X",2023,2025,315.564,367358.428084319,12.8140932937125
"4990","22R610325",2024-11-13,"11-2024",305000,2024,"2","X",2023,2025,316.449,306112.248735183,12.6317071396023
"4991","22R610536",2024-04-10,"04-2024",439900,2024,"2","X",2023,2025,313.016,446346.383890919,13.0088505750645
"4992","22R610673",2024-08-13,"08-2024",310000,2024,"2","4",2023,2025,314.131,313426.341239801,12.6553196552757
"4993","22R620638",2024-07-09,"07-2024",450000,2024,"2","X",2023,2025,313.566,455793.517154283,13.0297951726875
"4994","22S110011",2024-03-21,"03-2024",120000,2024,"2","I",2023,2025,312.107,122113.12146155,11.7127031192024
"4995","22S110204",2024-05-28,"05-2024",342000,2024,"2","X",2023,2025,313.14,346874.324583253,12.7567178163336
"4996","22S110424",2024-08-23,"08-2024",280000,2024,"2","X",2023,2025,314.131,283094.759829498,12.5535369609658
"4997","22S110581",2024-04-17,"04-2024",163000,2024,"2","X",2023,2025,313.016,165388.635085746,12.0160533475166
"4998","22S110608",2024-08-09,"08-2024",215000,2024,"2","Z",2023,2025,314.131,217376.333440507,12.2893853859242
"4999","22S110855",2024-05-14,"05-2024",186000,2024,"2","X",2023,2025,313.14,188650.948457559,12.1476537529842
"5000","22S111304",2024-06-20,"06-2024",150000,2024,"2","X",2023,2025,313.131,152142.234400299,11.9325711149184
"5001","22S111405",2024-10-02,"10-2024",195000,2024,"2","X",2023,2025,315.564,196259.982127239,12.1871954986937
"5002","22S120250",2024-06-25,"06-2024",369000,2024,"2","X",2023,2025,313.131,374269.896624735,12.8327324648627
"5003","22S120272",2024-08-05,"08-2024",410000,2024,"2","X",2023,2025,314.131,414531.612607479,12.9349045174949
"5004","22S121121",2024-05-28,"05-2024",180000,2024,"2","X",2023,2025,313.14,182565.433991186,12.1148639301612
"5005","22S121383",2024-07-19,"07-2024",129500,2024,"2","X",2023,2025,313.566,131167.245492177,11.7842284710627
"5006","22S121394",2024-09-24,"09-2024",142000,2024,"2","X",2023,2025,314.851,143241.171220673,11.8722850007103
"5007","22S121570",2024-06-04,"06-2024",108000,2024,"2","I",2023,2025,313.131,109542.408768215,11.6040670479464
"5008","22S121570",2024-10-10,"10-2024",163000,2024,"2","X",2023,2025,315.564,164053.215829436,12.0079461409367
"5009","22S130013",2024-08-05,"08-2024",260000,2024,"2","X",2023,2025,314.131,262873.705555962,12.479428988812
"5010","22S210384",2024-11-04,"11-2024",365000,2024,"2","X",2023,2025,316.449,366331.051765055,12.8112927165774
"5011","22S210432",2024-06-13,"06-2024",315000,2024,"2","X",2023,2025,313.131,319498.692240628,12.6745084596478
"5012","22S220185",2024-01-03,"01-2024",150000,2024,"2","I",2023,2025,309.794,153781.060963092,11.9432851877891
"5013","22S220332",2024-04-30,"04-2024",240000,2024,"2","X",2023,2025,313.016,243517.008715209,12.4029420700518
"5014","22S220662",2024-07-11,"07-2024",195000,2024,"2","4",2023,2025,313.566,197510.524100189,12.1935471484869
"5015","22S220691",2024-07-30,"07-2024",270000,2024,"2","X",2023,2025,313.566,273476.11029257,12.5189695489215
"5016","22S230063",2024-07-30,"07-2024",305000,2024,"2","X",2023,2025,313.566,308926.717182348,12.6408593665305
"5017","22S230544",2024-07-11,"07-2024",632500,2024,"2","X",2023,2025,313.566,640643.110222409,13.3702278105248
"5018","22S240426",2024-07-19,"07-2024",312000,2024,"2","I",2023,2025,313.566,316016.838560303,12.6635507777326
"5019","22S310523",2024-05-21,"05-2024",240000,2024,"2","X",2023,2025,313.14,243420.578654915,12.4025460026129
"5020","22S330394",2024-06-05,"06-2024",530000,2024,"2","X",2023,2025,313.131,537569.22821439,13.1948128273683
"5021","22S340162",2024-06-18,"06-2024",350000,2024,"2","I",2023,2025,313.131,354998.546934031,12.7798689753056
"5022","22S340627",2024-03-18,"03-2024",495000,2024,"2","X",2023,2025,312.107,503716.626028894,13.1297691389891
"5023","22S340737",2024-05-31,"05-2024",440000,2024,"2","X",2023,2025,313.14,446271.060867344,13.0086818061833
"5024","22S340920",2024-11-19,"11-2024",244000,2024,"2","I",2023,2025,316.449,244889.798988147,12.4085635882881
"5025","22S410078",2024-07-25,"07-2024",167750,2024,"2","I",2023,2025,313.566,169909.694450291,12.0430223657749
"5026","22S410078",2024-07-25,"07-2024",167750,2024,"2","4",2023,2025,313.566,169909.694450291,12.0430223657749
"5027","22S410412",2024-07-31,"07-2024",451000,2024,"2","X",2023,2025,313.566,456806.391636848,13.0320149294258
"5028","22S420011",2024-02-20,"02-2024",275000,2024,"2","X",2023,2025,311.022,280818.800599315,12.5454649025938
"5029","22S420176",2024-04-02,"04-2024",281000,2024,"2","X",2023,2025,313.016,285117.831037391,12.5606578160436
"5030","22S640264",2024-07-29,"07-2024",530000,2024,"2","X",2023,2025,313.566,536823.475759489,13.1934245964693
"5031","22T110250",2024-10-09,"10-2024",285000,2024,"2","I",2023,2025,315.564,286841.512339811,12.5666851203986
"5032","22T110764",2024-03-19,"03-2024",5e+05,2024,"2","X",2023,2025,312.107,508804.672756458,13.1398194748426
"5033","22T130142",2024-04-04,"04-2024",336000,2024,"2","X",2023,2025,313.016,340923.812201293,12.739414306673
"5034","22T130803",2024-09-20,"09-2024",590000,2024,"2","X",2023,2025,314.851,595156.979015471,13.2965804800088
"5035","22T140262",2024-02-13,"02-2024",325000,2024,"2","X",2023,2025,311.022,331876.764344644,12.7125189872569
"5036","22T140400",2024-09-19,"09-2024",77085,2024,"2","4",2023,2025,314.851,77758.7724193349,11.2613666522213
"5037","22T140574",2024-05-03,"05-2024",375000,2024,"2","X",2023,2025,313.14,380344.654148304,12.8488331052414
"5038","22T210992",2024-01-31,"01-2024",165000,2024,"2","X",2023,2025,309.794,169159.167059401,12.0385953675935
"5039","22T211331",2024-02-07,"02-2024",152500,2024,"2","X",2023,2025,311.022,155726.789423256,11.9558584009747
"5040","22T230581",2024-10-02,"10-2024",128000,2024,"2","P",2023,2025,315.564,128827.065191213,11.7662262040496
"5041","22T230792",2024-06-07,"06-2024",225000,2024,"2","X",2023,2025,313.131,228213.351600448,12.3380362230266
"5042","22T230958",2024-06-12,"06-2024",115000,2024,"2","X",2023,2025,313.131,116642.379706896,11.6668679491854
"5043","22T240094",2024-10-11,"10-2024",288000,2024,"2","X",2023,2025,315.564,289860.89668023,12.5771564202659
"5044","22T240133",2024-08-15,"08-2024",150000,2024,"1","X",2023,2025,314.131,151657.907051517,11.9293826518928
"5045","22T240281",2024-08-20,"08-2024",330000,2024,"2","X",2023,2025,314.131,333647.395513337,12.717840012257
"5046","22T310054",2024-03-18,"03-2024",3e+05,2024,"2","X",2023,2025,312.107,305282.803653875,12.6289938510766
"5047","22T310405",2024-11-25,"11-2024",375000,2024,"2","X",2023,2025,316.449,376367.518936701,12.8383213889653
"5048","22T310542",2024-02-28,"02-2024",4e+05,2024,"2","X",2023,2025,311.022,408463.709962639,12.9201583520352
"5049","22T310607",2024-05-30,"05-2024",365000,2024,"2","X",2023,2025,313.14,370202.130037683,12.8218044328534
"5050","22T310762",2024-04-11,"04-2024",709290,2024,"2","X",2023,2025,313.016,719684.079631712,13.4865676164116
"5051","22T310771",2024-02-13,"02-2024",699113,2024,"2","X",2023,2025,311.022,713905.724157777,13.4785061936091
"5052","22T310836",2024-07-17,"07-2024",748543,2024,"2","X",2023,2025,313.566,758180.103802708,13.5386762403625
"5053","22T310845",2024-07-11,"07-2024",697750,2024,"2","X",2023,2025,313.566,706733.17020978,13.4684084623396
"5054","22T310854",2024-05-29,"05-2024",692538,2024,"2","X",2023,2025,313.14,702408.336252156,13.4622701894732
"5055","22T310863",2024-06-12,"06-2024",722995,2024,"2","X",2023,2025,313.131,733320.498401628,13.5053381273277
"5056","22T320064",2024-02-15,"02-2024",716900,2024,"2","X",2023,2025,311.022,732069.08418054,13.503630165786
"5057","22T320284",2024-08-09,"08-2024",260000,2024,"2","X",2023,2025,314.131,262873.705555962,12.479428988812
"5058","22T330425",2024-05-31,"05-2024",413777,2024,"2","X",2023,2025,313.14,419674.319892061,12.9472342606307
"5059","22T340051",2024-10-11,"10-2024",207000,2024,"2","I",2023,2025,315.564,208337.519488915,12.2469147333953
"5060","22T340710",2024-06-28,"06-2024",330000,2024,"2","X",2023,2025,313.131,334712.915680658,12.7210284752827
"5061","22T340747",2024-01-30,"01-2024",330000,2024,"2","X",2023,2025,309.794,338318.334118802,12.7317425481534
"5062","22T410286",2024-09-03,"09-2024",690000,2024,"2","X",2023,2025,314.851,696031.043255381,13.4531495407003
"5063","22T420102",2024-06-25,"06-2024",426000,2024,"2","X",2023,2025,313.131,432083.945696849,12.9763751670915
"5064","22T420285",2024-05-22,"05-2024",635000,2024,"2","X",2023,2025,313.14,644050.281024462,13.3755320781636
"5065","22T430433",2024-09-25,"09-2024",380000,2024,"2","X",2023,2025,314.851,383321.444111659,12.8566291958294
"5066","22T440214",2024-05-14,"05-2024",450000,2024,"2","X",2023,2025,313.14,456413.584977965,13.0311546620353
"5067","22T520297",2024-04-18,"04-2024",150000,2024,"2","I",2023,2025,313.016,152198.130447006,11.9329384408061
"5068","22T540251",2024-03-12,"03-2024",528573,2024,"2","I",2023,2025,312.107,537880.824585799,13.1953922989659
"5069","22T540482",2024-05-31,"05-2024",3200000,2024,"2","P",2023,2025,313.14,3245607.71539886,14.9928131680588
"5070","22T540938",2024-11-04,"11-2024",580000,2024,"2","X",2023,2025,316.449,582115.09595543,13.2744234665354
"5071","22T610156",2024-04-26,"04-2024",2e+05,2024,"2","X",2023,2025,313.016,202930.840596008,12.2206205132578
"5072","22T610167",2024-07-02,"07-2024",195000,2024,"2","X",2023,2025,313.566,197510.524100189,12.1935471484869
"5073","22T620023",2024-01-16,"01-2024",170000,2024,"2","I",2023,2025,309.794,174285.202424837,12.0684483307431
"5074","22T620034",2024-10-17,"10-2024",247000,2024,"2","X",2023,2025,315.564,248595.977361169,12.423584276758
"5075","22T620232",2024-09-19,"09-2024",345000,2024,"2","I",2023,2025,314.851,348015.521627691,12.7600023601404
"5076","22T620496",2024-07-11,"07-2024",425000,2024,"2","X",2023,2025,313.566,430471.655090157,12.9726367588475
"5077","22T630936",2024-05-28,"05-2024",229900,2024,"2","X",2023,2025,313.14,233176.629303187,12.3595515110401
"5078","22T640241",2024-04-03,"04-2024",217000,2024,"2","I",2023,2025,313.016,220179.962046669,12.3022005002503
"5079","22T640241",2024-10-02,"10-2024",451000,2024,"2","X",2023,2025,315.564,453914.112509665,13.0256632796327
"5080","22U110224",2024-11-06,"11-2024",570000,2024,"2","X",2023,2025,316.449,572078.628783785,13.2570317238235
"5081","22U120692",2024-10-01,"10-2024",517000,2024,"2","X",2023,2025,315.564,520340.567998885,13.1622388146384
"5082","22U130226",2024-05-16,"05-2024",615000,2024,"2","X",2023,2025,313.14,623765.232803219,13.3435293470775
"5083","22U130280",2024-08-09,"08-2024",484000,2024,"2","X",2023,2025,314.131,489349.513419561,13.1008322645131
"5084","22U140034",2024-05-03,"05-2024",580000,2024,"2","X",2023,2025,313.14,588266.398416044,13.2849351828114
"5085","22U210104",2024-07-02,"07-2024",560000,2024,"2","X",2023,2025,313.566,567209.710236442,13.2484843736523
"5086","22U210948",2024-11-04,"11-2024",420000,2024,"2","I",2023,2025,316.449,421531.621209105,12.9516500742723
"5087","22U211020",2024-07-16,"07-2024",465000,2024,"2","X",2023,2025,313.566,470986.634392759,13.0625849955105
"5088","22U310332",2024-07-31,"07-2024",359500,2024,"2","X",2023,2025,313.566,364128.376482144,12.8052617670842
"5089","22U310534",2024-04-15,"04-2024",462000,2024,"2","X",2023,2025,313.016,468770.241776778,13.0578680377915
"5090","22U320690",2024-03-27,"03-2024",3e+05,2024,"2","I",2023,2025,312.107,305282.803653875,12.6289938510766
"5091","22U320755",2024-08-08,"08-2024",430000,2024,"2","X",2023,2025,314.131,434752.666881015,12.9825325664841
"5092","22U340528",2024-06-05,"06-2024",340000,2024,"2","X",2023,2025,313.131,344855.731307344,12.7508814384323
"5093","22U340739",2024-06-05,"06-2024",470000,2024,"2","X",2023,2025,313.131,476712.33445427,13.0746685155262
"5094","22U410131",2024-07-25,"07-2024",490000,2024,"2","X",2023,2025,313.566,496308.496456886,13.1149529810278
"5095","22U410362",2024-08-08,"08-2024",450000,2024,"2","X",2023,2025,314.131,454973.72115455,13.0279949405609
"5096","22U430122",2024-09-11,"09-2024",655000,2024,"2","X",2023,2025,314.851,660725.120771413,13.4010931787443
"5097","22U540131",2024-10-09,"10-2024",675000,2024,"2","X",2023,2025,315.564,679361.476594288,13.4289086310025
"5098","22U610100",2024-05-29,"05-2024",442000,2024,"2","X",2023,2025,313.14,448299.565689468,13.0132169613487
"5099","22U610210",2024-10-09,"10-2024",545000,2024,"2","X",2023,2025,315.564,548521.488509462,13.2149817347932
"5100","22U630681",2024-07-15,"07-2024",7e+05,2024,"2","X",2023,2025,313.566,709012.137795552,13.4716279249665
"5101","22U640592",2024-07-02,"07-2024",579000,2024,"2","X",2023,2025,313.566,586454.325405178,13.2818500674961
"5102","22U640691",2024-09-25,"09-2024",475000,2024,"2","X",2023,2025,314.851,479151.805139574,13.0797727471437
"5103","22V130061",2024-01-09,"01-2024",425000,2024,"2","I",2023,2025,309.794,435713.006062093,12.9847390626173
"5104","22V140172",2024-05-13,"05-2024",630000,2024,"2","X",2023,2025,313.14,638979.018969151,13.3676268986565
"5105","22V140190",2024-11-07,"11-2024",635000,2024,"2","X",2023,2025,316.449,637315.66539948,13.3650203618876
"5106","22V140310",2024-01-25,"01-2024",1550000,2024,"2","P",2023,2025,309.794,1589070.96328528,14.2786601036062
"5107","22V240492",2024-06-04,"06-2024",631000,2024,"2","X",2023,2025,313.131,640011.666043924,13.3692416833634
"5108","22V240492",2024-06-24,"06-2024",631000,2024,"2","4",2023,2025,313.131,640011.666043924,13.3692416833634
"5109","22V320361",2024-06-26,"06-2024",535000,2024,"2","X",2023,2025,313.131,542640.636027733,13.2042025677181
"5110","22V330115",2024-06-10,"06-2024",5e+05,2024,"2","X",2023,2025,313.131,507140.78133433,13.1365439192443
"5111","22V330409",2024-04-24,"04-2024",476500,2024,"2","X",2023,2025,313.016,483482.727719989,13.0887708698041
"5112","22V330537",2024-09-23,"09-2024",735000,2024,"2","X",2023,2025,314.851,741424.372163341,13.5163284423219
"5113","22V340639",2024-05-02,"05-2024",618000,2024,"2","X",2023,2025,313.14,626807.990036405,13.3483955367286
"5114","22V440234",2024-03-28,"03-2024",475000,2024,"2","X",2023,2025,312.107,483364.439118636,13.088526180455
"5115","22V440472",2024-08-02,"08-2024",550000,2024,"2","X",2023,2025,314.131,556078.992522228,13.228665636023
"5116","22V620304",2024-06-03,"06-2024",717000,2024,"2","X",2023,2025,313.131,727239.880433429,13.4970116614218
"5117","22V620726",2024-11-21,"11-2024",730000,2024,"2","X",2023,2025,316.449,732662.103530111,13.5044398971373
"5118","22V630121",2024-01-23,"01-2024",465000,2024,"2","X",2023,2025,309.794,476721.288985584,13.0746872992802
"5119","22V640151",2024-05-13,"05-2024",420000,2024,"2","I",2023,2025,313.14,425986.012646101,12.9621617905484
"5120","22V640151",2024-09-06,"09-2024",629000,2024,"2","X",2023,2025,314.851,634497.864069036,13.3605891998095
"5121","22W120061",2024-03-05,"03-2024",525000,2024,"2","X",2023,2025,312.107,534244.906394281,13.188609639012
"5122","22W140081",2024-09-25,"09-2024",9e+05,2024,"2","X",2023,2025,314.851,907866.578159193,13.7188527064333
"5123","22W140173",2024-01-09,"01-2024",880000,2024,"2","X",2023,2025,309.794,902182.224316804,13.7125718011651
"5124","22W310095",2024-10-24,"10-2024",736000,2024,"2","X",2023,2025,315.564,740755.624849476,13.5154260588589
"5125","22W320115",2024-05-10,"05-2024",869050,2024,"2","X",2023,2025,313.14,881436.057833557,13.6893077402804
"5126","22W320193",2024-08-08,"08-2024",1200000,2024,"2","4",2023,2025,314.131,1213263.25641213,14.0088241935726
"5127","22W410113",2024-02-16,"02-2024",1150000,2024,"2","X",2023,2025,311.022,1174333.16614259,13.9762110262845
"5128","22W410122",2024-04-19,"04-2024",1037500,2024,"2","X",2023,2025,313.016,1052703.73559179,13.8668723988147
"5129","22W420051",2024-01-10,"01-2024",232000,2024,"1","X",2023,2025,309.794,237848.040956248,12.3793872653592
"5130","22W430133",2024-07-01,"07-2024",1500000,2024,"2","X",2023,2025,313.566,1519311.72384761,14.2337679770134
"5131","22X410150",2024-06-20,"06-2024",498000,2024,"2","X",2023,2025,313.131,505112.218208993,13.1325358978468
"5132","22X620140",2024-01-09,"01-2024",1510000,2024,"2","X",2023,2025,309.794,1548062.68036179,14.2525148235018
"5133","22X640133",2024-02-15,"02-2024",1175000,2024,"2","X",2023,2025,311.022,1199862.14801525,13.9977172315054
"5134","22Y130082",2024-11-20,"11-2024",750000,2024,"2","X",2023,2025,316.449,752735.037873401,13.5314685695253
"5135","22Y130110",2024-08-19,"08-2024",735000,2024,"2","X",2023,2025,314.131,743123.744552432,13.5186178570093
"5136","22Y130183",2024-01-12,"01-2024",750000,2024,"2","X",2023,2025,309.794,768905.304815458,13.5527231002232
"5137","22Y410216",2024-10-01,"10-2024",750000,2024,"2","X",2023,2025,315.564,754846.085104765,13.5342691466603
"5138","22Y630072",2024-07-02,"07-2024",760000,2024,"2","X",2023,2025,313.566,769784.606749456,13.5538660232035
"5139","22Z640218",2024-05-29,"05-2024",550000,2024,"2","X",2023,2025,313.14,557838.82608418,13.2318253574975
"5140","23J110385",2024-09-30,"09-2024",225000,2024,"2","X",2023,2025,314.851,226966.644539798,12.3325583453134
"5141","23J110514",2024-01-10,"01-2024",270000,2024,"2","X",2023,2025,309.794,276805.909733565,12.5310718526913
"5142","23J111012",2024-01-18,"01-2024",291000,2024,"2","X",2023,2025,309.794,298335.258268398,12.6059731608644
"5143","23J111210",2024-04-04,"04-2024",225000,2024,"2","4",2023,2025,313.016,228297.195670509,12.3384035489142
"5144","23J111311",2024-07-09,"07-2024",160000,2024,"2","X",2023,2025,313.566,162059.917210412,11.995721405157
"5145","23J112112",2024-09-30,"09-2024",362000,2024,"2","X",2023,2025,314.851,365164.112548475,12.8081021549348
"5146","23J112503",2024-08-12,"08-2024",80000,2024,"2","I",2023,2025,314.131,80884.2170941423,11.3007739924704
"5147","23J112596",2024-10-29,"10-2024",166000,2024,"2","X",2023,2025,315.564,167072.600169855,12.0261837284865
"5148","23J112640",2024-09-12,"09-2024",165000,2024,"2","X",2023,2025,314.851,166442.205995852,12.0224034170096
"5149","23J112695",2024-02-22,"02-2024",147000,2024,"2","X",2023,2025,311.022,150110.41341127,11.9191263917059
"5150","23J113081",2024-05-02,"05-2024",157500,2024,"2","X",2023,2025,313.14,159744.754742288,11.9813325375366
"5151","23J113212",2024-07-01,"07-2024",175000,2024,"2","X",2023,2025,313.566,177253.034448888,12.0853335638466
"5152","23J113223",2024-09-05,"09-2024",175500,2024,"2","X",2023,2025,314.851,177033.982741043,12.0840969860149
"5153","23J113290",2024-05-31,"05-2024",175500,2024,"2","X",2023,2025,313.14,178001.298141406,12.0895461221769
"5154","23J113586",2024-10-28,"10-2024",154000,2024,"2","X",2023,2025,315.564,154995.062808178,11.9511485425436
"5155","23J113612",2024-05-29,"05-2024",154000,2024,"2","X",2023,2025,313.14,156194.87130357,11.9588596816846
"5156","23J120533",2024-11-06,"11-2024",155000,2024,"2","X",2023,2025,316.449,155565.241160503,11.9548204799141
"5157","23J120937",2024-08-13,"08-2024",250000,2024,"2","X",2023,2025,314.131,252763.178419195,12.4402082756588
"5158","23J121132",2024-07-10,"07-2024",385000,2024,"2","X",2023,2025,313.566,389956.675787554,12.8737909242109
"5159","23J121716",2024-01-11,"01-2024",452700,2024,"2","X",2023,2025,309.794,464111.241986611,13.0478795481348
"5160","23J130141",2024-07-15,"07-2024",262000,2024,"2","X",2023,2025,313.566,265373.114432049,12.4888920936842
"5161","23J140113",2024-06-10,"06-2024",525000,2024,"2","X",2023,2025,313.131,532497.820401046,13.1853340834138
"5162","23J140571",2024-05-14,"05-2024",284900,2024,"2","X",2023,2025,313.14,288960.511911605,12.5740453207748
"5163","23J210078",2024-07-02,"07-2024",235000,2024,"2","X",2023,2025,313.566,238025.503402792,12.3801331040673
"5164","23J210144",2024-06-25,"06-2024",178000,2024,"2","I",2023,2025,313.131,180542.118155021,12.1037193711142
"5165","23J210302",2024-07-24,"07-2024",349900,2024,"2","X",2023,2025,313.566,354404.781449519,12.7781949892968
"5166","23J210584",2024-01-26,"01-2024",265000,2024,"2","X",2023,2025,309.794,271679.874368129,12.5123797196791
"5167","23J210605",2024-05-07,"05-2024",275000,2024,"2","X",2023,2025,313.14,278919.41304209,12.5386781769375
"5168","23J220055",2024-01-22,"01-2024",142500,2024,"2","I",2023,2025,309.794,146092.007914937,11.8919918934016
"5169","23J220211",2024-10-10,"10-2024",220000,2024,"2","X",2023,2025,315.564,221421.518297398,12.3078234864823
"5170","23J230043",2024-05-28,"05-2024",239000,2024,"2","X",2023,2025,313.14,242406.326243853,12.3983706312025
"5171","23J310079",2024-03-29,"03-2024",2e+05,2024,"2","X",2023,2025,312.107,203521.869102583,12.2235287429684
"5172","23J310486",2024-10-18,"10-2024",147890,2024,"2","5",2023,2025,315.564,148845.583368192,11.9106646943087
"5173","23J410146",2024-09-04,"09-2024",270000,2024,"2","X",2023,2025,314.851,272359.973447758,12.5148799021074
"5174","23J410487",2024-09-25,"09-2024",350000,2024,"2","X",2023,2025,314.851,353059.224839686,12.7743910975925
"5175","23J411235",2024-10-16,"10-2024",450000,2024,"2","X",2023,2025,315.564,452907.651062859,13.0234435228943
"5176","23J411774",2024-08-19,"08-2024",269900,2024,"2","X",2023,2025,314.131,272883.127421362,12.5167988778205
"5177","23J420145",2024-02-16,"02-2024",290000,2024,"2","X",2023,2025,311.022,296136.189722913,12.5985747279077
"5178","23J420156",2024-07-01,"07-2024",365000,2024,"2","X",2023,2025,313.566,369699.186136252,12.8204449435056
"5179","23J420411",2024-10-18,"10-2024",240000,2024,"2","X",2023,2025,315.564,241550.747233525,12.394834863472
"5180","23J420695",2024-07-18,"07-2024",288500,2024,"2","X",2023,2025,313.566,292214.288220024,12.5852426758713
"5181","23J420952",2024-03-14,"03-2024",262500,2024,"2","I",2023,2025,312.107,267122.453197141,12.4954624584521
"5182","23J420952",2024-07-02,"07-2024",452000,2024,"2","X",2023,2025,313.566,457819.266119414,13.0342297697554
"5183","23J421410",2024-02-27,"02-2024",298000,2024,"2","X",2023,2025,311.022,304305.463922166,12.6257872914326
"5184","23J421805",2024-07-18,"07-2024",316000,2024,"2","X",2023,2025,313.566,320068.336490563,12.67628980351
"5185","23J430210",2024-09-27,"09-2024",333000,2024,"2","X",2023,2025,314.851,335910.633918901,12.7246004330895
"5186","23J430302",2024-10-08,"10-2024",265000,2024,"2","X",2023,2025,315.564,266712.283403684,12.4939257661162
"5187","23J430706",2024-07-12,"07-2024",230000,2024,"2","X",2023,2025,313.566,232961.130989967,12.3586268988463
"5188","23J440264",2024-07-12,"07-2024",290000,2024,"2","X",2023,2025,313.566,293733.599943871,12.5904285129036
"5189","23J510169",2024-04-22,"04-2024",310000,2024,"2","X",2023,2025,313.016,314542.802923812,12.658875444189
"5190","23J510312",2024-09-12,"09-2024",215000,2024,"2","I",2023,2025,314.851,216879.238115807,12.2870959712367
"5191","23J510334",2024-08-08,"08-2024",290000,2024,"2","X",2023,2025,314.131,293205.286966266,12.588628280777
"5192","23J510389",2024-01-18,"01-2024",250000,2024,"2","X",2023,2025,309.794,256301.768271819,12.4541108115551
"5193","23J510390",2024-09-23,"09-2024",245000,2024,"2","X",2023,2025,314.851,247141.45738778,12.4177161536537
"5194","23J510411",2024-04-15,"04-2024",340000,2024,"2","X",2023,2025,313.016,344982.429013213,12.75124876432
"5195","23J510433",2024-07-01,"07-2024",190000,2024,"2","I",2023,2025,313.566,192446.151687364,12.1675716620836
"5196","23J510598",2024-05-10,"05-2024",213000,2024,"2","X",2023,2025,313.14,216035.763556237,12.2831992449804
"5197","23J510703",2024-01-05,"01-2024",222000,2024,"2","X",2023,2025,309.794,227595.970225376,12.3353272755652
"5198","23J511050",2024-10-29,"10-2024",310000,2024,"2","X",2023,2025,315.564,312003.048509969,12.6507682376092
"5199","23J511193",2024-10-28,"10-2024",255000,2024,"2","X",2023,2025,315.564,256647.66893562,12.4554594852884
"5200","23J511335",2024-02-05,"02-2024",277000,2024,"2","X",2023,2025,311.022,282861.119149128,12.5527113111145
"5201","23J520180",2024-08-15,"08-2024",285000,2024,"2","X",2023,2025,314.131,288150.023397882,12.5712365380652
"5202","23J520267",2024-06-13,"06-2024",252000,2024,"2","X",2023,2025,313.131,255598.953792502,12.4513649083336
"5203","23J520355",2024-08-01,"08-2024",332000,2024,"2","X",2023,2025,314.131,335669.50094069,12.723882326713
"5204","23J520377",2024-01-22,"01-2024",229000,2024,"2","X",2023,2025,309.794,234772.419736987,12.3663718972471
"5205","23J530503",2024-08-12,"08-2024",350000,2024,"2","X",2023,2025,314.131,353868.449786872,12.77668051228
"5206","23J530673",2024-11-25,"11-2024",108750,2024,"2","I",2023,2025,316.449,109146.580491643,11.6004470329637
"5207","23J540111",2024-08-01,"08-2024",190000,2024,"2","I",2023,2025,314.131,192100.015598588,12.165771429957
"5208","23K110991",2024-03-06,"03-2024",495000,2024,"2","X",2023,2025,312.107,503716.626028894,13.1297691389891
"5209","23K111077",2024-04-15,"04-2024",457825,2024,"2","P",2023,2025,313.016,464534.060479337,13.0487901617368
"5210","23K121252",2024-01-24,"01-2024",2e+05,2024,"2","I",2023,2025,309.794,205041.414617456,12.2309672602409
"5211","23K121304",2024-04-16,"04-2024",215000,2024,"2","X",2023,2025,313.016,218150.653640708,12.2929411748375
"5212","23K121362",2024-08-01,"08-2024",250000,2024,"2","X",2023,2025,314.131,252763.178419195,12.4402082756588
"5213","23K121414",2024-11-07,"11-2024",515000,2024,"2","X",2023,2025,316.449,516878.059339736,13.1555622636586
"5214","23K130324",2024-06-24,"06-2024",425000,2024,"2","X",2023,2025,313.131,431069.66413418,12.9740249897466
"5215","23K130829",2024-04-08,"04-2024",620000,2024,"2","X",2023,2025,313.016,629085.605847624,13.3520226247489
"5216","23K140271",2024-01-05,"01-2024",2e+05,2024,"2","I",2023,2025,309.794,205041.414617456,12.2309672602409
"5217","23K140271",2024-10-29,"10-2024",332000,2024,"2","X",2023,2025,315.564,334145.200339709,12.7193309090465
"5218","23K140453",2024-09-13,"09-2024",440000,2024,"2","X",2023,2025,314.851,443845.882655605,13.0032326700213
"5219","23K140563",2024-07-19,"07-2024",5e+05,2024,"2","X",2023,2025,313.566,506437.241282537,13.1351556883453
"5220","23K140590",2024-09-16,"09-2024",385000,2024,"2","X",2023,2025,314.851,388365.147323655,12.8697012773968
"5221","23K210385",2024-06-03,"06-2024",920000,2024,"2","X",2023,2025,313.131,933139.037655167,13.7463094908652
"5222","23K240838",2024-01-03,"01-2024",510000,2024,"2","X",2023,2025,309.794,522855.607274512,13.1670606194113
"5223","23K241130",2024-06-25,"06-2024",490000,2024,"2","X",2023,2025,313.131,496997.965707643,13.1163412119268
"5224","23K310265",2024-01-04,"01-2024",167500,2024,"1","X",2023,2025,309.794,171722.184742119,12.053633244958
"5225","23K310452",2024-02-14,"02-2024",371000,2024,"2","X",2023,2025,311.022,378850.090990348,12.8448958675346
"5226","23K321012",2024-08-20,"08-2024",291900,2024,"2","5",2023,2025,314.131,295126.287122252,12.5951586356566
"5227","23K330405",2024-09-05,"09-2024",290500,2024,"2","X",2023,2025,314.851,293039.156616939,12.588061519401
"5228","23K330744",2024-08-15,"08-2024",255000,2024,"2","I",2023,2025,314.131,257818.441987578,12.4600109029549
"5229","23K330827",2024-04-30,"04-2024",275000,2024,"2","X",2023,2025,313.016,279029.905819511,12.5390742443764
"5230","23K340075",2024-01-02,"01-2024",238000,2024,"2","X",2023,2025,309.794,243999.283394772,12.4049205673644
"5231","23K410080",2024-09-03,"09-2024",1180000,2024,"2","X",2023,2025,314.851,1190313.95803094,13.9897276605687
"5232","23K410925",2024-08-07,"08-2024",1550000,2024,"2","X",2023,2025,314.131,1567131.70619901,14.2647575677098
"5233","23K420144",2024-10-10,"10-2024",697000,2024,"2","X",2023,2025,315.564,701503.628424028,13.4609813508905
"5234","23K420980",2024-01-02,"01-2024",995000,2024,"2","X",2023,2025,309.794,1020081.03772184,13.8353926308515
"5235","23K430055",2024-04-24,"04-2024",665000,2024,"2","X",2023,2025,313.016,674745.044981726,13.4220901873657
"5236","23K430422",2024-10-16,"10-2024",425000,2024,"2","X",2023,2025,315.564,427746.1148927,12.9662851090544
"5237","23O140815",2024-05-28,"05-2024",935000,2024,"2","X",2023,2025,313.14,948326.004343105,13.7624536085596
"5238","23O140815",2024-05-28,"05-2024",935000,2024,"2","4",2023,2025,313.14,948326.004343105,13.7624536085596
"5239","23O210062",2024-04-15,"04-2024",520000,2024,"2","X",2023,2025,313.016,527620.185549621,13.1761319582853
"5240","23O230280",2024-07-19,"07-2024",780000,2024,"2","X",2023,2025,313.566,790042.096400758,13.5798415096068
"5241","23O320183",2024-10-08,"10-2024",832500,2024,"2","X",2023,2025,315.564,837879.154466289,13.6386291619846
"5242","23O340107",2024-05-17,"05-2024",550000,2024,"2","X",2023,2025,313.14,557838.82608418,13.2318253574975
"5243","23O340217",2024-11-06,"11-2024",540000,2024,"2","X",2023,2025,316.449,541969.227268849,13.2029645025532
"5244","23O410011",2024-07-12,"07-2024",751000,2024,"2","X",2023,2025,313.566,760668.736406371,13.5419532416873
"5245","23O430132",2024-06-05,"06-2024",599000,2024,"2","X",2023,2025,313.131,607554.656038527,13.3171974189376
"5246","23O430293",2024-08-14,"08-2024",455000,2024,"2","X",2023,2025,314.131,460028.984722934,13.0390447767475
"5247","23O430307",2024-05-30,"05-2024",338000,2024,"2","I",2023,2025,313.14,342817.314939005,12.744952974754
"5248","23O430307",2024-09-18,"09-2024",640000,2024,"2","X",2023,2025,314.851,645594.011135426,13.3779261194627
"5249","23O430619",2024-04-11,"04-2024",795000,2024,"2","X",2023,2025,313.016,806650.091369131,13.6006452613641
"5250","23O440094",2024-07-26,"07-2024",676250,2024,"2","X",2023,2025,313.566,684956.368834631,13.4371104200838
"5251","23O440546",2024-06-13,"06-2024",7e+05,2024,"2","X",2023,2025,313.131,709997.093868062,13.4730161558655
"5252","23O510692",2024-01-05,"01-2024",1182000,2024,"2","X",2023,2025,309.794,1211794.76038916,14.0076130916589
"5253","23O520442",2024-08-01,"08-2024",840000,2024,"2","X",2023,2025,314.131,849284.279488494,13.6521492496339
"5254","23O530261",2024-02-02,"02-2024",667300,2024,"2","X",2023,2025,311.022,681419.584145173,13.4319335248367
"5255","23O530838",2024-03-21,"03-2024",1e+06,2024,"2","X",2023,2025,312.107,1017609.34551292,13.8329666554025
"5256","23O540114",2024-04-09,"04-2024",667500,2024,"2","X",2023,2025,313.016,677281.680489176,13.4258425369842
"5257","23O540370",2024-09-30,"09-2024",1565000,2024,"2","X",2023,2025,314.851,1578679.1053546,14.2720990460833
"5258","23O610202",2024-02-09,"02-2024",225000,2024,"1","X",2023,2025,311.022,229760.836853985,12.3447942071316
"5259","23O630992",2024-03-27,"03-2024",575000,2024,"2","X",2023,2025,312.107,585125.373669927,13.2795814172177
"5260","23O631186",2024-01-10,"01-2024",305000,2024,"2","X",2023,2025,309.794,312688.15729162,12.6529616703003
"5261","23O631252",2024-04-09,"04-2024",716000,2024,"2","X",2023,2025,313.016,726492.409333708,13.4959833136705
"5262","23O642274",2024-07-10,"07-2024",365000,2024,"2","X",2023,2025,313.566,369699.186136252,12.8204449435056
"5263","23O642384",2024-04-04,"04-2024",3e+05,2024,"2","X",2023,2025,313.016,304396.260894012,12.626085621366
"5264","23O642652",2024-04-02,"04-2024",310000,2024,"2","X",2023,2025,313.016,314542.802923812,12.658875444189
"5265","23P120245",2024-03-25,"03-2024",555099,2024,"2","X",2023,2025,312.107,564873.930084875,13.2443578526377
"5266","23P130255",2024-06-03,"06-2024",550000,2024,"2","X",2023,2025,313.131,557854.859467763,13.2318540990487
"5267","23P140393",2024-02-20,"02-2024",595000,2024,"2","X",2023,2025,311.022,607589.768569426,13.3172552104728
"5268","23P140568",2024-07-05,"07-2024",925000,2024,"2","X",2023,2025,313.566,936908.896372694,13.7503413274355
"5269","23P140614",2024-04-05,"04-2024",719000,2024,"2","X",2023,2025,313.016,729536.371942648,13.5001645044309
"5270","23P220510",2024-08-02,"08-2024",278500,2024,"2","X",2023,2025,314.131,281578.180758983,12.5481654171639
"5271","23P220868",2024-07-15,"07-2024",351500,2024,"2","X",2023,2025,313.566,356025.380621624,12.7827573011738
"5272","23P240246",2024-05-15,"05-2024",525000,2024,"2","X",2023,2025,313.14,532482.515807626,13.1853053418626
"5273","23P240640",2024-06-24,"06-2024",505500,2024,"2","X",2023,2025,313.131,512719.329929007,13.1474838592827
"5274","23P240723",2024-11-19,"11-2024",399000,2024,"2","X",2023,2025,316.449,400455.04014865,12.9003567798848
"5275","23P240925",2024-07-15,"07-2024",295900,2024,"2","X",2023,2025,313.566,299709.559391005,12.6105691493293
"5276","23P240970",2024-10-29,"10-2024",344400,2024,"2","X",2023,2025,315.564,346625.322280108,12.7559997126836
"5277","23P240989",2024-03-08,"03-2024",227500,2024,"2","X",2023,2025,312.107,231506.126104189,12.3523616148114
"5278","23P241081",2024-06-21,"06-2024",405000,2024,"2","X",2023,2025,313.131,410784.032880807,12.9258228879287
"5279","23P241135",2024-01-05,"01-2024",249000,2024,"2","X",2023,2025,309.794,255276.561198732,12.4501027901576
"5280","23P310417",2024-05-15,"05-2024",330000,2024,"2","5",2023,2025,313.14,334703.295650508,12.7209997337315
"5281","23P310417",2024-10-30,"10-2024",635000,2024,"2","X",2023,2025,315.564,639103.018722034,13.3678209390227
"5282","23P310453",2024-09-06,"09-2024",615000,2024,"2","X",2023,2025,314.851,620375.495075448,13.3380802109155
"5283","23P311351",2024-10-17,"10-2024",275000,2024,"2","X",2023,2025,315.564,276776.897871747,12.5309670377966
"5284","23P330271",2024-07-26,"07-2024",315000,2024,"2","X",2023,2025,313.566,319055.462007998,12.6731202287488
"5285","23P330501",2024-10-23,"10-2024",309380,2024,"2","X",2023,2025,315.564,311379.042412949,12.6487662349385
"5286","23P330592",2024-04-12,"04-2024",355000,2024,"2","X",2023,2025,313.016,360202.242057914,12.7944209361852
"5287","23P340465",2024-07-30,"07-2024",515000,2024,"2","X",2023,2025,313.566,521630.358521013,13.1647144905869
"5288","23P340612",2024-05-02,"05-2024",517500,2024,"2","X",2023,2025,313.14,524875.62272466,13.1709166044105
"5289","23P440693",2024-10-18,"10-2024",550000,2024,"2","X",2023,2025,315.564,553553.795743494,13.2241142183565
"5290","23P520113",2024-06-13,"06-2024",475000,2024,"2","X",2023,2025,313.131,481783.742267613,13.0852506248568
"5291","23P540362",2024-07-03,"07-2024",472500,2024,"2","X",2023,2025,313.566,478583.193011998,13.0785853368569
"5292","23P610652",2024-03-27,"03-2024",788000,2024,"2","X",2023,2025,312.107,801876.164264178,13.5947094662783
"5293","23P620671",2024-02-12,"02-2024",550000,2024,"2","X",2023,2025,311.022,561637.601198629,13.2386120831537
"5294","23P630131",2024-07-24,"07-2024",230000,2024,"2","X",2023,2025,313.566,232961.130989967,12.3586268988463
"5295","23P630250",2024-02-07,"02-2024",184000,2024,"2","X",2023,2025,311.022,187893.306582814,12.1436295625362
"5296","23P631097",2024-07-02,"07-2024",405200,2024,"2","X",2023,2025,313.566,410416.740335368,12.9249283622977
"5297","23P640150",2024-10-08,"10-2024",650000,2024,"2","X",2023,2025,315.564,654199.940424129,13.3911683030197
"5298","23P640224",2024-10-08,"10-2024",485000,2024,"2","X",2023,2025,315.564,488133.801701081,13.0983448310675
"5299","23P640251",2024-03-22,"03-2024",368063,2024,"2","I",2023,2025,312.107,374544.348537521,12.8334654955892
"5300","23P640251",2024-06-25,"06-2024",537500,2024,"2","X",2023,2025,313.131,545176.339934405,13.208864580824
"5301","23P640921",2024-08-01,"08-2024",670000,2024,"2","X",2023,2025,314.131,677405.318163441,13.4260250701815
"5302","23Q110052",2024-01-24,"01-2024",395000,2024,"2","X",2023,2025,309.794,404956.793869475,12.911535658594
"5303","23Q110081",2024-03-21,"03-2024",275000,2024,"2","I",2023,2025,312.107,279842.570016052,12.5419824740869
"5304","23Q110081",2024-06-25,"06-2024",410000,2024,"2","X",2023,2025,313.131,415855.44069415,12.9380929805205
"5305","23Q110676",2024-05-13,"05-2024",395000,2024,"2","X",2023,2025,313.14,400629.702369547,12.9007928441721
"5306","23Q120127",2024-05-07,"05-2024",345000,2024,"2","X",2023,2025,313.14,349917.08181644,12.7654514963023
"5307","23Q120741",2024-01-31,"01-2024",328000,2024,"2","X",2023,2025,309.794,336267.919972627,12.725663502077
"5308","23Q121171",2024-07-22,"07-2024",420000,2024,"2","X",2023,2025,313.566,425407.282677331,12.9608023012005
"5309","23Q121209",2024-01-23,"01-2024",220000,2024,"2","I",2023,2025,309.794,225545.556079201,12.3262774400452
"5310","23Q121209",2024-05-06,"05-2024",363000,2024,"2","X",2023,2025,313.14,368173.625215559,12.8163099135358
"5311","23Q130054",2024-06-10,"06-2024",1075000,2024,"2","X",2023,2025,313.131,1090352.67986881,13.9020117613839
"5312","23Q130210",2024-11-01,"11-2024",267500,2024,"2","X",2023,2025,316.449,268475.496841513,12.500514929331
"5313","23Q130229",2024-01-02,"01-2024",222500,2024,"1","X",2023,2025,309.794,228108.573761919,12.3375769952992
"5314","23Q130238",2024-09-05,"09-2024",889900,2024,"2","X",2023,2025,314.851,897678.297670962,13.7075670399718
"5315","23Q140239",2024-04-10,"04-2024",274000,2024,"2","X",2023,2025,313.016,278015.251616531,12.5354312530979
"5316","23Q210639",2024-05-13,"05-2024",368000,2024,"2","X",2023,2025,313.14,373244.887270869,12.8299900174399
"5317","23Q240292",2024-02-27,"02-2024",410000,2024,"2","X",2023,2025,311.022,418675.302711705,12.9448509646255
"5318","23Q340154",2024-05-15,"05-2024",350000,2024,"2","X",2023,2025,313.14,354988.343871751,12.7798402337544
"5319","23Q410242",2024-04-24,"04-2024",4e+05,2024,"2","X",2023,2025,313.016,405861.681192016,12.9137676938178
"5320","23Q410343",2024-04-15,"04-2024",455000,2024,"2","X",2023,2025,313.016,461667.662355918,13.0426005656608
"5321","23Q410392",2024-01-17,"01-2024",343000,2024,"2","X",2023,2025,309.794,351646.026068936,12.7703803408588
"5322","23Q440171",2024-02-27,"02-2024",225000,2024,"2","I",2023,2025,311.022,229760.836853985,12.3447942071316
"5323","23Q441192",2024-10-18,"10-2024",730000,2024,"2","X",2023,2025,315.564,734716.856168638,13.5072404742724
"5324","23Q510184",2024-06-05,"06-2024",285500,2024,"2","X",2023,2025,313.131,289577.386141902,12.5761778499182
"5325","23Q510232",2024-06-04,"06-2024",2e+05,2024,"2","I",2023,2025,313.131,202856.312533732,12.2202531873702
"5326","23Q510261",2024-05-08,"05-2024",155000,2024,"2","I",2023,2025,313.14,157209.123714632,11.9653321961902
"5327","23Q610240",2024-09-04,"09-2024",350000,2024,"2","X",2023,2025,314.851,353059.224839686,12.7743910975925
"5328","23Q610284",2024-06-21,"06-2024",156000,2024,"2","X",2023,2025,313.131,158227.923776311,11.9717918280717
"5329","23Q610323",2024-08-15,"08-2024",195000,2024,"2","X",2023,2025,314.131,197155.279166972,12.1917469163603
"5330","23Q611098",2024-03-04,"03-2024",150000,2024,"2","X",2023,2025,312.107,152641.401826938,11.9358466705166
"5331","23Q620173",2024-05-15,"05-2024",175000,2024,"2","X",2023,2025,313.14,177494.171935875,12.0866930531945
"5332","23Q620333",2024-08-21,"08-2024",175000,2024,"2","X",2023,2025,314.131,176934.224893436,12.08353333172
"5333","23Q620342",2024-08-13,"08-2024",170000,2024,"2","X",2023,2025,314.131,171878.961325052,12.0545457948468
"5334","23R110118",2024-05-29,"05-2024",270000,2024,"2","I",2023,2025,313.14,273848.150986779,12.5203290382693
"5335","23R110604",2024-09-05,"09-2024",9e+05,2024,"2","X",2023,2025,314.851,907866.578159193,13.7188527064333
"5336","23R110705",2024-10-25,"10-2024",820000,2024,"2","X",2023,2025,315.564,825298.386381209,13.6235002803883
"5337","23R111126",2024-07-31,"07-2024",720000,2024,"2","X",2023,2025,313.566,729269.627446853,13.4997988019332
"5338","23R120045",2024-01-24,"01-2024",220000,2024,"2","I",2023,2025,309.794,225545.556079201,12.3262774400452
"5339","23R120045",2024-08-22,"08-2024",385000,2024,"2","X",2023,2025,314.131,389255.29476556,12.8719906920843
"5340","23R120843",2024-09-23,"09-2024",895000,2024,"2","X",2023,2025,314.851,902822.874947197,13.7132816613839
"5341","23R130073",2024-05-15,"05-2024",185552,2024,"2","X",2023,2025,313.14,188196.563377403,12.1452422454853
"5342","23R130688",2024-04-23,"04-2024",8e+05,2024,"2","X",2023,2025,313.016,811723.362384032,13.6069148743777
"5343","23R210061",2024-10-21,"10-2024",352100,2024,"2","X",2023,2025,315.564,354375.075420517,12.778111166291
"5344","23R220484",2024-02-15,"02-2024",362000,2024,"2","X",2023,2025,311.022,369659.657516189,12.820338016753
"5345","23R220897",2024-02-16,"02-2024",319000,2024,"2","4",2023,2025,311.022,325749.808695205,12.693884907712
"5346","23R221007",2024-06-03,"06-2024",417500,2024,"2","X",2023,2025,313.131,423462.552414165,12.9562203651131
"5347","23R221337",2024-08-28,"08-2024",615000,2024,"2","X",2023,2025,314.131,621797.418911219,13.340369625603
"5348","23R230063",2024-06-13,"06-2024",140000,2024,"2","I",2023,2025,313.131,141999.418773612,11.8635782434314
"5349","23R230623",2024-10-25,"10-2024",185000,2024,"2","4",2023,2025,315.564,186195.367659175,12.1345517652083
"5350","23R310354",2024-10-03,"10-2024",175000,2024,"2","I",2023,2025,315.564,176130.753191112,12.0789819140535
"5351","23R310390",2024-03-06,"03-2024",383000,2024,"2","X",2023,2025,312.107,389744.379331447,12.873246365601
"5352","23R310767",2024-10-09,"10-2024",625000,2024,"2","X",2023,2025,315.564,629038.404253971,13.3519475898664
"5353","23R311005",2024-05-31,"05-2024",460000,2024,"2","I",2023,2025,313.14,466556.109088587,13.0531335687541
"5354","23R311005",2024-08-01,"08-2024",545000,2024,"2","X",2023,2025,314.131,551023.728953844,13.2195331524598
"5355","23R311014",2024-03-04,"03-2024",529900,2024,"2","X",2023,2025,312.107,539231.192187295,13.1978996859191
"5356","23R320191",2024-05-23,"05-2024",460000,2024,"2","X",2023,2025,313.14,466556.109088587,13.0531335687541
"5357","23R320520",2024-02-21,"02-2024",322000,2024,"2","X",2023,2025,311.022,328813.286519925,12.7032453504716
"5358","23R330181",2024-01-11,"01-2024",342000,2024,"2","X",2023,2025,309.794,350620.818995849,12.7674606307555
"5359","23R330530",2024-05-30,"05-2024",210000,2024,"2","I",2023,2025,313.14,212993.00632305,12.2690146099884
"5360","23R330769",2024-08-06,"08-2024",80000,2024,"2","I",2023,2025,314.131,80884.2170941423,11.3007739924704
"5361","23R331092",2024-11-15,"11-2024",305000,2024,"2","X",2023,2025,316.449,306112.248735183,12.6317071396023
"5362","23R340054",2024-05-01,"05-2024",305000,2024,"2","I",2023,2025,313.14,309346.985373954,12.6422188558784
"5363","23R340577",2024-07-12,"07-2024",335000,2024,"2","X",2023,2025,313.566,339312.9516593,12.7346781217482
"5364","23R340632",2024-09-20,"09-2024",4e+05,2024,"2","X",2023,2025,314.851,403496.256959641,12.907922490217
"5365","23R340908",2024-11-04,"11-2024",345000,2024,"2","X",2023,2025,316.449,346258.117421765,12.7549397800263
"5366","23R410436",2024-10-16,"10-2024",215000,2024,"2","I",2023,2025,315.564,216389.211063366,12.2848339682576
"5367","23R410519",2024-01-02,"01-2024",202500,2024,"2","I",2023,2025,309.794,207604.432300174,12.2433897802395
"5368","23R510628",2024-09-18,"09-2024",185000,2024,"2","I",2023,2025,314.851,186617.018843834,12.1368137681873
"5369","23R521352",2024-05-23,"05-2024",295000,2024,"2","X",2023,2025,313.14,299204.461263333,12.6088824356108
"5370","23R540034",2024-07-10,"07-2024",155000,2024,"2","I",2023,2025,313.566,156995.544797587,11.9639727068424
"5371","23R540034",2024-10-23,"10-2024",252000,2024,"2","X",2023,2025,315.564,253628.284595201,12.4436250276414
"5372","23R540153",2024-09-18,"09-2024",230000,2024,"2","X",2023,2025,314.851,232010.347751794,12.3545372520322
"5373","23R610636",2024-04-23,"04-2024",136000,2024,"2","I",2023,2025,313.016,137992.971605285,11.8349580324459
"5374","23R611323",2024-09-24,"09-2024",105000,2024,"2","I",2023,2025,314.851,105917.767451906,11.5704182932665
"5375","23R611406",2024-03-22,"03-2024",193000,2024,"2","X",2023,2025,312.107,196398.603683993,12.1879015653253
"5376","23R611493",2024-06-04,"06-2024",250000,2024,"2","X",2023,2025,313.131,253570.390667165,12.4433967386844
"5377","23R611754",2024-02-22,"02-2024",215000,2024,"2","X",2023,2025,311.022,219549.244104919,12.2993318330548
"5378","23R611772",2024-11-04,"11-2024",210000,2024,"2","X",2023,2025,316.449,210765.810604552,12.2585028937124
"5379","23R630216",2024-08-23,"08-2024",243000,2024,"2","X",2023,2025,314.131,245685.809423457,12.4118088011371
"5380","23R640235",2024-08-02,"08-2024",260000,2024,"2","X",2023,2025,314.131,262873.705555962,12.479428988812
"5381","23R640327",2024-10-28,"10-2024",267000,2024,"2","X",2023,2025,315.564,268725.206297296,12.5014445985302
"5382","23R640529",2024-07-09,"07-2024",229500,2024,"2","X",2023,2025,313.566,232454.693748685,12.3564506194237
"5383","23S120662",2024-07-08,"07-2024",335000,2024,"2","X",2023,2025,313.566,339312.9516593,12.7346781217482
"5384","23S120873",2024-03-19,"03-2024",295000,2024,"2","I",2023,2025,312.107,300194.75692631,12.6121867327602
"5385","23S120929",2024-09-04,"09-2024",310000,2024,"2","X",2023,2025,314.851,312709.599143722,12.6530302405882
"5386","23S120974",2024-07-23,"07-2024",340750,2024,"2","X",2023,2025,313.566,345136.979934049,12.7516966604998
"5387","23S121102",2024-01-04,"01-2024",380000,2024,"2","X",2023,2025,309.794,389578.687773165,12.8728211464133
"5388","23S121175",2024-10-10,"10-2024",399999,2024,"2","X",2023,2025,315.564,402583.572261094,12.9056579872348
"5389","23S520123",2024-03-07,"03-2024",215000,2024,"2","I",2023,2025,312.107,218786.009285277,12.295849404548
"5390","23S520321",2024-04-16,"04-2024",362500,2024,"2","X",2023,2025,313.016,367812.148580264,12.8153276210045
"5391","23S540011",2024-02-16,"02-2024",267000,2024,"2","X",2023,2025,311.022,272649.526400062,12.5159424633274
"5392","23S540132",2024-05-07,"05-2024",273000,2024,"2","X",2023,2025,313.14,276890.908219966,12.5313788744559
"5393","23S610785",2024-01-24,"01-2024",205000,2024,"2","X",2023,2025,309.794,210167.449982892,12.2556598728313
"5394","23S620058",2024-03-20,"03-2024",281500,2024,"2","X",2023,2025,312.107,286457.030761886,12.5653438240001
"5395","23S620388",2024-08-07,"08-2024",290000,2024,"2","X",2023,2025,314.131,293205.286966266,12.588628280777
"5396","23T110112",2024-07-15,"07-2024",601000,2024,"2","X",2023,2025,313.566,608737.56402161,13.3191425244583
"5397","23T110141",2024-06-20,"06-2024",560000,2024,"2","X",2023,2025,313.131,567997.675094449,13.2498726045513
"5398","23T110323",2024-02-26,"02-2024",560000,2024,"2","X",2023,2025,311.022,571849.193947695,13.2566305886564
"5399","23T140445",2024-07-23,"07-2024",715000,2024,"2","X",2023,2025,313.566,724205.255034028,13.4928301326171
"5400","23T140528",2024-01-31,"01-2024",868000,2024,"2","X",2023,2025,309.794,889879.739439757,13.6988416083532
"5401","23T210263",2024-05-23,"05-2024",3e+05,2024,"2","X",2023,2025,313.14,304275.723318643,12.6256895539272
"5402","23T230151",2024-05-15,"05-2024",8e+05,2024,"2","X",2023,2025,313.14,811401.928849716,13.6065188069389
"5403","23T320212",2024-05-09,"05-2024",274828,2024,"2","4",2023,2025,313.14,278744.961627387,12.5380525267138
"5404","23T320212",2024-07-12,"07-2024",310000,2024,"2","X",2023,2025,313.566,313991.089595173,12.6571198874023
"5405","23T330240",2024-08-28,"08-2024",349900,2024,"2","X",2023,2025,314.131,353767.344515505,12.7763947571702
"5406","23T330727",2024-07-16,"07-2024",491000,2024,"2","X",2023,2025,313.566,497321.370939451,13.1169917177176
"5407","23T340151",2024-05-24,"05-2024",327000,2024,"2","X",2023,2025,313.14,331660.538417321,12.7118672501682
"5408","23T340508",2024-08-09,"08-2024",360000,2024,"2","X",2023,2025,314.131,363978.97692364,12.8048513892467
"5409","23T340654",2024-05-03,"05-2024",385000,2024,"2","X",2023,2025,313.14,390487.178258926,12.8751504135587
"5410","23T340856",2024-04-23,"04-2024",340000,2024,"2","X",2023,2025,313.016,344982.429013213,12.75124876432
"5411","23T341424",2024-06-25,"06-2024",430000,2024,"2","X",2023,2025,313.131,436141.071947524,12.9857210295097
"5412","23T420404",2024-05-14,"05-2024",435000,2024,"2","X",2023,2025,313.14,441199.798812033,12.9972531103596
"5413","23T420431",2024-04-02,"04-2024",450000,2024,"2","X",2023,2025,313.016,456594.391341018,13.0315507294742
"5414","23T420462",2024-03-14,"03-2024",406000,2024,"2","X",2023,2025,312.107,413149.394278244,12.9315645360221
"5415","23T420743",2024-09-04,"09-2024",4e+05,2024,"2","X",2023,2025,314.851,403496.256959641,12.907922490217
"5416","23T440516",2024-03-14,"03-2024",1650000,2024,"2","X",2023,2025,312.107,1679055.42009631,14.333741943315
"5417","23T440635",2024-09-30,"09-2024",245000,2024,"2","X",2023,2025,314.851,247141.45738778,12.4177161536537
"5418","23T510411",2024-03-13,"03-2024",223000,2024,"2","X",2023,2025,312.107,226926.88404938,12.3323831478805
"5419","23T511102",2024-08-06,"08-2024",213000,2024,"2","X",2023,2025,314.131,215354.228013154,12.2800395235059
"5420","23T511113",2024-09-05,"09-2024",195500,2024,"2","X",2023,2025,314.851,197208.795589025,12.1920183225344
"5421","23T511278",2024-04-01,"04-2024",92000,2024,"2","I",2023,2025,313.016,93348.1866741636,11.4440917237589
"5422","23T511278",2024-05-10,"05-2024",180000,2024,"2","X",2023,2025,313.14,182565.433991186,12.1148639301612
"5423","23T511575",2024-03-22,"03-2024",2e+05,2024,"2","X",2023,2025,312.107,203521.869102583,12.2235287429684
"5424","23T511883",2024-09-06,"09-2024",194000,2024,"2","X",2023,2025,314.851,195695.684625426,12.1843161021723
"5425","23T512444",2024-10-11,"10-2024",415000,2024,"2","4",2023,2025,315.564,417681.500424637,12.9424744603607
"5426","23T520188",2024-09-30,"09-2024",190000,2024,"2","X",2023,2025,314.851,191660.72205583,12.1634820152695
"5427","23T520232",2024-10-23,"10-2024",225000,2024,"2","X",2023,2025,315.564,226453.825531429,12.3302963423344
"5428","23T520421",2024-07-22,"07-2024",153000,2024,"2","X",2023,2025,313.566,154969.795832456,11.9509855113156
"5429","23T520485",2024-07-30,"07-2024",205000,2024,"2","X",2023,2025,313.566,207639.26892584,12.2435575690615
"5430","23T520683",2024-01-30,"01-2024",140000,2024,"2","Z",2023,2025,309.794,143528.990232219,11.8742923163022
"5431","23T520683",2024-10-03,"10-2024",192500,2024,"2","X",2023,2025,315.564,193743.828510223,12.1742920938578
"5432","23T610511",2024-01-22,"01-2024",330000,2024,"2","X",2023,2025,309.794,338318.334118802,12.7317425481534
"5433","23T611136",2024-04-22,"04-2024",247000,2024,"2","X",2023,2025,313.016,250619.58813607,12.4316914833378
"5434","23T620442",2024-04-03,"04-2024",222000,2024,"2","I",2023,2025,313.016,225253.233061569,12.3249805285821
"5435","23T620442",2024-04-04,"04-2024",255000,2024,"2","I",2023,2025,313.016,258736.82175991,12.4635666918682
"5436","23T620673",2024-03-08,"03-2024",289000,2024,"2","X",2023,2025,312.107,294089.100853233,12.5916380645328
"5437","23U130766",2024-01-08,"01-2024",392500,2024,"2","X",2023,2025,309.794,402393.776186756,12.9051864309153
"5438","23U131334",2024-08-02,"08-2024",3e+05,2024,"2","I",2023,2025,314.131,303315.814103033,12.6225298324527
"5439","23U131471",2024-07-05,"07-2024",360000,2024,"2","X",2023,2025,313.566,364634.813723427,12.8066516213733
"5440","23U140354",2024-07-17,"07-2024",410000,2024,"2","X",2023,2025,313.566,415278.53785168,12.9367047496215
"5441","23U140381",2024-06-20,"06-2024",350000,2024,"2","X",2023,2025,313.131,354998.546934031,12.7798689753056
"5442","23U140482",2024-07-15,"07-2024",361000,2024,"2","X",2023,2025,313.566,365647.688205992,12.809425548256
"5443","23U140529",2024-02-08,"02-2024",410000,2024,"2","I",2023,2025,311.022,418675.302711705,12.9448509646255
"5444","23U140529",2024-03-15,"03-2024",260000,2024,"2","4",2023,2025,312.107,264578.429833358,12.4858930074359
"5445","23U140703",2024-04-02,"04-2024",1100000,2024,"2","F",2023,2025,313.016,1116119.62327804,13.9253686054963
"5446","23U210097",2024-10-08,"10-2024",490000,2024,"2","X",2023,2025,315.564,493166.108935113,13.1086013312347
"5447","23U210196",2024-08-19,"08-2024",385000,2024,"2","X",2023,2025,314.131,389255.29476556,12.8719906920843
"5448","23U220580",2024-05-13,"05-2024",410000,2024,"2","X",2023,2025,313.14,415843.488535479,12.9380642389693
"5449","23U310296",2024-07-09,"07-2024",550000,2024,"2","X",2023,2025,313.566,557080.965410791,13.2304658681496
"5450","23U320350",2024-04-23,"04-2024",407500,2024,"2","X",2023,2025,313.016,413471.587714366,12.9323440793907
"5451","23U320561",2024-04-11,"04-2024",425000,2024,"2","X",2023,2025,313.016,431228.036266517,12.9743923156342
"5452","23U330591",2024-10-25,"10-2024",390000,2024,"2","X",2023,2025,315.564,392519.964254478,12.8803426792537
"5453","23U330719",2024-06-12,"06-2024",393000,2024,"2","X",2023,2025,313.131,398612.654128783,12.8957454326914
"5454","23U340637",2024-05-01,"05-2024",419900,2024,"2","X",2023,2025,313.14,425884.587404995,12.9619236669611
"5455","23U410202",2024-05-02,"05-2024",446400,2024,"2","X",2023,2025,313.14,452762.276298141,13.0231224903381
"5456","23U420076",2024-09-05,"09-2024",520000,2024,"2","X",2023,2025,314.851,524545.134047534,13.1702867546845
"5457","23U420230",2024-06-18,"06-2024",425000,2024,"2","X",2023,2025,313.131,431069.66413418,12.9740249897466
"5458","23U420571",2024-07-01,"07-2024",450000,2024,"2","X",2023,2025,313.566,455793.517154283,13.0297951726875
"5459","23U420928",2024-06-06,"06-2024",392000,2024,"2","X",2023,2025,313.131,397598.372566115,12.8931976606126
"5460","23U430196",2024-01-05,"01-2024",406000,2024,"2","X",2023,2025,309.794,416234.071673435,12.9390030532946
"5461","23U430231",2024-08-16,"08-2024",441500,2024,"2","X",2023,2025,314.131,446379.773088298,13.0089253778405
"5462","23U430570",2024-03-20,"03-2024",480000,2024,"2","X",2023,2025,312.107,488452.4858462,13.0989974803223
"5463","23U440241",2024-11-13,"11-2024",580000,2024,"2","X",2023,2025,316.449,582115.09595543,13.2744234665354
"5464","23U440571",2024-08-23,"08-2024",686000,2024,"2","X",2023,2025,314.131,693582.16158227,13.4496249855224
"5465","23U440755",2024-08-26,"08-2024",610000,2024,"2","X",2023,2025,314.131,616742.155342835,13.3322063149639
"5466","23U630165",2024-10-16,"10-2024",273000,2024,"2","I",2023,2025,315.564,274763.974978134,12.5236677353149
"5467","23U630693",2024-04-02,"04-2024",807500,2024,"2","X",2023,2025,313.016,819333.268906382,13.6162462018066
"5468","23U630761",2024-03-27,"03-2024",710000,2024,"2","X",2023,2025,312.107,722502.635314171,13.4904763464557
"5469","23V120601",2024-03-12,"03-2024",312500,2024,"2","X",2023,2025,312.107,318002.920472787,12.6698158455968
"5470","23V120665",2024-08-02,"08-2024",305000,2024,"2","X",2023,2025,314.131,308371.077671417,12.6390591344039
"5471","23V121729",2024-10-18,"10-2024",535000,2024,"2","X",2023,2025,315.564,538456.874041399,13.196462687026
"5472","23V210063",2024-06-28,"06-2024",175000,2024,"1","X",2023,2025,313.131,177499.273467015,12.0867217947457
"5473","23V210085",2024-06-06,"06-2024",3e+05,2024,"2","X",2023,2025,313.131,304284.468800598,12.6257182954783
"5474","23V211196",2024-07-22,"07-2024",384900,2024,"2","X",2023,2025,313.566,389855.388339297,12.8735311502128
"5475","23V211332",2024-06-04,"06-2024",330500,2024,"2","I",2023,2025,313.131,335220.056461992,12.7225424801139
"5476","23V211332",2024-10-01,"10-2024",350000,2024,"2","X",2023,2025,315.564,352261.506382224,12.7721290946134
"5477","23V211350",2024-10-08,"10-2024",4e+05,2024,"2","X",2023,2025,315.564,402584.578722541,12.905660487238
"5478","23V211372",2024-04-30,"04-2024",432000,2024,"2","X",2023,2025,313.016,438330.615687377,12.9907287349539
"5479","23V211442",2024-06-04,"06-2024",385000,2024,"2","X",2023,2025,313.131,390498.401627434,12.8751791551099
"5480","23V211543",2024-08-13,"08-2024",460000,2024,"2","X",2023,2025,314.131,465084.248291318,13.0499738472797
"5481","23V211772",2024-07-16,"07-2024",526000,2024,"2","X",2023,2025,313.566,532771.977829229,13.1858488026608
"5482","23V212263",2024-09-27,"09-2024",528000,2024,"2","X",2023,2025,314.851,532615.059186726,13.1855542268153
"5483","23V220141",2024-06-28,"06-2024",400100,2024,"2","X",2023,2025,313.131,405814.053223731,12.9136503366853
"5484","23V230371",2024-05-29,"05-2024",230000,2024,"2","X",2023,2025,313.14,233278.054544293,12.3599863881942
"5485","23V230445",2024-05-24,"05-2024",165000,2024,"2","I",2023,2025,313.14,167351.647825254,12.0278525531715
"5486","23V230445",2024-08-09,"08-2024",245000,2024,"2","X",2023,2025,314.131,247707.914850811,12.4200055683412
"5487","23V230537",2024-09-04,"09-2024",87000,2024,"2","I",2023,2025,314.851,87760.435888722,11.3823660617636
"5488","23V231132",2024-05-23,"05-2024",129000,2024,"2","X",2023,2025,313.14,130838.561027017,11.7817194836326
"5489","23V231545",2024-01-04,"01-2024",695000,2024,"2","X",2023,2025,309.794,712518.915795658,13.4765617392577
"5490","23V231866",2024-05-14,"05-2024",575000,2024,"2","X",2023,2025,313.14,583195.136360733,13.2762771200683
"5491","23V231921",2024-07-03,"07-2024",695000,2024,"2","X",2023,2025,313.566,703947.765382727,13.4644594354879
"5492","23V240510",2024-07-23,"07-2024",318875,2024,"2","X",2023,2025,313.566,322980.350627938,12.6853467663851
"5493","23V240721",2024-03-19,"03-2024",324000,2024,"2","X",2023,2025,312.107,329705.427946185,12.7059548922127
"5494","23V241133",2024-09-27,"09-2024",690000,2024,"2","X",2023,2025,314.851,696031.043255381,13.4531495407003
"5495","23V320074",2024-10-15,"10-2024",390000,2024,"2","X",2023,2025,315.564,392519.964254478,12.8803426792537
"5496","23V330105",2024-09-03,"09-2024",425000,2024,"2","X",2023,2025,314.851,428714.773019619,12.9685471120334
"5497","23V330774",2024-10-15,"10-2024",730000,2024,"2","X",2023,2025,315.564,734716.856168638,13.5072404742724
"5498","23V330802",2024-06-28,"06-2024",962000,2024,"2","X",2023,2025,313.131,975738.863287251,13.7909502714878
"5499","23V340083",2024-06-03,"06-2024",335000,2024,"2","X",2023,2025,313.131,339784.323494001,12.7360663526472
"5500","23V340427",2024-05-02,"05-2024",355000,2024,"2","X",2023,2025,313.14,360059.605927061,12.7940248687464
"5501","23V340500",2024-07-23,"07-2024",440000,2024,"2","X",2023,2025,313.566,445664.772328633,13.0073223168354
"5502","23V340711",2024-09-13,"09-2024",353000,2024,"2","X",2023,2025,314.851,356085.446766883,12.7829260000423
"5503","23V340849",2024-04-25,"04-2024",475000,2024,"2","X",2023,2025,313.016,481960.746415519,13.0856179507445
"5504","23V420718",2024-08-01,"08-2024",535000,2024,"2","X",2023,2025,314.131,540913.201817076,13.2010141046925
"5505","23V421021",2024-04-10,"04-2024",465000,2024,"2","X",2023,2025,313.016,471814.204385718,13.0643405522972
"5506","23V440123",2024-06-20,"06-2024",442000,2024,"2","X",2023,2025,313.131,448312.450699548,13.0132457028998
"5507","23V510033",2024-09-03,"09-2024",132000,2024,"2","I",2023,2025,314.851,133153.764796682,11.7992598656954
"5508","23V510231",2024-06-24,"06-2024",130000,2024,"2","X",2023,2025,313.131,131856.603146926,11.7894702712777
"5509","23V510871",2024-04-02,"04-2024",465000,2024,"2","X",2023,2025,313.016,471814.204385718,13.0643405522972
"5510","23V511298",2024-05-13,"05-2024",365000,2024,"2","X",2023,2025,313.14,370202.130037683,12.8218044328534
"5511","23V511463",2024-03-25,"03-2024",235000,2024,"2","I",2023,2025,312.107,239138.196195535,12.3847968905645
"5512","23V511463",2024-07-05,"07-2024",340000,2024,"2","X",2023,2025,313.566,344377.324072125,12.7494932075333
"5513","23V511573",2024-06-04,"06-2024",505000,2024,"2","X",2023,2025,313.131,512212.189147673,13.1464942500975
"5514","23V511605",2024-08-28,"08-2024",445000,2024,"2","X",2023,2025,314.131,449918.457586166,13.0168216399628
"5515","23V520551",2024-11-01,"11-2024",330000,2024,"2","X",2023,2025,316.449,331203.416664297,12.7104880174554
"5516","23V520681",2024-07-11,"07-2024",405000,2024,"2","X",2023,2025,313.566,410214.165438855,12.9244346570297
"5517","23V530273",2024-08-08,"08-2024",4e+05,2024,"2","X",2023,2025,314.131,404421.085470711,12.9102119049045
"5518","23V530671",2024-07-09,"07-2024",450000,2024,"2","X",2023,2025,313.566,455793.517154283,13.0297951726875
"5519","23V530754",2024-10-07,"10-2024",495000,2024,"2","X",2023,2025,315.564,498198.416169145,13.1187537026987
"5520","23V531065",2024-07-30,"07-2024",480000,2024,"2","X",2023,2025,313.566,486179.751631236,13.0943336938251
"5521","23V540360",2024-10-11,"10-2024",365000,2024,"2","X",2023,2025,315.564,367358.428084319,12.8140932937125
"5522","23V540393",2024-05-21,"05-2024",428000,2024,"2","X",2023,2025,313.14,434100.031934598,12.9810302748528
"5523","23V540452",2024-06-26,"06-2024",4e+05,2024,"2","4",2023,2025,313.131,405712.625067464,12.9134003679301
"5524","23V540562",2024-01-10,"01-2024",365000,2024,"2","X",2023,2025,309.794,374200.581676856,12.8325472472754
"5525","23V540728",2024-06-20,"06-2024",420000,2024,"2","X",2023,2025,313.131,425998.256320837,12.9621905320996
"5526","23V540939",2024-09-03,"09-2024",495000,2024,"2","X",2023,2025,314.851,499326.617987556,13.1210157056777
"5527","23V541064",2024-02-21,"02-2024",462500,2024,"2","X",2023,2025,311.022,472286.164644302,13.0653403618797
"5528","23V541240",2024-05-08,"05-2024",405000,2024,"2","X",2023,2025,313.14,410772.226480169,12.9257941463775
"5529","23V610311",2024-07-11,"07-2024",410000,2024,"2","X",2023,2025,313.566,415278.53785168,12.9367047496215
"5530","23V610834",2024-06-27,"06-2024",471900,2024,"2","X",2023,2025,313.131,478639.469423341,13.0787029195545
"5531","23V620990",2024-10-03,"10-2024",425000,2024,"2","X",2023,2025,315.564,427746.1148927,12.9662851090544
"5532","23V621386",2024-03-05,"03-2024",485000,2024,"2","X",2023,2025,312.107,493540.532573765,13.1093602673579
"5533","23V630414",2024-07-01,"07-2024",513150,2024,"2","X",2023,2025,313.566,519756.540728268,13.1611157900148
"5534","23V630582",2024-09-04,"09-2024",470000,2024,"2","X",2023,2025,314.851,474108.101927578,13.0691906378131
"5535","23V630928",2024-10-09,"10-2024",454000,2024,"2","X",2023,2025,315.564,456933.496850084,13.0322931381713
"5536","23W440115",2024-05-17,"05-2024",850000,2024,"2","X",2023,2025,313.14,862114.549402823,13.6671434287553
"5537","23W530063",2024-10-02,"10-2024",1395000,2024,"2","X",2023,2025,315.564,1404013.71829486,14.1548456343854
"5538","23W630020",2024-09-23,"09-2024",420000,2024,"2","X",2023,2025,314.851,423671.069807623,12.9567126543864
"5539","23W630064",2024-08-28,"08-2024",285536,2024,"1","5",2023,2025,314.131,288691.947652413,12.5731154735143
"5540","23X140036",2024-06-24,"06-2024",370000,2024,"2","X",2023,2025,313.131,375284.178187404,12.8354388264604
"5541","23X230191",2024-06-05,"06-2024",639900,2024,"2","X",2023,2025,313.131,649038.771951675,13.3832477349676
"5542","23X620086",2024-08-16,"08-2024",2375000,2024,"2","X",2023,2025,314.131,2401250.19498235,14.6915000742653
"5543","23Y120145",2024-07-29,"07-2024",961070,2024,"2","X",2023,2025,313.566,973443.278958816,13.7885948370315
"5544","23Y240164",2024-06-14,"06-2024",760000,2024,"2","X",2023,2025,313.131,770853.987628181,13.5552542541025
"5545","23Y330108",2024-06-28,"06-2024",360000,2024,"1","X",2023,2025,313.131,365141.362560717,12.8080398522723
"5546","23Y620030",2024-06-11,"06-2024",615000,2024,"2","X",2023,2025,313.131,623783.161041226,13.3435580886287
"5547","23Y640151",2024-07-23,"07-2024",615000,2024,"2","X",2023,2025,313.566,622917.806777521,13.3421698577296
"5548","23Y640216",2024-06-03,"06-2024",806000,2024,"2","X",2023,2025,313.131,817510.93951094,13.6140195633288
"5549","24H110192",2024-09-03,"09-2024",187000,2024,"2","X",2023,2025,314.851,188634.500128632,12.1475665599636
"5550","24H110318",2024-07-30,"07-2024",275000,2024,"2","X",2023,2025,313.566,278540.482705395,12.5373186875897
"5551","24H110390",2024-09-06,"09-2024",160000,2024,"2","X",2023,2025,314.851,161398.502783856,11.9916317583428
"5552","24H111050",2024-09-10,"09-2024",154500,2024,"2","X",2023,2025,314.851,155850.429250661,11.9566520394468
"5553","24H111106",2024-05-15,"05-2024",215000,2024,"2","X",2023,2025,313.14,218064.268378361,12.2925451073986
"5554","24H130329",2024-07-05,"07-2024",276000,2024,"2","X",2023,2025,313.566,279553.35718796,12.5409484556403
"5555","24J120297",2024-10-24,"10-2024",260000,2024,"2","X",2023,2025,315.564,261679.976169652,12.4748775711455
"5556","24J120633",2024-05-20,"05-2024",783091,2024,"2","X",2023,2025,313.14,794251.934831066,13.5851559881767
"5557","24J130131",2024-11-01,"11-2024",777410,2024,"2","X",2023,2025,316.449,780244.994390881,13.5673632447211
"5558","24J130153",2024-10-08,"10-2024",1104908,2024,"2","X",2023,2025,315.564,1112047.30426791,13.9217132926971
"5559","24J130164",2024-10-17,"10-2024",1007394,2024,"2","X",2023,2025,315.564,1013903.22274404,13.8293180174976
"5560","24J140075",2024-07-15,"07-2024",210000,2024,"2","X",2023,2025,313.566,212703.641338666,12.2676551206406
"5561","24J140103",2024-09-03,"09-2024",258004,2024,"2","X",2023,2025,314.851,260259.120701538,12.4694330317864
"5562","24J140213",2024-07-03,"07-2024",307125,2024,"2","X",2023,2025,313.566,311079.075457798,12.6478024207645
"5563","24J140222",2024-10-17,"10-2024",220000,2024,"2","X",2023,2025,315.564,221421.518297398,12.3078234864823
"5564","24J140314",2024-11-01,"11-2024",779401,2024,"2","X",2023,2025,316.449,782243.255004756,13.5699210389369
"5565","24J140332",2024-10-03,"10-2024",760065,2024,"2","X",2023,2025,315.564,764976.119566871,13.547599896069
"5566","24J140341",2024-10-29,"10-2024",743724,2024,"2","X",2023,2025,315.564,748529.533064608,13.5258659383956
"5567","24J140350",2024-06-28,"06-2024",631078,2024,"2","X",2023,2025,313.131,640090.780005812,13.3693652890361
"5568","24J140372",2024-03-08,"03-2024",621780,2024,"2","X",2023,2025,312.107,632729.138853021,13.3577977088446
"5569","24J140383",2024-01-12,"01-2024",660677,2024,"2","X",2023,2025,309.794,677330.733426083,13.4259149605593
"5570","24J140552",2024-10-09,"10-2024",740333,2024,"2","X",2023,2025,315.564,745116.622298488,13.5212960251086
"5571","24J140626",2024-05-31,"05-2024",637709,2024,"2","X",2023,2025,313.14,646797.890806029,13.379789145712
"5572","24J140754",2024-03-12,"03-2024",815000,2024,"2","X",2023,2025,312.107,829351.616593027,13.6283994896612
"5573","24J140819",2024-09-30,"09-2024",880000,2024,"2","X",2023,2025,314.851,887691.765311211,13.6963798505813
"5574","24J140846",2024-09-23,"09-2024",1017032,2024,"2","X",2023,2025,314.851,1025921.51302044,13.841101803756
"5575","24J140965",2024-05-07,"05-2024",660000,2024,"2","X",2023,2025,313.14,669406.591301015,13.4141469142914
"5576","24J141001",2024-02-29,"02-2024",655000,2024,"2","4",2023,2025,311.022,668859.325063822,13.4133290405624
"5577","24J141001",2024-04-09,"04-2024",655000,2024,"2","X",2023,2025,313.016,664598.502951926,13.4069383823451
"5578","24J141065",2024-02-01,"02-2024",1196299,2024,"2","X",2023,2025,311.022,1221611.81941149,14.015681708193
"5579","24J141098",2024-01-30,"01-2024",575000,2024,"2","X",2023,2025,309.794,589494.067025185,13.2870199344902
"5580","24J211092",2024-06-04,"06-2024",345000,2024,"2","X",2023,2025,313.131,349927.139120688,12.7654802378535
"5581","24J211542",2024-01-12,"01-2024",261500,2024,"2","X",2023,2025,309.794,268091.649612323,12.4990841771979
"5582","24J220144",2024-10-29,"10-2024",184900,2024,"2","X",2023,2025,315.564,186094.721514495,12.1340110785231
"5583","24J220254",2024-07-03,"07-2024",205000,2024,"2","X",2023,2025,313.566,207639.26892584,12.2435575690615
"5584","24J220793",2024-09-23,"09-2024",275000,2024,"2","X",2023,2025,314.851,277403.676659753,12.5332290407756
"5585","24J220917",2024-10-15,"10-2024",295000,2024,"2","X",2023,2025,315.564,296906.126807874,12.6011712964698
"5586","24J221091",2024-02-22,"02-2024",150000,2024,"2","I",2023,2025,311.022,153173.89123599,11.9393290990234
"5587","24J221091",2024-08-21,"08-2024",485000,2024,"2","X",2023,2025,314.131,490360.566133237,13.102896248734
"5588","24J230835",2024-01-03,"01-2024",252000,2024,"2","X",2023,2025,309.794,258352.182417994,12.4620789812043
"5589","24J231166",2024-05-17,"05-2024",564043,2024,"2","X",2023,2025,313.14,572081.972692725,13.2570375689976
"5590","24J231177",2024-04-30,"04-2024",535000,2024,"2","X",2023,2025,313.016,542839.998594321,13.2045698936058
"5591","24J231210",2024-05-31,"05-2024",665223,2024,"2","X",2023,2025,313.14,674704.031643993,13.4220294020593
"5592","24J231232",2024-11-22,"11-2024",538488,2024,"2","X",2023,2025,316.449,540451.713432496,13.2001605752205
"5593","24J231276",2024-06-18,"06-2024",529406,2024,"2","X",2023,2025,313.131,536966.744966164,13.1936914441361
"5594","24J231397",2024-04-22,"04-2024",479915,2024,"2","X",2023,2025,313.016,486947.771823166,13.0959121515973
"5595","24J231430",2024-02-28,"02-2024",520025,2024,"2","X",2023,2025,311.022,531028.351933304,13.1825706922701
"5596","24J231496",2024-04-10,"04-2024",705000,2024,"2","X",2023,2025,313.016,715331.213100928,13.4805009495221
"5597","24J240054",2024-06-21,"06-2024",285000,2024,"2","X",2023,2025,313.131,289070.245360568,12.5744250010908
"5598","24J240423",2024-06-03,"06-2024",341000,2024,"2","X",2023,2025,313.131,345870.012870013,12.7538182981057
"5599","24J241211",2024-10-24,"10-2024",554252,2024,"2","X",2023,2025,315.564,557833.269815315,13.2318153970998
"5600","24J241297",2024-02-01,"02-2024",610000,2024,"2","X",2023,2025,311.022,622907.157693025,13.3421527620945
"5601","24J241303",2024-07-01,"07-2024",598679,2024,"2","X",2023,2025,313.566,606386.682347576,13.3152731512413
"5602","24J241312",2024-03-15,"03-2024",590000,2024,"2","X",2023,2025,312.107,600389.513852621,13.3053339133201
"5603","24J310113",2024-04-15,"04-2024",95000,2024,"2","I",2023,2025,313.016,96392.1492831037,11.4761800383104
"5604","24J310531",2024-10-02,"10-2024",205000,2024,"2","X",2023,2025,315.564,206324.596595302,12.2372059192684
"5605","24J320178",2024-08-05,"08-2024",193000,2024,"2","X",2023,2025,314.131,195133.173739618,12.1814375467014
"5606","24J320464",2024-08-01,"08-2024",184900,2024,"2","X",2023,2025,314.131,186943.646758836,12.1385624961896
"5607","24J320871",2024-02-22,"02-2024",275000,2024,"2","X",2023,2025,311.022,280818.800599315,12.5454649025938
"5608","24J321081",2024-10-03,"10-2024",110000,2024,"2","I",2023,2025,315.564,110710.759148699,11.6146763059224
"5609","24J330012",2024-04-24,"04-2024",380000,2024,"2","X",2023,2025,313.016,385568.597132415,12.8624743994302
"5610","24J330023",2024-09-26,"09-2024",270000,2024,"2","X",2023,2025,314.851,272359.973447758,12.5148799021074
"5611","24J330364",2024-05-09,"05-2024",315000,2024,"2","X",2023,2025,313.14,319489.509484576,12.6744797180966
"5612","24J330881",2024-06-13,"06-2024",330000,2024,"2","X",2023,2025,313.131,334712.915680658,12.7210284752827
"5613","24J331156",2024-06-14,"06-2024",350000,2024,"2","X",2023,2025,313.131,354998.546934031,12.7798689753056
"5614","24J420014",2024-08-21,"08-2024",644081,2024,"2","X",2023,2025,314.131,651199.842877653,13.3865718523892
"5615","24J420025",2024-05-14,"05-2024",629123,2024,"2","X",2023,2025,313.14,638089.51960465,13.366233865344
"5616","24J420036",2024-04-25,"04-2024",797855,2024,"2","X",2023,2025,313.016,809546.929118639,13.6042300233887
"5617","24J420058",2024-08-14,"08-2024",767211,2024,"2","X",2023,2025,314.131,775690.763512675,13.5615092191149
"5618","24J420069",2024-06-12,"06-2024",662985,2024,"2","X",2023,2025,313.131,672453.461825881,13.4186881863177
"5619","24J420070",2024-03-13,"03-2024",634744,2024,"2","X",2023,2025,312.107,645921.426408251,13.3784331444201
"5620","24J420081",2024-04-30,"04-2024",632836,2024,"2","X",2023,2025,313.016,642109.707197076,13.3725144515577
"5621","24J420102",2024-07-02,"07-2024",730844,2024,"2","X",2023,2025,313.566,740253.238335789,13.5147476206058
"5622","24J420113",2024-11-06,"11-2024",715000,2024,"2","X",2023,2025,316.449,717607.402772643,13.4836779056889
"5623","24J420124",2024-05-02,"05-2024",641823,2024,"2","X",2023,2025,313.14,650970.525225139,13.3862196440139
"5624","24J420146",2024-03-28,"03-2024",674903,2024,"2","X",2023,2025,312.107,686787.600114704,13.4397803532628
"5625","24J430167",2024-07-08,"07-2024",425000,2024,"2","X",2023,2025,313.566,430471.655090157,12.9726367588475
"5626","24J520345",2024-04-01,"04-2024",330000,2024,"2","X",2023,2025,313.016,334835.886983413,12.7213958011703
"5627","24J540521",2024-01-17,"01-2024",3e+05,2024,"2","X",2023,2025,309.794,307562.121926183,12.6364323683491
"5628","24J540585",2024-05-08,"05-2024",295000,2024,"2","X",2023,2025,313.14,299204.461263333,12.6088824356108
"5629","24J540613",2024-11-04,"11-2024",192000,2024,"2","X",2023,2025,316.449,192700.169695591,12.1688907350227
"5630","24J610149",2024-09-26,"09-2024",290000,2024,"2","X",2023,2025,314.851,292534.78629574,12.5863388660895
"5631","24J610480",2024-06-21,"06-2024",335000,2024,"2","X",2023,2025,313.131,339784.323494001,12.7360663526472
"5632","24J620160",2024-04-25,"04-2024",285000,2024,"2","X",2023,2025,313.016,289176.447849311,12.5747923269785
"5633","24J630279",2024-01-09,"01-2024",190070,2024,"2","5",2023,2025,309.794,194861.108381699,12.1800423190556
"5634","24J630279",2024-04-18,"04-2024",190170,2024,"2","I",2023,2025,313.016,192956.789780714,12.170221555674
"5635","24J630279",2024-06-12,"06-2024",283000,2024,"2","X",2023,2025,313.131,287041.682235231,12.5673827184654
"5636","24J630477",2024-08-13,"08-2024",226900,2024,"2","X",2023,2025,314.131,229407.860733261,12.3432567495823
"5637","24J631269",2024-09-25,"09-2024",230000,2024,"2","X",2023,2025,314.851,232010.347751794,12.3545372520322
"5638","24K110088",2024-04-12,"04-2024",705880,2024,"2","X",2023,2025,313.016,716224.10879955,13.4817483980848
"5639","24K110431",2024-07-25,"07-2024",280000,2024,"2","X",2023,2025,313.566,283604.855118221,12.5553371930924
"5640","24K110514",2024-09-13,"09-2024",150000,2024,"2","I",2023,2025,314.851,151311.096359865,11.9270932372053
"5641","24K110671",2024-03-13,"03-2024",145000,2024,"2","I",2023,2025,312.107,147553.355099373,11.9019451188409
"5642","24K110671",2024-08-30,"08-2024",256000,2024,"2","X",2023,2025,314.131,258829.494701255,12.4639248022761
"5643","24K120726",2024-04-03,"04-2024",114000,2024,"2","I",2023,2025,313.016,115670.579139724,11.6585015951043
"5644","24K120827",2024-01-24,"01-2024",390000,2024,"2","X",2023,2025,309.794,399830.758504038,12.8987966328166
"5645","24K120872",2024-01-22,"01-2024",338000,2024,"2","X",2023,2025,309.794,346519.9907035,12.7556957891759
"5646","24K120881",2024-10-03,"10-2024",295000,2024,"2","X",2023,2025,315.564,296906.126807874,12.6011712964698
"5647","24K121176",2024-07-18,"07-2024",340000,2024,"2","X",2023,2025,313.566,344377.324072125,12.7494932075333
"5648","24K121523",2024-07-12,"07-2024",350000,2024,"2","X",2023,2025,313.566,354506.068897776,12.7784807444066
"5649","24K130141",2024-07-31,"07-2024",3e+05,2024,"2","X",2023,2025,313.566,303862.344769522,12.6243300645793
"5650","24K130240",2024-07-03,"07-2024",311000,2024,"2","X",2023,2025,313.566,315003.964077738,12.6603405021024
"5651","24K130251",2024-01-03,"01-2024",176500,2024,"2","4",2023,2025,309.794,180949.048399904,12.1059707700662
"5652","24K130424",2024-05-15,"05-2024",195000,2024,"2","I",2023,2025,313.14,197779.220157118,12.1949066378347
"5653","24K130424",2024-09-03,"09-2024",235000,2024,"2","X",2023,2025,314.851,237054.050963789,12.3760434572532
"5654","24K131111",2024-08-20,"08-2024",265000,2024,"2","X",2023,2025,314.131,267928.969124346,12.4984771837827
"5655","24K140382",2024-06-11,"06-2024",330000,2024,"2","X",2023,2025,313.131,334712.915680658,12.7210284752827
"5656","24K140452",2024-10-17,"10-2024",319900,2024,"2","X",2023,2025,315.564,321967.016833352,12.6822043870855
"5657","24K140801",2024-07-22,"07-2024",372000,2024,"2","X",2023,2025,313.566,376789.307514208,12.8394414441963
"5658","24K141002",2024-07-03,"07-2024",4e+05,2024,"2","X",2023,2025,313.566,405149.79302603,12.9120121370311
"5659","24K141011",2024-01-18,"01-2024",405500,2024,"2","X",2023,2025,309.794,415721.468136891,12.9377707672483
"5660","24K141020",2024-09-04,"09-2024",338000,2024,"2","X",2023,2025,314.851,340954.337130897,12.739503838592
"5661","24K141086",2024-06-06,"06-2024",293500,2024,"2","X",2023,2025,313.131,297691.638643252,12.6038134600903
"5662","24K141424",2024-04-23,"04-2024",306500,2024,"2","X",2023,2025,313.016,310991.513213382,12.6475209020861
"5663","24K210067",2024-02-26,"02-2024",519000,2024,"2","X",2023,2025,311.022,529981.663676525,13.1805976880931
"5664","24K210090",2024-04-04,"04-2024",255000,2024,"2","X",2023,2025,313.016,258736.82175991,12.4635666918682
"5665","24K210632",2024-10-22,"10-2024",330000,2024,"2","X",2023,2025,315.564,332132.277446097,12.7132885945905
"5666","24K210834",2024-07-16,"07-2024",410000,2024,"2","X",2023,2025,313.566,415278.53785168,12.9367047496215
"5667","24K210926",2024-07-10,"07-2024",295000,2024,"2","X",2023,2025,313.566,298797.972356697,12.6075229462629
"5668","24K220615",2024-02-16,"02-2024",350000,2024,"2","X",2023,2025,311.022,357405.746217309,12.7866269594106
"5669","24K230111",2024-05-31,"05-2024",366000,2024,"2","X",2023,2025,313.14,371216.382448745,12.8245404126723
"5670","24K230551",2024-09-30,"09-2024",585000,2024,"2","X",2023,2025,314.851,590113.275803475,13.2880697903409
"5671","24K230937",2024-10-11,"10-2024",459000,2024,"2","X",2023,2025,315.564,461965.804084116,13.0432461501905
"5672","24K240086",2024-04-10,"04-2024",343000,2024,"2","X",2023,2025,313.016,348026.391622154,12.7600335938758
"5673","24K240471",2024-06-26,"06-2024",335000,2024,"2","I",2023,2025,313.131,339784.323494001,12.7360663526472
"5674","24K240534",2024-05-23,"05-2024",305500,2024,"2","X",2023,2025,313.14,309854.111579485,12.6438568578826
"5675","24K240561",2024-09-18,"09-2024",1275000,2024,"2","X",2023,2025,314.851,1286144.31905886,14.0671594007015
"5676","24K240644",2024-09-09,"09-2024",283000,2024,"2","I",2023,2025,314.851,285473.601798946,12.5619048407523
"5677","24K310112",2024-03-26,"03-2024",215000,2024,"2","X",2023,2025,312.107,218786.009285277,12.295849404548
"5678","24K310354",2024-05-28,"05-2024",580000,2024,"2","P",2023,2025,313.14,588266.398416044,13.2849351828114
"5679","24K310521",2024-11-01,"11-2024",332400,2024,"2","I",2023,2025,316.449,333612.168785491,12.7177344259762
"5680","24K310824",2024-03-18,"03-2024",462500,2024,"2","X",2023,2025,312.107,470644.322299724,13.0618579333729
"5681","24K320320",2024-06-20,"06-2024",187500,2024,"2","I",2023,2025,313.131,190177.793000374,12.1557146662326
"5682","24K320320",2024-10-09,"10-2024",222000,2024,"2","X",2023,2025,315.564,223434.44119101,12.3168733220023
"5683","24K320733",2024-02-20,"02-2024",205000,2024,"2","X",2023,2025,311.022,209337.651355853,12.2517037840656
"5684","24K320944",2024-02-29,"02-2024",230000,2024,"2","X",2023,2025,311.022,234866.633228518,12.3667731138504
"5685","24K321530",2024-11-04,"11-2024",231000,2024,"2","X",2023,2025,316.449,231842.391665008,12.3538130735167
"5686","24K330451",2024-07-29,"07-2024",150000,2024,"2","I",2023,2025,313.566,151931.172384761,11.9311828840194
"5687","24K330495",2024-07-18,"07-2024",125000,2024,"2","I",2023,2025,313.566,126609.310320634,11.7488613272254
"5688","24K340982",2024-10-10,"10-2024",410000,2024,"2","X",2023,2025,315.564,412649.193190605,12.9303530998283
"5689","24K340991",2024-10-09,"10-2024",325000,2024,"2","X",2023,2025,315.564,327099.970212065,12.6980211224597
"5690","24K341055",2024-10-07,"10-2024",335000,2024,"2","X",2023,2025,315.564,337164.584680128,12.728326471955
"5691","24K341154",2024-07-22,"07-2024",72000,2024,"2","4",2023,2025,313.566,72926.9627446853,11.1972137089392
"5692","24K410025",2024-06-21,"06-2024",310000,2024,"2","X",2023,2025,313.131,314427.284427284,12.6585081183013
"5693","24K410476",2024-09-03,"09-2024",230000,2024,"2","I",2023,2025,314.851,232010.347751794,12.3545372520322
"5694","24K410531",2024-04-17,"04-2024",152124,2024,"2","4",2023,2025,313.016,154353.255974136,11.9469991244544
"5695","24K420934",2024-11-15,"11-2024",341000,2024,"2","X",2023,2025,316.449,342243.530553106,12.7432778402784
"5696","24K421070",2024-04-10,"04-2024",345000,2024,"2","X",2023,2025,313.016,350055.700028114,12.7658475637412
"5697","24K421234",2024-01-08,"01-2024",350000,2024,"2","X",2023,2025,309.794,358822.475580547,12.7905830481763
"5698","24K440101",2024-04-17,"04-2024",365000,2024,"2","X",2023,2025,313.016,370348.784087714,12.8222005002923
"5699","24K440422",2024-06-26,"06-2024",240000,2024,"2","I",2023,2025,313.131,243427.575040478,12.4025747441641
"5700","24K440440",2024-03-05,"03-2024",330000,2024,"2","X",2023,2025,312.107,335811.084019263,12.7243040308809
"5701","24K440671",2024-09-11,"09-2024",287000,2024,"2","X",2023,2025,314.851,289508.564368543,12.5759401588686
"5702","24K440734",2024-03-22,"03-2024",205000,2024,"2","I",2023,2025,312.107,208609.915830148,12.2482213555588
"5703","24K440880",2024-10-07,"10-2024",340000,2024,"2","X",2023,2025,315.564,342196.89191416,12.7431415577402
"5704","24K441056",2024-03-25,"03-2024",337000,2024,"2","X",2023,2025,312.107,342934.349437853,12.7452943067727
"5705","24K510147",2024-04-24,"04-2024",271800,2024,"2","I",2023,2025,313.016,275783.012369975,12.5273696484269
"5706","24K510831",2024-04-12,"04-2024",272000,2024,"2","X",2023,2025,313.016,275985.943210571,12.5281052130058
"5707","24K510923",2024-07-23,"07-2024",3e+05,2024,"2","X",2023,2025,313.566,303862.344769522,12.6243300645793
"5708","24K511456",2024-08-28,"08-2024",526000,2024,"2","X",2023,2025,314.131,531813.727393985,13.1840485705342
"5709","24K511478",2024-01-08,"01-2024",799000,2024,"2","X",2023,2025,309.794,819140.451396735,13.6160108394592
"5710","24K511478",2024-01-08,"01-2024",799000,2024,"2","4",2023,2025,309.794,819140.451396735,13.6160108394592
"5711","24K520542",2024-02-26,"02-2024",6e+05,2024,"2","X",2023,2025,311.022,612695.564943959,13.3256234601433
"5712","24K520805",2024-09-06,"09-2024",615000,2024,"2","X",2023,2025,314.851,620375.495075448,13.3380802109155
"5713","24K530244",2024-02-29,"02-2024",340000,2024,"2","X",2023,2025,311.022,347194.153468243,12.7576394225374
"5714","24K530277",2024-06-25,"06-2024",360000,2024,"2","X",2023,2025,313.131,365141.362560717,12.8080398522723
"5715","24K540210",2024-03-15,"03-2024",320000,2024,"2","X",2023,2025,312.107,325634.990564133,12.6935323722141
"5716","24K630036",2024-05-16,"05-2024",434000,2024,"2","X",2023,2025,313.14,440185.546400971,12.9949516133714
"5717","24L110102",2024-08-21,"08-2024",424000,2024,"2","X",2023,2025,314.131,428686.350598954,12.9684808130285
"5718","24L110164",2024-07-10,"07-2024",225000,2024,"2","X",2023,2025,313.566,227896.758577142,12.3366479921275
"5719","24L110230",2024-05-01,"05-2024",281500,2024,"2","4",2023,2025,313.14,285512.053713994,12.5620395268507
"5720","24L110362",2024-02-22,"02-2024",229000,2024,"2","X",2023,2025,311.022,233845.473953611,12.3624158084814
"5721","24L110483",2024-05-09,"05-2024",301000,2024,"2","X",2023,2025,313.14,305289.975729706,12.6290173440198
"5722","24L110836",2024-04-04,"04-2024",165000,2024,"2","I",2023,2025,313.016,167417.943491707,12.0282486206104
"5723","24L110836",2024-07-31,"07-2024",340000,2024,"2","X",2023,2025,313.566,344377.324072125,12.7494932075333
"5724","24L121212",2024-04-12,"04-2024",295000,2024,"2","X",2023,2025,313.016,299322.989879112,12.6092785030496
"5725","24L121313",2024-03-19,"03-2024",235200,2024,"2","X",2023,2025,312.107,239341.718064638,12.3856475924448
"5726","24L121582",2024-06-10,"06-2024",339900,2024,"2","X",2023,2025,313.131,344754.303151077,12.7505872775242
"5727","24L130272",2024-03-21,"03-2024",325000,2024,"2","X",2023,2025,312.107,330723.037291698,12.7090365587501
"5728","24L130911",2024-01-24,"01-2024",2e+05,2024,"2","X",2023,2025,309.794,205041.414617456,12.2309672602409
"5729","24L131042",2024-10-29,"10-2024",40000,2024,"1","X",2023,2025,315.564,40258.4578722541,10.6030753942439
"5730","24L132533",2024-10-07,"10-2024",320000,2024,"2","I",2023,2025,315.564,322067.662978033,12.6825169359238
"5731","24L140282",2024-03-15,"03-2024",210000,2024,"2","X",2023,2025,312.107,213697.962557713,12.2723189071378
"5732","24L141162",2024-08-26,"08-2024",150000,2024,"2","I",2023,2025,314.131,151657.907051517,11.9293826518928
"5733","24L141324",2024-10-28,"10-2024",399900,2024,"2","X",2023,2025,315.564,402483.932577861,12.9054104559828
"5734","24L210693",2024-03-27,"03-2024",175000,2024,"2","X",2023,2025,312.107,178081.63546476,12.0899973503439
"5735","24L211012",2024-08-05,"08-2024",212000,2024,"2","X",2023,2025,314.131,214343.175299477,12.2753336324685
"5736","24L211089",2024-06-14,"06-2024",248000,2024,"2","X",2023,2025,313.131,251541.827541828,12.4353645669871
"5737","24L211632",2024-03-07,"03-2024",45000,2024,"2","4",2023,2025,312.107,45792.4205480813,10.7318738661907
"5738","24L211715",2024-05-17,"05-2024",325000,2024,"2","X",2023,2025,313.14,329632.033595197,12.7057322616007
"5739","24L220432",2024-06-03,"06-2024",284900,2024,"2","X",2023,2025,313.131,288968.817204301,12.574074062326
"5740","24L220661",2024-08-27,"08-2024",441449,2024,"2","X",2023,2025,314.131,446328.2093999,13.0088098558793
"5741","24L220845",2024-01-23,"01-2024",385000,2024,"2","X",2023,2025,309.794,394704.723138602,12.8858932279807
"5742","24L230196",2024-08-21,"08-2024",250000,2024,"2","X",2023,2025,314.131,252763.178419195,12.4402082756588
"5743","24L230305",2024-10-17,"10-2024",80000,2024,"2","I",2023,2025,315.564,80516.9157445083,11.2962225748039
"5744","24L230561",2024-10-07,"10-2024",60000,2024,"2","I",2023,2025,315.564,60387.6868083812,11.0085405023521
"5745","24L240250",2024-06-07,"06-2024",426000,2024,"2","X",2023,2025,313.131,432083.945696849,12.9763751670915
"5746","24L310584",2024-06-20,"06-2024",755000,2024,"2","X",2023,2025,313.131,765782.579814838,13.5486535700712
"5747","24L320660",2024-06-28,"06-2024",485000,2024,"2","X",2023,2025,313.131,491926.5578943,13.1060847117596
"5748","24M610814",2024-03-15,"03-2024",125000,2024,"2","I",2023,2025,312.107,127201.168189115,11.7535251137227
"5749","24M640165",2024-03-12,"03-2024",650000,2024,"2","X",2023,2025,312.107,661446.074583396,13.4021837393101
"5750","24M640352",2024-08-20,"08-2024",1348420,2024,"2","X",2023,2025,314.131,1363323.70017604,14.1254361734404
"5751","24N111053",2024-05-08,"05-2024",4e+05,2024,"2","X",2023,2025,313.14,405700.964424858,12.9133716263789
"5752","24N120637",2024-05-07,"05-2024",120000,2024,"2","I",2023,2025,313.14,121710.289327457,11.709398822053
"5753","24N120637",2024-09-12,"09-2024",150000,2024,"2","I",2023,2025,314.851,151311.096359865,11.9270932372053
"5754","24N120967",2024-05-22,"05-2024",825000,2024,"2","X",2023,2025,313.14,836758.239126269,13.6372904656056
"5755","24N121140",2024-09-16,"09-2024",765000,2024,"2","X",2023,2025,314.851,771686.591435314,13.5563337769356
"5756","24N130739",2024-08-22,"08-2024",190000,2024,"2","I",2023,2025,314.131,192100.015598588,12.165771429957
"5757","24N130931",2024-10-14,"10-2024",968382,2024,"2","X",2023,2025,315.564,974639.14878123,13.7898225776605
"5758","24N130968",2024-10-01,"10-2024",780000,2024,"2","X",2023,2025,315.564,785039.928508955,13.5734898598136
"5759","24N140161",2024-07-29,"07-2024",259000,2024,"2","X",2023,2025,313.566,262334.490984354,12.4773756516227
"5760","24N141023",2024-05-10,"05-2024",475000,2024,"2","X",2023,2025,313.14,481769.895254519,13.0852218833056
"5761","24N210031",2024-07-02,"07-2024",4e+05,2024,"2","X",2023,2025,313.566,405149.79302603,12.9120121370311
"5762","24N210163",2024-01-18,"01-2024",105000,2024,"2","4",2023,2025,309.794,107646.742674164,11.5866102438504
"5763","24N230161",2024-07-17,"07-2024",430000,2024,"2","X",2023,2025,313.566,435536.027502982,12.9843327986107
"5764","24N230518",2024-09-18,"09-2024",1050000,2024,"2","X",2023,2025,314.851,1059177.67451906,13.8730033862606
"5765","24N240353",2024-08-16,"08-2024",365000,2024,"2","X",2023,2025,314.131,369034.240492024,12.818644711379
"5766","24N240427",2024-10-02,"10-2024",315000,2024,"2","X",2023,2025,315.564,317035.355744001,12.6667685789556
"5767","24N310102",2024-07-26,"07-2024",231000,2024,"2","X",2023,2025,313.566,233974.005472532,12.3629653004449
"5768","24N320617",2024-07-03,"07-2024",308000,2024,"2","X",2023,2025,313.566,311965.340630043,12.6506473728967
"5769","24N320910",2024-10-18,"10-2024",320000,2024,"2","X",2023,2025,315.564,322067.662978033,12.6825169359238
"5770","24N320938",2024-04-10,"04-2024",263000,2024,"2","X",2023,2025,313.016,266854.05538375,12.4944571788876
"5771","24N330393",2024-10-01,"10-2024",230000,2024,"2","X",2023,2025,315.564,231486.132765461,12.3522752490532
"5772","24N330773",2024-01-09,"01-2024",863958,2024,"2","X",2023,2025,309.794,885735.852450338,13.6941740502043
"5773","24N340802",2024-02-16,"02-2024",875000,2024,"2","X",2023,2025,311.022,893514.365543274,13.7029176912848
"5774","24N340958",2024-04-15,"04-2024",805000,2024,"2","X",2023,2025,313.016,816796.633398932,13.6131454241284
"5775","24N341214",2024-05-31,"05-2024",235000,2024,"1","X",2023,2025,313.14,238349.316599604,12.3814925934151
"5776","24N341737",2024-08-13,"08-2024",1255000,2024,"2","X",2023,2025,314.131,1268871.15566436,14.0536382093624
"5777","24N341755",2024-02-15,"02-2024",613500,2024,"2","X",2023,2025,311.022,626481.215155198,13.3478740690782
"5778","24N341764",2024-04-30,"04-2024",380000,2024,"2","X",2023,2025,313.016,385568.597132415,12.8624743994302
"5779","24N420120",2024-04-05,"04-2024",281500,2024,"2","I",2023,2025,313.016,285625.158138881,12.5624355942896
"5780","24N420120",2024-10-02,"10-2024",464250,2024,"2","X",2023,2025,315.564,467249.726679849,13.0546191403628
"5781","24N420175",2024-07-11,"07-2024",1075000,2024,"2","X",2023,2025,313.566,1088840.06875745,13.9006235304849
"5782","24N420551",2024-06-18,"06-2024",510000,2024,"2","I",2023,2025,313.131,517283.596961016,13.1563465465405
"5783","24N440306",2024-06-04,"06-2024",382000,2024,"2","I",2023,2025,313.131,387455.556939428,12.8673564294287
"5784","24N510522",2024-05-30,"05-2024",262000,2024,"2","I",2023,2025,313.14,265734.131698282,12.4902515830321
"5785","24N511046",2024-05-09,"05-2024",385000,2024,"2","X",2023,2025,313.14,390487.178258926,12.8751504135587
"5786","24N520352",2024-06-28,"06-2024",859592,2024,"2","X",2023,2025,313.131,871868.317017479,13.6783936788929
"5787","24N521067",2024-03-26,"03-2024",960000,2024,"2","X",2023,2025,312.107,976904.9716924,13.7921446608823
"5788","24N521210",2024-06-03,"06-2024",818000,2024,"2","X",2023,2025,313.131,829682.318262964,13.6287981574249
"5789","24N521287",2024-03-21,"03-2024",410000,2024,"2","X",2023,2025,312.107,417219.831660296,12.9413685361187
"5790","24N521573",2024-06-05,"06-2024",905000,2024,"2","X",2023,2025,313.131,917924.814215137,13.7298707645221
"5791","24N530153",2024-10-02,"10-2024",1050000,2024,"2","X",2023,2025,315.564,1056784.51914667,13.8707413832815
"5792","24N530197",2024-02-15,"02-2024",455000,2024,"2","X",2023,2025,311.022,464627.470082502,13.0489912238781
"5793","24N530322",2024-07-11,"07-2024",366000,2024,"2","X",2023,2025,313.566,370712.060618817,12.8231809233245
"5794","24N530331",2024-09-05,"09-2024",155900,2024,"2","I",2023,2025,314.851,157262.66615002,11.9656727191727
"5795","24N530506",2024-05-06,"05-2024",640000,2024,"2","X",2023,2025,313.14,649121.543079773,13.3833752556247
"5796","24N530607",2024-07-24,"07-2024",335000,2024,"2","X",2023,2025,313.566,339312.9516593,12.7346781217482
"5797","24N530928",2024-01-24,"01-2024",590000,2024,"2","X",2023,2025,309.794,604872.173121494,13.3127724305926
"5798","24N540086",2024-06-06,"06-2024",328000,2024,"2","X",2023,2025,313.131,332684.35255532,12.7149494292063
"5799","24N540152",2024-07-09,"07-2024",215000,2024,"2","I",2023,2025,313.566,217768.013751491,12.2911856180508
"5800","24N540240",2024-05-16,"05-2024",220000,2024,"1","X",2023,2025,313.14,223135.530433672,12.3155346256233
"5801","24N540653",2024-07-25,"07-2024",305000,2024,"2","4",2023,2025,313.566,308926.717182348,12.6408593665305
"5802","24N540709",2024-05-13,"05-2024",290000,2024,"2","I",2023,2025,313.14,294133.199208022,12.5917880022515
"5803","24N540745",2024-10-08,"10-2024",350000,2024,"2","X",2023,2025,315.564,352261.506382224,12.7721290946134
"5804","24N541111",2024-01-09,"01-2024",231000,2024,"2","I",2023,2025,309.794,236822.833883161,12.3750676042147
"5805","24N541212",2024-04-23,"04-2024",8e+05,2024,"2","X",2023,2025,313.016,811723.362384032,13.6069148743777
"5806","24N610431",2024-05-01,"05-2024",160000,2024,"2","I",2023,2025,313.14,162280.385769943,11.9970808945048
"5807","24N610741",2024-11-04,"11-2024",215000,2024,"2","I",2023,2025,316.449,215784.044190375,12.2820333911226
"5808","24N610824",2024-08-23,"08-2024",350000,2024,"2","X",2023,2025,314.131,353868.449786872,12.77668051228
"5809","24N610860",2024-09-18,"09-2024",803000,2024,"2","X",2023,2025,314.851,810018.73584648,13.6048126570558
"5810","24N611146",2024-03-01,"03-2024",175000,2024,"1","X",2023,2025,312.107,178081.63546476,12.0899973503439
"5811","24N611157",2024-01-23,"01-2024",180000,2024,"1","X",2023,2025,309.794,184537.27315571,12.1256067445831
"5812","24N620012",2024-03-04,"03-2024",275000,2024,"2","I",2023,2025,312.107,279842.570016052,12.5419824740869
"5813","24N620430",2024-09-19,"09-2024",255000,2024,"2","X",2023,2025,314.851,257228.863811771,12.4577214882674
"5814","24N620733",2024-03-26,"03-2024",171000,2024,"2","I",2023,2025,312.107,174011.198082709,12.066874932923
"5815","24N621299",2024-10-22,"10-2024",367500,2024,"2","X",2023,2025,315.564,369874.581701335,12.8209192587829
"5816","24N621631",2024-09-10,"09-2024",200999,2024,"2","X",2023,2025,314.851,202755.860381577,12.2197578760313
"5817","24N621772",2024-02-01,"02-2024",239900,2024,"2","X",2023,2025,311.022,244976.110050093,12.4089159747728
"5818","24N621783",2024-10-24,"10-2024",252500,2024,"2","X",2023,2025,315.564,254131.515318604,12.4456071888454
"5819","24N622201",2024-09-13,"09-2024",177500,2024,"2","X",2023,2025,314.851,179051.464025841,12.0954285520245
"5820","24N622401",2024-04-11,"04-2024",170000,2024,"2","X",2023,2025,313.016,172491.214506607,12.0581015837601
"5821","24N630066",2024-11-20,"11-2024",195000,2024,"2","I",2023,2025,316.449,195711.109847084,12.1843949215586
"5822","24N640175",2024-08-20,"08-2024",515000,2024,"2","X",2023,2025,314.131,520692.147543541,13.1629142584602
"5823","24O210012",2024-04-25,"04-2024",625000,2024,"2","X",2023,2025,313.016,634158.876862525,13.3600547964462
"5824","24O210416",2024-03-29,"03-2024",673500,2024,"2","X",2023,2025,312.107,685359.89420295,13.4376993722708
"5825","24O210553",2024-05-09,"05-2024",612000,2024,"2","X",2023,2025,313.14,620722.475570033,13.3386393617833
"5826","24O210553",2024-05-15,"05-2024",153000,2024,"2","4",2023,2025,313.14,155180.618892508,11.9523450006634
"5827","24O220132",2024-03-29,"03-2024",355000,2024,"2","X",2023,2025,312.107,361251.317657085,12.7973291658958
"5828","24O220161",2024-08-08,"08-2024",455000,2024,"2","X",2023,2025,314.131,460028.984722934,13.0390447767475
"5829","24O220215",2024-06-24,"06-2024",255000,2024,"2","I",2023,2025,313.131,258641.798480508,12.4631993659806
"5830","24O220756",2024-09-04,"09-2024",470000,2024,"2","X",2023,2025,314.851,474108.101927578,13.0691906378131
"5831","24O221443",2024-07-31,"07-2024",695000,2024,"2","X",2023,2025,313.566,703947.765382727,13.4644594354879
"5832","24O230160",2024-08-15,"08-2024",627000,2024,"2","X",2023,2025,314.131,633930.05147534,13.3596938984294
"5833","24O230182",2024-06-20,"06-2024",410000,2024,"2","X",2023,2025,313.131,415855.44069415,12.9380929805205
"5834","24O230335",2024-04-16,"04-2024",469000,2024,"2","X",2023,2025,313.016,475872.821197638,13.0729059151561
"5835","24O230362",2024-06-06,"06-2024",370000,2024,"2","X",2023,2025,313.131,375284.178187404,12.8354388264604
"5836","24O230490",2024-02-08,"02-2024",161675,2024,"2","I",2023,2025,311.022,165095.925770524,12.0142819522598
"5837","24O240639",2024-03-19,"03-2024",425000,2024,"1","X",2023,2025,312.107,432483.97184299,12.9773005453448
"5838","24O310882",2024-11-07,"11-2024",455000,2024,"2","X",2023,2025,316.449,456659.256309863,13.0316927819458
"5839","24O320131",2024-01-19,"01-2024",260000,2024,"2","X",2023,2025,309.794,266553.839002692,12.4933315247084
"5840","24O320470",2024-07-18,"07-2024",315000,2024,"2","I",2023,2025,313.566,319055.462007998,12.6731202287488
"5841","24O320481",2024-07-29,"07-2024",346000,2024,"2","X",2023,2025,313.566,350454.570967516,12.7669863649808
"5842","24O320728",2024-07-16,"07-2024",532453,2024,"2","X",2023,2025,313.566,539308.056865221,13.1980422207005
"5843","24O330095",2024-09-03,"09-2024",5e+05,2024,"2","X",2023,2025,314.851,504370.321199552,13.1310660415312
"5844","24O330172",2024-10-25,"10-2024",588078,2024,"2","X",2023,2025,315.564,591877.834714987,13.2910555322922
"5845","24O330215",2024-10-10,"10-2024",540000,2024,"2","X",2023,2025,315.564,543489.181275431,13.2057650796883
"5846","24O340436",2024-10-24,"10-2024",390000,2024,"2","X",2023,2025,315.564,392519.964254478,12.8803426792537
"5847","24O340931",2024-09-27,"09-2024",218750,2024,"2","X",2023,2025,314.851,220662.015524804,12.3043874683467
"5848","24O340986",2024-09-05,"09-2024",122900,2024,"2","X",2023,2025,314.851,123974.22495085,11.727828959681
"5849","24O341183",2024-04-09,"04-2024",165000,2024,"2","X",2023,2025,313.016,167417.943491707,12.0282486206104
"5850","24O341293",2024-08-02,"08-2024",195000,2024,"2","X",2023,2025,314.131,197155.279166972,12.1917469163603
"5851","24O342003",2024-04-26,"04-2024",169000,2024,"2","X",2023,2025,313.016,171476.560303627,12.0522018616329
"5852","24O342184",2024-04-22,"04-2024",172000,2024,"2","X",2023,2025,313.016,174520.522912567,12.0697976235233
"5853","24O342461",2024-06-21,"06-2024",165000,2024,"2","X",2023,2025,313.131,167356.457840329,12.0278812947227
"5854","24O342470",2024-01-08,"01-2024",115000,2024,"2","X",2023,2025,309.794,117898.813405037,11.6775820220561
"5855","24O342517",2024-10-18,"10-2024",164900,2024,"2","X",2023,2025,315.564,165965.492578368,12.0195351696955
"5856","24O342618",2024-03-12,"03-2024",190000,2024,"2","X",2023,2025,312.107,193345.775647454,12.1722354485809
"5857","24O342782",2024-03-07,"03-2024",120000,2024,"2","X",2023,2025,312.107,122113.12146155,11.7127031192024
"5858","24O342801",2024-10-29,"10-2024",182000,2024,"2","X",2023,2025,315.564,183175.983318756,12.1182026272068
"5859","24O410692",2024-02-01,"02-2024",8e+05,2024,"2","X",2023,2025,311.022,816927.419925279,13.6133055325951
"5860","24O420112",2024-04-29,"04-2024",375000,2024,"2","X",2023,2025,313.016,380495.326117515,12.8492291726802
"5861","24O430526",2024-06-21,"06-2024",979200,2024,"2","X",2023,2025,313.131,993184.506165151,13.8086717325802
"5862","24O530240",2024-04-09,"04-2024",1400000,2024,"2","X",2023,2025,313.016,1420515.88417206,14.1665306623132
"5863","24O540371",2024-10-11,"10-2024",1100000,2024,"2","X",2023,2025,315.564,1107107.59148699,13.9172613989164
"5864","24O620615",2024-07-02,"07-2024",1245000,2024,"2","X",2023,2025,313.566,1261028.73079352,14.0474383988219
"5865","24O640406",2024-03-14,"03-2024",345000,2024,"1","X",2023,2025,312.107,351075.224201956,12.7687557934517
"5866","24O640910",2024-03-26,"03-2024",550000,2024,"1","X",2023,2025,312.107,559685.140032104,13.2351296546469
"5867","24O640974",2024-10-16,"10-2024",865000,2024,"2","X",2023,2025,315.564,870589.151487495,13.6769254470619
"5868","24P110766",2024-07-31,"07-2024",233500,2024,"2","X",2023,2025,313.566,236506.191678945,12.3737296670321
"5869","24P110812",2024-05-28,"05-2024",255000,2024,"2","X",2023,2025,313.14,258634.364820847,12.4631706244294
"5870","24P110894",2024-09-13,"09-2024",249999,2024,"2","X",2023,2025,314.851,252184.151859133,12.4379148609633
"5871","24P110904",2024-03-05,"03-2024",204000,2024,"2","X",2023,2025,312.107,207592.306484635,12.2433313702646
"5872","24P111004",2024-08-22,"08-2024",250000,2024,"2","X",2023,2025,314.131,252763.178419195,12.4402082756588
"5873","24P111536",2024-09-16,"09-2024",301000,2024,"2","X",2023,2025,314.851,303630.93336213,12.6235682078579
"5874","24P120271",2024-01-18,"01-2024",360000,2024,"2","X",2023,2025,309.794,369074.54631142,12.818753925143
"5875","24P120565",2024-05-17,"05-2024",235000,2024,"2","X",2023,2025,313.14,238349.316599604,12.3814925934151
"5876","24P121005",2024-10-02,"10-2024",240000,2024,"2","X",2023,2025,315.564,241550.747233525,12.394834863472
"5877","24P121193",2024-10-18,"10-2024",285000,2024,"2","X",2023,2025,315.564,286841.512339811,12.5666851203986
"5878","24P121409",2024-07-01,"07-2024",370000,2024,"2","X",2023,2025,313.566,374763.558549077,12.8340505955614
"5879","24P121582",2024-05-02,"05-2024",315000,2024,"2","X",2023,2025,313.14,319489.509484576,12.6744797180966
"5880","24P130117",2024-09-06,"09-2024",425000,2024,"2","X",2023,2025,314.851,428714.773019619,12.9685471120334
"5881","24P130438",2024-04-12,"04-2024",337000,2024,"2","I",2023,2025,313.016,341938.466404273,12.7423860770622
"5882","24P140044",2024-06-17,"06-2024",5e+05,2024,"2","X",2023,2025,313.131,507140.78133433,13.1365439192443
"5883","24P140851",2024-08-05,"08-2024",394000,2024,"2","X",2023,2025,314.131,398354.769188651,12.8950982670944
"5884","24P140916",2024-06-28,"06-2024",375500,2024,"2","X",2023,2025,313.131,380862.726782082,12.8501942920263
"5885","24P220151",2024-11-08,"11-2024",507000,2024,"2","X",2023,2025,316.449,508848.885602419,13.1399063665861
"5886","24P240227",2024-05-30,"05-2024",5e+05,2024,"2","X",2023,2025,313.14,507126.205531072,13.1365151776932
"5887","24P240263",2024-01-18,"01-2024",565000,2024,"2","X",2023,2025,309.794,579241.996294312,13.2694756248393
"5888","24P310591",2024-06-03,"06-2024",211000,2024,"2","X",2023,2025,313.131,214013.409723087,12.2737939542982
"5889","24P310829",2024-03-19,"03-2024",185250,2024,"2","X",2023,2025,312.107,188512.131256268,12.1469176405966
"5890","24P311053",2024-09-06,"09-2024",190005,2024,"2","X",2023,2025,314.851,191665.765759042,12.1635083307127
"5891","24P311305",2024-03-06,"03-2024",207500,2024,"2","X",2023,2025,312.107,211153.93919393,12.2603427160911
"5892","24P410424",2024-06-07,"06-2024",280000,2024,"2","I",2023,2025,313.131,283998.837547225,12.5567254239914
"5893","24P410442",2024-06-11,"06-2024",350000,2024,"2","X",2023,2025,313.131,354998.546934031,12.7798689753056
"5894","24P410543",2024-09-10,"09-2024",215000,2024,"2","I",2023,2025,314.851,216879.238115807,12.2870959712367
"5895","24P410790",2024-05-13,"05-2024",350000,2024,"2","X",2023,2025,313.14,354988.343871751,12.7798402337544
"5896","24P420232",2024-06-03,"06-2024",415000,2024,"2","X",2023,2025,313.131,420926.848507494,12.9502143410528
"5897","24P420416",2024-07-05,"07-2024",275000,2024,"2","X",2023,2025,313.566,278540.482705395,12.5373186875897
"5898","24P420434",2024-07-16,"07-2024",365000,2024,"2","X",2023,2025,313.566,369699.186136252,12.8204449435056
"5899","24P430381",2024-10-14,"10-2024",371000,2024,"2","X",2023,2025,315.564,373397.196765157,12.8303980027374
"5900","24P430527",2024-07-22,"07-2024",361500,2024,"2","X",2023,2025,313.566,366154.125447274,12.8108096315219
"5901","24P430545",2024-01-26,"01-2024",411000,2024,"2","X",2023,2025,309.794,421360.107038871,12.9512431081891
"5902","24P430738",2024-06-03,"06-2024",392000,2024,"2","X",2023,2025,313.131,397598.372566115,12.8931976606126
"5903","24P430949",2024-02-28,"02-2024",425515,2024,"2","X",2023,2025,311.022,434518.588861881,12.9819940049632
"5904","24P440766",2024-07-16,"07-2024",540000,2024,"2","X",2023,2025,313.566,546952.22058514,13.2121167294814
"5905","24P440784",2024-07-11,"07-2024",560000,2024,"2","X",2023,2025,313.566,567209.710236442,13.2484843736523
"5906","24P510131",2024-09-25,"09-2024",3e+05,2024,"2","X",2023,2025,314.851,302622.192719731,12.6202404177652
"5907","24P511165",2024-02-23,"02-2024",415000,2024,"2","X",2023,2025,311.022,423781.099086238,12.9569723251579
"5908","24P511202",2024-03-06,"03-2024",4e+05,2024,"2","X",2023,2025,312.107,407043.738205167,12.9166759235284
"5909","24P511253",2024-09-27,"09-2024",455000,2024,"2","X",2023,2025,314.851,458976.992291592,13.03675536206
"5910","24P511451",2024-04-29,"04-2024",370000,2024,"2","X",2023,2025,313.016,375422.055102615,12.8358061523481
"5911","24P520141",2024-11-19,"11-2024",515000,2024,"2","X",2023,2025,316.449,516878.059339736,13.1555622636586
"5912","24P521197",2024-08-12,"08-2024",637000,2024,"2","X",2023,2025,314.131,644040.578612108,13.3755170133687
"5913","24P530104",2024-11-04,"11-2024",440000,2024,"2","X",2023,2025,316.449,441604.555552395,12.9981700899072
"5914","24P530975",2024-04-01,"04-2024",513500,2024,"2","X",2023,2025,313.016,521024.93323025,13.1635531760784
"5915","24P540774",2024-07-16,"07-2024",355000,2024,"2","I",2023,2025,313.566,359570.441310601,12.7926653793985
"5916","24P540884",2024-08-16,"08-2024",6e+05,2024,"2","X",2023,2025,314.131,606631.628206067,13.3156770130127
"5917","24P610088",2024-10-15,"10-2024",450000,2024,"2","X",2023,2025,315.564,452907.651062859,13.0234435228943
"5918","24P610101",2024-10-16,"10-2024",555000,2024,"2","X",2023,2025,315.564,558586.102977526,13.2331640538764
"5919","24P620221",2024-11-15,"11-2024",515000,2024,"2","X",2023,2025,316.449,516878.059339736,13.1555622636586
"5920","24P630965",2024-09-09,"09-2024",6e+05,2024,"2","X",2023,2025,314.851,605244.385439462,13.3133875983252
"5921","24P631054",2024-07-02,"07-2024",580444,2024,"2","X",2023,2025,313.566,587916.916158002,13.2843409178461
"5922","24Q110143",2024-11-19,"11-2024",225000,2024,"2","X",2023,2025,316.449,225820.51136202,12.3274957651993
"5923","24Q110538",2024-10-29,"10-2024",430000,2024,"2","X",2023,2025,315.564,432778.422126732,12.9779811488176
"5924","24Q120290",2024-01-05,"01-2024",212000,2024,"2","X",2023,2025,309.794,217343.899494503,12.2892361683649
"5925","24Q120584",2024-04-09,"04-2024",405000,2024,"2","X",2023,2025,313.016,410934.952206916,12.9261902138163
"5926","24Q120869",2024-11-07,"11-2024",245000,2024,"2","I",2023,2025,316.449,245893.445705311,12.4126535735396
"5927","24Q120915",2024-07-11,"07-2024",213000,2024,"2","X",2023,2025,313.566,215742.264786361,12.2818397556326
"5928","24Q121776",2024-01-10,"01-2024",165000,2024,"2","X",2023,2025,309.794,169159.167059401,12.0385953675935
"5929","24Q121978",2024-10-01,"10-2024",182000,2024,"2","X",2023,2025,315.564,183175.983318756,12.1182026272068
"5930","24Q122032",2024-07-23,"07-2024",180000,2024,"2","X",2023,2025,313.566,182317.406861713,12.1135044408133
"5931","24Q122409",2024-10-18,"10-2024",610000,2024,"2","X",2023,2025,315.564,613941.482551875,13.3276548972973
"5932","24Q130613",2024-03-18,"03-2024",215000,2024,"2","X",2023,2025,312.107,218786.009285277,12.295849404548
"5933","24Q140265",2024-02-29,"02-2024",410000,2024,"2","X",2023,2025,311.022,418675.302711705,12.9448509646255
"5934","24Q140292",2024-05-22,"05-2024",4e+05,2024,"2","X",2023,2025,313.14,405700.964424858,12.9133716263789
"5935","24Q140302",2024-05-22,"05-2024",492000,2024,"2","X",2023,2025,313.14,499012.186242575,13.1203857957633
"5936","24Q140357",2024-04-16,"04-2024",450000,2024,"2","X",2023,2025,313.016,456594.391341018,13.0315507294742
"5937","24Q140494",2024-09-03,"09-2024",242130,2024,"2","4",2023,2025,314.851,244246.371744095,12.4059327151134
"5938","24Q140522",2024-06-25,"06-2024",185000,2024,"2","X",2023,2025,313.131,187642.089093702,12.1422916459005
"5939","24Q140797",2024-10-16,"10-2024",180000,2024,"2","X",2023,2025,315.564,181163.060425144,12.1071527910202
"5940","24Q141273",2024-01-09,"01-2024",615000,2024,"2","X",2023,2025,309.794,630502.349948676,13.3542721614994
"5941","24Q210500",2024-08-01,"08-2024",337500,2024,"2","X",2023,2025,314.131,341230.290865913,12.7403128681091
"5942","24Q210629",2024-06-07,"06-2024",243500,2024,"2","X",2023,2025,313.131,246977.560509819,12.4170527633448
"5943","24Q210977",2024-04-16,"04-2024",250000,2024,"2","X",2023,2025,313.016,253663.55074501,12.4437640645721
"5944","24Q211013",2024-11-01,"11-2024",185000,2024,"2","X",2023,2025,316.449,185674.642675439,12.1317511880732
"5945","24Q211242",2024-08-02,"08-2024",225000,2024,"2","X",2023,2025,314.131,227486.860577275,12.3348477600009
"5946","24Q212052",2024-06-28,"06-2024",192000,2024,"2","X",2023,2025,313.131,194742.060032383,12.1794311928499
"5947","24Q212063",2024-07-09,"07-2024",167000,2024,"2","X",2023,2025,313.566,169150.038588367,12.0385414023399
"5948","24Q212151",2024-06-25,"06-2024",267500,2024,"2","X",2023,2025,313.131,271320.318013866,12.5110553871582
"5949","24Q220538",2024-06-14,"06-2024",185000,2024,"2","I",2023,2025,313.131,187642.089093702,12.1422916459005
"5950","24Q220538",2024-07-25,"07-2024",230000,2024,"2","X",2023,2025,313.566,232961.130989967,12.3586268988463
"5951","24Q220693",2024-10-03,"10-2024",327217,2024,"2","X",2023,2025,315.564,329331.295239634,12.7048194994991
"5952","24Q220987",2024-02-07,"02-2024",335000,2024,"2","I",2023,2025,311.022,342088.35709371,12.7428243367523
"5953","24Q220996",2024-03-21,"03-2024",379500,2024,"2","X",2023,2025,312.107,386182.746622152,12.8640659732561
"5954","24Q230382",2024-09-03,"09-2024",290000,2024,"2","X",2023,2025,314.851,292534.78629574,12.5863388660895
"5955","24Q230704",2024-05-07,"05-2024",326000,2024,"2","X",2023,2025,313.14,330646.286006259,12.7088044606377
"5956","24Q230951",2024-01-04,"01-2024",260000,2024,"2","X",2023,2025,309.794,266553.839002692,12.4933315247084
"5957","24Q231042",2024-06-10,"06-2024",354000,2024,"2","X",2023,2025,313.131,359055.673184705,12.7912327339559
"5958","24Q231226",2024-07-29,"07-2024",395000,2024,"2","X",2023,2025,313.566,400085.420613204,12.8994333548242
"5959","24Q240062",2024-04-30,"04-2024",430000,2024,"2","X",2023,2025,313.016,436301.307281417,12.9860883553974
"5960","24Q240310",2024-03-25,"03-2024",305000,2024,"2","X",2023,2025,312.107,310370.85038144,12.6455231530278
"5961","24Q340667",2024-05-30,"05-2024",320000,2024,"2","X",2023,2025,313.14,324560.771539886,12.6902280750647
"5962","24Q340786",2024-03-08,"03-2024",470000,2024,"2","X",2023,2025,312.107,478276.392391071,13.0779440711245
"5963","24Q420426",2024-06-06,"06-2024",405000,2024,"2","X",2023,2025,313.131,410784.032880807,12.9258228879287
"5964","24Q420637",2024-11-06,"11-2024",220000,2024,"2","I",2023,2025,316.449,220802.277776198,12.3050229093473
"5965","24Q420682",2024-07-31,"07-2024",270000,2024,"2","X",2023,2025,313.566,273476.11029257,12.5189695489215
"5966","24Q420903",2024-07-29,"07-2024",874300,2024,"2","X",2023,2025,313.566,885556.160106644,13.69397115611
"5967","24Q510053",2024-11-19,"11-2024",347000,2024,"2","X",2023,2025,316.449,348265.410856094,12.7607201429418
"5968","24Q510350",2024-09-10,"09-2024",323000,2024,"2","X",2023,2025,314.851,325823.22749491,12.6941102663317
"5969","24Q510361",2024-05-21,"05-2024",297000,2024,"2","X",2023,2025,313.14,301232.966085457,12.6156392180737
"5970","24Q510608",2024-02-09,"02-2024",308000,2024,"2","I",2023,2025,311.022,314517.056671232,12.6587935879008
"5971","24Q510608",2024-08-19,"08-2024",330000,2024,"2","X",2023,2025,314.131,333647.395513337,12.717840012257
"5972","24Q520074",2024-10-02,"10-2024",335000,2024,"2","X",2023,2025,315.564,337164.584680128,12.728326471955
"5973","24Q520371",2024-11-01,"11-2024",302500,2024,"2","X",2023,2025,316.449,303603.131942272,12.6234766404658
"5974","24Q520645",2024-03-26,"03-2024",340000,2024,"2","X",2023,2025,312.107,345987.177474392,12.7541569940306
"5975","24Q520764",2024-08-20,"08-2024",355000,2024,"2","X",2023,2025,314.131,358923.713355256,12.7908651472719
"5976","24Q520856",2024-02-28,"02-2024",321000,2024,"2","X",2023,2025,311.022,327792.127245018,12.7001349280572
"5977","24Q521020",2024-01-12,"01-2024",365000,2024,"2","X",2023,2025,309.794,374200.581676856,12.8325472472754
"5978","24Q521053",2024-10-23,"10-2024",340000,2024,"2","X",2023,2025,315.564,342196.89191416,12.7431415577402
"5979","24Q530022",2024-11-14,"11-2024",268200,2024,"2","X",2023,2025,316.449,269178.049543528,12.5031283338425
"5980","24Q540142",2024-08-27,"08-2024",289000,2024,"2","X",2023,2025,314.131,292194.234252589,12.5851740459089
"5981","24Q540326",2024-05-03,"05-2024",345000,2024,"2","X",2023,2025,313.14,349917.08181644,12.7654514963023
"5982","24Q540546",2024-04-04,"04-2024",336900,2024,"2","X",2023,2025,313.016,341837.000983975,12.7420892971223
"5983","24Q610304",2024-07-01,"07-2024",442000,2024,"2","X",2023,2025,313.566,447690.521293763,13.0118574720008
"5984","24Q610351",2024-07-18,"07-2024",330000,2024,"2","X",2023,2025,313.566,334248.579246474,12.7196402443837
"5985","24Q610441",2024-05-01,"05-2024",270000,2024,"2","I",2023,2025,313.14,273848.150986779,12.5203290382693
"5986","24Q620204",2024-11-15,"11-2024",395000,2024,"2","X",2023,2025,316.449,396440.453279991,12.890281127896
"5987","24Q620295",2024-09-23,"09-2024",370000,2024,"2","X",2023,2025,314.851,373234.037687668,12.8299609487473
"5988","24Q630681",2024-06-13,"06-2024",412000,2024,"2","X",2023,2025,313.131,417884.003819488,12.9429591701717
"5989","24Q630700",2024-11-06,"11-2024",370000,2024,"2","X",2023,2025,316.449,371349.285350878,12.8248983686332
"5990","24R110070",2024-08-21,"08-2024",340000,2024,"2","X",2023,2025,314.131,343757.922650105,12.7476929754067
"5991","24R110263",2024-07-03,"07-2024",355000,2024,"2","X",2023,2025,313.566,359570.441310601,12.7926653793985
"5992","24R110795",2024-04-10,"04-2024",365000,2024,"2","X",2023,2025,313.016,370348.784087714,12.8222005002923
"5993","24R111042",2024-06-14,"06-2024",350000,2024,"2","X",2023,2025,313.131,354998.546934031,12.7798689753056
"5994","24R111309",2024-08-01,"08-2024",350000,2024,"2","X",2023,2025,314.131,353868.449786872,12.77668051228
"5995","24R120035",2024-08-26,"08-2024",353000,2024,"2","X",2023,2025,314.131,356901.607927903,12.7852154147298
"5996","24R120576",2024-09-12,"09-2024",336200,2024,"2","X",2023,2025,314.851,339138.603974578,12.7341641640835
"5997","24R120897",2024-07-29,"07-2024",655000,2024,"2","X",2023,2025,313.566,663432.786080124,13.4051828255584
"5998","24R120907",2024-04-10,"04-2024",548420,2024,"2","X",2023,2025,313.016,556456.657998313,13.2293445634631
"5999","24R130485",2024-07-03,"07-2024",290000,2024,"2","X",2023,2025,313.566,293733.599943871,12.5904285129036
"6000","24R130540",2024-07-15,"07-2024",240000,2024,"2","I",2023,2025,313.566,243089.875815618,12.4011865132651
"6001","24R130540",2024-10-08,"10-2024",425000,2024,"2","X",2023,2025,315.564,427746.1148927,12.9662851090544
"6002","24R140046",2024-04-29,"04-2024",375000,2024,"2","X",2023,2025,313.016,380495.326117515,12.8492291726802
"6003","24R140798",2024-01-25,"01-2024",280000,2024,"2","X",2023,2025,309.794,287057.980464438,12.5674394968621
"6004","24R140927",2024-03-12,"03-2024",249200,2024,"2","X",2023,2025,312.107,253588.248901819,12.4434671633337
"6005","24R140972",2024-01-03,"01-2024",235000,2024,"2","I",2023,2025,309.794,240923.66217551,12.392235407837
"6006","24R210071",2024-10-16,"10-2024",340000,2024,"2","X",2023,2025,315.564,342196.89191416,12.7431415577402
"6007","24R210794",2024-08-06,"08-2024",4e+05,2024,"2","X",2023,2025,314.131,404421.085470711,12.9102119049045
"6008","24R211124",2024-10-29,"10-2024",322000,2024,"2","4",2023,2025,315.564,324080.585871646,12.6887474856744
"6009","24R220539",2024-08-07,"08-2024",427500,2024,"2","X",2023,2025,314.131,432225.035096823,12.9767016461733
"6010","24R221363",2024-06-12,"06-2024",375000,2024,"2","X",2023,2025,313.131,380355.586000747,12.8488618467926
"6011","24R221419",2024-07-10,"07-2024",425000,2024,"2","X",2023,2025,313.566,430471.655090157,12.9726367588475
"6012","24R221639",2024-07-18,"07-2024",330000,2024,"2","X",2023,2025,313.566,334248.579246474,12.7196402443837
"6013","24R231007",2024-02-09,"02-2024",314900,2024,"2","X",2023,2025,311.022,321563.055668088,12.6809489330342
"6014","24R241127",2024-07-25,"07-2024",2e+05,2024,"2","X",2023,2025,313.566,202574.896513015,12.2188649564712
"6015","24R241219",2024-08-29,"08-2024",260000,2024,"2","X",2023,2025,314.131,262873.705555962,12.479428988812
"6016","24R241338",2024-09-06,"09-2024",235000,2024,"2","X",2023,2025,314.851,237054.050963789,12.3760434572532
"6017","24R241567",2024-03-11,"03-2024",250000,2024,"2","X",2023,2025,312.107,254402.336378229,12.4466722942826
"6018","24R241851",2024-08-01,"08-2024",360000,2024,"2","4",2023,2025,314.131,363978.97692364,12.8048513892467
"6019","24R310519",2024-07-29,"07-2024",150815,2024,"2","I",2023,2025,313.566,152756.665088052,11.9366015100462
"6020","24R310519",2024-10-30,"10-2024",330000,2024,"2","X",2023,2025,315.564,332132.277446097,12.7132885945905
"6021","24R320877",2024-04-16,"04-2024",162000,2024,"2","X",2023,2025,313.016,164373.980882766,12.0098994819422
"6022","24R330290",2024-01-09,"01-2024",315000,2024,"2","X",2023,2025,309.794,322940.228022492,12.6852225325185
"6023","24R331291",2024-08-14,"08-2024",410000,2024,"2","X",2023,2025,314.131,414531.612607479,12.9349045174949
"6024","24R331318",2024-11-12,"11-2024",425000,2024,"2","X",2023,2025,316.449,426549.854794927,12.9634845319193
"6025","24R331336",2024-08-14,"08-2024",373500,2024,"2","X",2023,2025,314.131,377628.188558277,12.8416653623694
"6026","24R331482",2024-09-09,"09-2024",530000,2024,"2","X",2023,2025,314.851,534632.540471525,13.1893349496552
"6027","24R331611",2024-06-21,"06-2024",759500,2024,"2","P",2023,2025,313.131,770346.846846847,13.554596142858
"6028","24R332050",2024-10-11,"10-2024",689000,2024,"2","X",2023,2025,315.564,693451.936849577,13.4494372111436
"6029","24R420308",2024-04-17,"04-2024",3e+05,2024,"2","X",2023,2025,313.016,304396.260894012,12.626085621366
"6030","24R421600",2024-06-18,"06-2024",641700,2024,"2","X",2023,2025,313.131,650864.478764479,13.3860567255786
"6031","24R431050",2024-03-01,"03-2024",559110,2024,"2","X",2023,2025,312.107,568955.561169727,13.2515576101811
"6032","24R440162",2024-04-30,"04-2024",265000,2024,"2","I",2023,2025,313.016,268883.36378971,12.502032972696
"6033","24R440704",2024-07-30,"07-2024",3e+05,2024,"2","X",2023,2025,313.566,303862.344769522,12.6243300645793
"6034","24R441161",2024-09-12,"09-2024",385000,2024,"2","X",2023,2025,314.851,388365.147323655,12.8697012773968
"6035","24R441309",2024-04-12,"04-2024",583700,2024,"2","X",2023,2025,313.016,592253.658279449,13.2916902989196
"6036","24R510104",2024-04-04,"04-2024",327500,2024,"2","X",2023,2025,313.016,332299.251475963,12.7137912017851
"6037","24R510223",2024-05-22,"05-2024",329900,2024,"2","X",2023,2025,313.14,334601.870409402,12.7206966575055
"6038","24R510342",2024-03-06,"03-2024",365000,2024,"2","X",2023,2025,312.107,371427.411112215,12.8251087300029
"6039","24R510609",2024-10-23,"10-2024",185000,2024,"2","I",2023,2025,315.564,186195.367659175,12.1345517652083
"6040","24R510902",2024-10-02,"10-2024",315570,2024,"2","X",2023,2025,315.564,317609.038768681,12.6685764675493
"6041","24R530344",2024-05-20,"05-2024",315000,2024,"2","X",2023,2025,313.14,319489.509484576,12.6744797180966
"6042","24R530894",2024-05-20,"05-2024",318000,2024,"2","X",2023,2025,313.14,322532.266717762,12.6839584620511
"6043","24R531194",2024-04-03,"04-2024",315000,2024,"2","X",2023,2025,313.016,319616.073938712,12.6748757855354
"6044","24R531233",2024-10-31,"10-2024",360000,2024,"2","X",2023,2025,315.564,362326.120850287,12.8002999715801
"6045","24R540208",2024-05-02,"05-2024",180000,2024,"2","I",2023,2025,313.14,182565.433991186,12.1148639301612
"6046","24R540208",2024-10-01,"10-2024",355000,2024,"2","X",2023,2025,315.564,357293.813616255,12.7863137296054
"6047","24R540547",2024-08-05,"08-2024",3e+05,2024,"2","X",2023,2025,314.131,303315.814103033,12.6225298324527
"6048","24R540804",2024-01-18,"01-2024",289000,2024,"2","X",2023,2025,309.794,296284.844122223,12.5990765818053
"6049","24R541083",2024-01-12,"01-2024",345000,2024,"2","X",2023,2025,309.794,353696.440215111,12.7761943107242
"6050","24R610204",2024-07-31,"07-2024",310000,2024,"2","X",2023,2025,313.566,313991.089595173,12.6571198874023
"6051","24R611616",2024-06-25,"06-2024",535000,2024,"2","X",2023,2025,313.131,542640.636027733,13.2042025677181
"6052","24R611652",2024-07-19,"07-2024",375000,2024,"2","X",2023,2025,313.566,379827.930961903,12.8474736158935
"6053","24R620591",2024-03-29,"03-2024",480000,2024,"2","X",2023,2025,312.107,488452.4858462,13.0989974803223
"6054","24R620920",2024-09-11,"09-2024",490000,2024,"2","X",2023,2025,314.851,494282.91477556,13.1108633342137
"6055","24R620948",2024-06-03,"06-2024",540000,2024,"2","X",2023,2025,313.131,547712.043841076,13.2135049603805
"6056","24R630491",2024-07-30,"07-2024",295000,2024,"2","X",2023,2025,313.566,298797.972356697,12.6075229462629
"6057","24S110044",2024-07-22,"07-2024",725000,2024,"2","X",2023,2025,313.566,734333.999859679,13.5067192447778
"6058","24S130097",2024-11-14,"11-2024",465000,2024,"2","X",2023,2025,316.449,466695.723481509,13.0534327685823
"6059","24S130552",2024-08-14,"08-2024",675000,2024,"2","X",2023,2025,314.131,682460.581731825,13.433460048669
"6060","24S140591",2024-08-01,"08-2024",747000,2024,"2","X",2023,2025,314.131,755256.377116553,13.5348125429293
"6061","24S140920",2024-08-01,"08-2024",675000,2024,"2","X",2023,2025,314.131,682460.581731825,13.433460048669
"6062","24S140939",2024-07-25,"07-2024",710000,2024,"2","X",2023,2025,313.566,719140.882621203,13.4858125599585
"6063","24S210421",2024-07-05,"07-2024",240000,2024,"2","X",2023,2025,313.566,243089.875815618,12.4011865132651
"6064","24S210683",2024-07-10,"07-2024",220000,2024,"2","X",2023,2025,313.566,222832.386164316,12.3141751362755
"6065","24S210793",2024-02-16,"02-2024",221000,2024,"2","X",2023,2025,311.022,225676.199754358,12.3268565064449
"6066","24S211387",2024-11-04,"11-2024",378000,2024,"2","X",2023,2025,316.449,379378.459088194,12.8462895586145
"6067","24S211723",2024-07-03,"07-2024",362000,2024,"2","X",2023,2025,313.566,366660.562688557,12.8121918017489
"6068","24S220187",2024-05-23,"05-2024",3e+05,2024,"2","4",2023,2025,313.14,304275.723318643,12.6256895539272
"6069","24S220374",2024-03-14,"03-2024",283000,2024,"2","I",2023,2025,312.107,287983.444780155,12.5706582740636
"6070","24S220523",2024-08-02,"08-2024",318000,2024,"2","X",2023,2025,314.131,321514.762949215,12.6807987405767
"6071","24S220523",2024-08-02,"08-2024",318000,2024,"2","4",2023,2025,314.131,321514.762949215,12.6807987405767
"6072","24S220707",2024-04-25,"04-2024",190100,2024,"2","X",2023,2025,313.016,192885.763986505,12.1698533962042
"6073","24S220963",2024-06-26,"06-2024",560000,2024,"2","X",2023,2025,313.131,567997.675094449,13.2498726045513
"6074","24S230373",2024-10-23,"10-2024",475000,2024,"2","X",2023,2025,315.564,478069.187233018,13.0775107441646
"6075","24S231011",2024-10-25,"10-2024",480000,2024,"2","X",2023,2025,315.564,483101.494467049,13.0879820440319
"6076","24S240295",2024-09-06,"09-2024",410000,2024,"2","X",2023,2025,314.851,413583.663383632,12.9326151028074
"6077","24S240635",2024-03-06,"03-2024",170000,2024,"2","I",2023,2025,312.107,172993.588737196,12.0610098134706
"6078","24S240727",2024-10-09,"10-2024",375000,2024,"2","X",2023,2025,315.564,377423.042552382,12.8411219661004
"6079","24S241142",2024-08-02,"08-2024",355000,2024,"2","X",2023,2025,314.131,358923.713355256,12.7908651472719
"6080","24S241153",2024-06-06,"06-2024",315000,2024,"2","X",2023,2025,313.131,319498.692240628,12.6745084596478
"6081","24S310824",2024-10-02,"10-2024",540000,2024,"2","X",2023,2025,315.564,543489.181275431,13.2057650796883
"6082","24S320632",2024-10-02,"10-2024",585000,2024,"2","X",2023,2025,315.564,588779.946381717,13.2858077873618
"6083","24S320715",2024-09-25,"09-2024",560000,2024,"2","I",2023,2025,314.851,564894.759743498,13.2443947268382
"6084","24S330330",2024-02-12,"02-2024",373000,2024,"2","X",2023,2025,311.022,380892.409540161,12.850272224571
"6085","24S330532",2024-07-11,"07-2024",328463,2024,"2","X",2023,2025,313.566,332691.791166772,12.7149717883231
"6086","24S331155",2024-06-14,"06-2024",170000,2024,"2","I",2023,2025,313.131,172427.865653672,12.0577342578724
"6087","24S331210",2024-08-29,"08-2024",418000,2024,"2","X",2023,2025,314.131,422620.034316893,12.9542287903213
"6088","24S340054",2024-08-27,"08-2024",320000,2024,"2","X",2023,2025,314.131,323536.868376569,12.6870683535903
"6089","24S340771",2024-05-30,"05-2024",490000,2024,"2","X",2023,2025,313.14,496983.681420451,13.1163124703756
"6090","24S410311",2024-04-22,"04-2024",426000,2024,"2","X",2023,2025,313.016,432242.690469497,12.9767424929792
"6091","24S410355",2024-03-19,"03-2024",440000,2024,"2","X",2023,2025,312.107,447748.112025683,13.0119861033327
"6092","24S410762",2024-10-08,"10-2024",485000,2024,"2","X",2023,2025,315.564,488133.801701081,13.0983448310675
"6093","24S420310",2024-02-22,"02-2024",425000,2024,"2","X",2023,2025,311.022,433992.691835304,12.9807829738516
"6094","24S420398",2024-10-17,"10-2024",2e+05,2024,"2","I",2023,2025,315.564,201292.289361271,12.212513306678
"6095","24S420981",2024-05-20,"05-2024",772000,2024,"2","X",2023,2025,313.14,783002.861339976,13.5708916292957
"6096","24S440671",2024-05-17,"05-2024",327000,2024,"2","X",2023,2025,313.14,331660.538417321,12.7118672501682
"6097","24S440880",2024-06-26,"06-2024",275000,2024,"2","X",2023,2025,313.131,278927.429733881,12.5387069184887
"6098","24S440990",2024-05-07,"05-2024",282800,2024,"2","X",2023,2025,313.14,286830.581848375,12.5666470132934
"6099","24S510367",2024-02-01,"02-2024",261062,2024,"2","I",2023,2025,311.022,266585.882625666,12.4934517319326
"6100","24S510675",2024-05-31,"05-2024",360000,2024,"2","X",2023,2025,313.14,365130.867982372,12.8080111107211
"6101","24S520092",2024-03-14,"03-2024",349900,2024,"2","X",2023,2025,312.107,356061.50999497,12.782858775794
"6102","24S520290",2024-07-22,"07-2024",310000,2024,"2","X",2023,2025,313.566,313991.089595173,12.6571198874023
"6103","24S521093",2024-09-20,"09-2024",350000,2024,"2","X",2023,2025,314.851,353059.224839686,12.7743910975925
"6104","24S530411",2024-08-21,"08-2024",355000,2024,"2","X",2023,2025,314.131,358923.713355256,12.7908651472719
"6105","24S530613",2024-08-22,"08-2024",365000,2024,"2","X",2023,2025,314.131,369034.240492024,12.818644711379
"6106","24S530934",2024-07-02,"07-2024",270000,2024,"2","X",2023,2025,313.566,273476.11029257,12.5189695489215
"6107","24S540562",2024-11-04,"11-2024",315000,2024,"2","X",2023,2025,316.449,316148.715906829,12.6639680018205
"6108","24S540793",2024-07-29,"07-2024",264000,2024,"2","I",2023,2025,313.566,267398.86339718,12.4964966930694
"6109","24S541068",2024-11-04,"11-2024",335000,2024,"2","X",2023,2025,316.449,336221.650250119,12.72552589482
"6110","24S541354",2024-08-13,"08-2024",323000,2024,"2","X",2023,2025,314.131,326570.026517599,12.6963996810192
"6111","24S610104",2024-10-07,"10-2024",162000,2024,"2","I",2023,2025,315.564,163046.754382629,12.0017922753624
"6112","24S610621",2024-07-16,"07-2024",240000,2024,"2","X",2023,2025,313.566,243089.875815618,12.4011865132651
"6113","24S610821",2024-06-14,"06-2024",350000,2024,"2","X",2023,2025,313.131,354998.546934031,12.7798689753056
"6114","24S620246",2024-04-18,"04-2024",276000,2024,"2","X",2023,2025,313.016,280044.560022491,12.542704012427
"6115","24S620334",2024-06-20,"06-2024",258314,2024,"2","X",2023,2025,313.131,262003.127579192,12.4761117199971
"6116","24S620932",2024-04-26,"04-2024",255000,2024,"2","I",2023,2025,313.016,258736.82175991,12.4635666918682
"6117","24S630322",2024-05-09,"05-2024",180000,2024,"2","I",2023,2025,313.14,182565.433991186,12.1148639301612
"6118","24S630762",2024-10-28,"10-2024",232042,2024,"2","5",2023,2025,315.564,233541.32703984,12.3611143298943
"6119","24S630773",2024-04-10,"04-2024",212000,2024,"2","I",2023,2025,313.016,215106.691031768,12.2788894213818
"6120","24S630773",2024-06-21,"06-2024",330000,2024,"2","X",2023,2025,313.131,334712.915680658,12.7210284752827
"6121","24S630832",2024-03-04,"03-2024",275000,2024,"2","I",2023,2025,312.107,279842.570016052,12.5419824740869
"6122","24S631082",2024-04-09,"04-2024",295000,2024,"2","X",2023,2025,313.016,299322.989879112,12.6092785030496
"6123","24S631598",2024-01-16,"01-2024",214000,2024,"2","I",2023,2025,309.794,219394.313640677,12.2986259087147
"6124","24S631598",2024-05-16,"05-2024",330000,2024,"2","X",2023,2025,313.14,334703.295650508,12.7209997337315
"6125","24S640387",2024-06-25,"06-2024",310000,2024,"2","X",2023,2025,313.131,314427.284427284,12.6585081183013
"6126","24S640732",2024-06-12,"06-2024",317500,2024,"2","X",2023,2025,313.131,322034.396147299,12.6824136391549
"6127","24S640794",2024-02-23,"02-2024",375000,2024,"2","X",2023,2025,311.022,382934.728089974,12.8556198308976
"6128","24T110560",2024-09-06,"09-2024",639900,2024,"2","X",2023,2025,314.851,645493.137071186,13.3777698572544
"6129","24T110643",2024-05-06,"05-2024",641500,2024,"2","X",2023,2025,313.14,650642.921696366,13.3857162633266
"6130","24T140114",2024-01-31,"01-2024",470000,2024,"2","I",2023,2025,309.794,481847.32435102,13.085382588397
"6131","24T140114",2024-08-22,"08-2024",620000,2024,"2","X",2023,2025,314.131,626852.682479603,13.3484668358356
"6132","24T220153",2024-02-14,"02-2024",814000,2024,"2","X",2023,2025,311.022,831223.649773971,13.6306541709297
"6133","24T320231",2024-03-14,"03-2024",605000,2024,"2","X",2023,2025,312.107,615653.654035315,13.3304398344512
"6134","24T320693",2024-09-09,"09-2024",615000,2024,"2","X",2023,2025,314.851,620375.495075448,13.3380802109155
"6135","24T330461",2024-08-19,"08-2024",399000,2024,"2","X",2023,2025,314.131,403410.032757034,12.9077087746864
"6136","24T340121",2024-11-25,"11-2024",445000,2024,"2","X",2023,2025,316.449,446622.789138218,13.0094696451611
"6137","24T410079",2024-08-21,"08-2024",495000,2024,"2","X",2023,2025,314.131,500471.093270005,13.1233051203652
"6138","24T410101",2024-10-01,"10-2024",458000,2024,"2","X",2023,2025,315.564,460959.34263731,13.0410651242442
"6139","24T410200",2024-07-25,"07-2024",540000,2024,"2","X",2023,2025,313.566,546952.22058514,13.2121167294814
"6140","24T430202",2024-03-29,"03-2024",650000,2024,"2","X",2023,2025,312.107,661446.074583396,13.4021837393101
"6141","24T430264",2024-08-27,"08-2024",703000,2024,"2","X",2023,2025,314.131,710770.057714775,13.4741042496072
"6142","24T440593",2024-07-09,"07-2024",625000,2024,"2","X",2023,2025,313.566,633046.551603171,13.3582992396595
"6143","24T520211",2024-11-20,"11-2024",488000,2024,"2","X",2023,2025,316.449,489779.597976293,13.101710768848
"6144","24T520354",2024-03-08,"03-2024",540000,2024,"2","X",2023,2025,312.107,549509.046576975,13.2167805159787
"6145","24T520530",2024-10-11,"10-2024",520000,2024,"2","X",2023,2025,315.564,523359.952339304,13.1680247517055
"6146","24T520585",2024-06-26,"06-2024",615000,2024,"2","X",2023,2025,313.131,623783.161041226,13.3435580886287
"6147","24T540165",2024-08-01,"08-2024",545000,2024,"2","X",2023,2025,314.131,551023.728953844,13.2195331524598
"6148","24T610224",2024-08-27,"08-2024",380000,2024,"2","I",2023,2025,314.131,384200.031197176,12.8589186105169
"6149","24T610389",2024-06-21,"06-2024",555000,2024,"2","X",2023,2025,313.131,562926.267281106,13.2409039345686
"6150","24T620290",2024-02-23,"02-2024",465000,2024,"2","X",2023,2025,311.022,474839.062831568,13.0707312105145
"6151","24T620401",2024-07-23,"07-2024",470000,2024,"2","X",2023,2025,313.566,476051.006805585,13.0732802846272
"6152","24T620410",2024-05-08,"05-2024",405000,2024,"2","X",2023,2025,313.14,410772.226480169,12.9257941463775
"6153","24T620564",2024-04-10,"04-2024",504000,2024,"2","X",2023,2025,313.016,511385.71830194,13.1448794147812
"6154","24T621147",2024-03-18,"03-2024",420000,2024,"2","X",2023,2025,312.107,427395.925115425,12.9654660876978
"6155","24T630080",2024-04-10,"04-2024",450000,2024,"2","X",2023,2025,313.016,456594.391341018,13.0315507294742
"6156","24T630167",2024-04-11,"04-2024",88863,2024,"2","4",2023,2025,313.016,90165.2164394152,11.40939900462
"6157","24T630723",2024-05-31,"05-2024",492700,2024,"2","X",2023,2025,313.14,499722.162930319,13.1218075488209
"6158","24T640188",2024-07-25,"07-2024",507500,2024,"2","X",2023,2025,313.566,514033.799901775,13.1500443008391
"6159","24T641091",2024-03-25,"03-2024",6e+05,2024,"2","X",2023,2025,312.107,610565.60730775,13.3221410316365
"6160","24U110053",2024-07-09,"07-2024",585000,2024,"2","X",2023,2025,313.566,592531.572300568,13.292159437155
"6161","24U120306",2024-09-09,"09-2024",375000,2024,"2","X",2023,2025,314.851,378277.740899664,12.8433839690794
"6162","24U130132",2024-06-14,"06-2024",386000,2024,"2","X",2023,2025,313.131,391512.683190103,12.877773190287
"6163","24U130161",2024-10-17,"10-2024",425000,2024,"2","X",2023,2025,315.564,427746.1148927,12.9662851090544
"6164","24U130370",2024-06-21,"06-2024",785000,2024,"2","X",2023,2025,313.131,796211.026694898,13.5876195386045
"6165","24U140041",2024-01-05,"01-2024",486800,2024,"2","X",2023,2025,309.794,499070.803178887,13.1205032548063
"6166","24U140463",2024-07-15,"07-2024",4e+05,2024,"2","X",2023,2025,313.566,405149.79302603,12.9120121370311
"6167","24U140876",2024-07-29,"07-2024",462000,2024,"2","X",2023,2025,313.566,467948.010945064,13.0561124810049
"6168","24U140977",2024-09-10,"09-2024",355000,2024,"2","X",2023,2025,314.851,358102.928051682,12.7885757325844
"6169","24U210054",2024-01-02,"01-2024",278000,2024,"2","X",2023,2025,309.794,285007.566318263,12.5602710073835
"6170","24U210153",2024-05-22,"05-2024",875000,2024,"2","X",2023,2025,313.14,887470.859679377,13.6961309656286
"6171","24U220433",2024-06-25,"06-2024",654900,2024,"2","X",2023,2025,313.131,664252.995391705,13.4064183730461
"6172","24U220561",2024-09-10,"09-2024",585000,2024,"2","X",2023,2025,314.851,590113.275803475,13.2880697903409
"6173","24U240132",2024-09-30,"09-2024",466900,2024,"2","X",2023,2025,314.851,470981.005936141,13.0625730450859
"6174","24U320304",2024-09-13,"09-2024",565000,2024,"2","X",2023,2025,314.851,569938.462955493,13.2532836742555
"6175","24U330671",2024-11-12,"11-2024",520000,2024,"2","X",2023,2025,316.449,521896.292925558,13.1652241745704
"6176","24U340294",2024-08-05,"08-2024",8e+05,2024,"2","X",2023,2025,314.131,808842.170941423,13.6033590854644
"6177","24U340452",2024-09-13,"09-2024",750000,2024,"2","X",2023,2025,314.851,756555.481799327,13.5365311496394
"6178","24U410298",2024-04-03,"04-2024",780000,2024,"2","X",2023,2025,313.016,791430.278324431,13.5815970663934
"6179","24U410504",2024-09-23,"09-2024",760000,2024,"2","X",2023,2025,314.851,766642.888223318,13.5497763763894
"6180","24U420242",2024-09-13,"09-2024",459900,2024,"2","X",2023,2025,314.851,463919.821439347,13.0474670176549
"6181","24U420853",2024-08-05,"08-2024",445000,2024,"2","X",2023,2025,314.131,449918.457586166,13.0168216399628
"6182","24U430362",2024-06-21,"06-2024",780000,2024,"2","X",2023,2025,313.131,791139.618881555,13.5812297405058
"6183","24U430405",2024-06-18,"06-2024",850000,2024,"2","X",2023,2025,313.131,862139.328268361,13.6671721703065
"6184","24U430506",2024-11-08,"11-2024",795000,2024,"2","X",2023,2025,316.449,797899.140145805,13.5897374776492
"6185","24U430625",2024-05-22,"05-2024",805000,2024,"2","X",2023,2025,313.14,816473.190905027,13.6127493566895
"6186","24U430827",2024-07-03,"07-2024",1166000,2024,"2","X",2023,2025,313.566,1181011.64667088,13.9818819568336
"6187","24U430845",2024-05-30,"05-2024",1085000,2024,"2","X",2023,2025,313.14,1100463.86600243,13.9112423452455
"6188","24U440323",2024-07-12,"07-2024",485000,2024,"2","X",2023,2025,313.566,491244.124044061,13.1046964808606
"6189","24U440754",2024-06-03,"06-2024",459000,2024,"2","X",2023,2025,313.131,465555.237264915,13.0509860308827
"6190","24U441111",2024-02-14,"02-2024",369000,2024,"2","X",2023,2025,311.022,376807.772440535,12.8394904489677
"6191","24U510211",2024-06-04,"06-2024",470000,2024,"2","X",2023,2025,313.131,476712.33445427,13.0746685155262
"6192","24U510907",2024-01-03,"01-2024",417000,2024,"2","X",2023,2025,309.794,427511.349477395,12.9657361154917
"6193","24U520265",2024-09-03,"09-2024",647000,2024,"2","X",2023,2025,314.851,652655.19563222,13.3888042376099
"6194","24U520551",2024-07-02,"07-2024",521000,2024,"2","X",2023,2025,313.566,527707.605416404,13.1762976316765
"6195","24U530451",2024-08-27,"08-2024",225000,2024,"2","X",2023,2025,314.131,227486.860577275,12.3348477600009
"6196","24U530541",2024-03-07,"03-2024",220000,2024,"2","X",2023,2025,312.107,223874.056012842,12.3188389227727
"6197","24U530583",2024-07-05,"07-2024",235000,2024,"2","X",2023,2025,313.566,238025.503402792,12.3801331040673
"6198","24U530844",2024-10-01,"10-2024",3e+05,2024,"2","4",2023,2025,315.564,301938.434041906,12.6179784147862
"6199","24U531045",2024-07-17,"07-2024",416000,2024,"2","X",2023,2025,313.566,421355.784747071,12.9512328501844
"6200","24U531232",2024-07-02,"07-2024",440000,2024,"2","X",2023,2025,313.566,445664.772328633,13.0073223168354
"6201","24U540197",2024-08-22,"08-2024",525000,2024,"2","X",2023,2025,314.131,530802.674680309,13.1821456203881
"6202","24U540681",2024-02-23,"02-2024",501200,2024,"2","X",2023,2025,311.022,511805.028583187,13.1456990279491
"6203","24U540762",2024-02-01,"02-2024",408900,2024,"2","X",2023,2025,311.022,417552.027509308,12.9421644322978
"6204","24U541099",2024-09-04,"09-2024",530000,2024,"2","X",2023,2025,314.851,534632.540471525,13.1893349496552
"6205","24U610603",2024-03-18,"03-2024",360000,2024,"2","X",2023,2025,312.107,366339.36438465,12.8113154078705
"6206","24U610722",2024-08-22,"08-2024",405000,2024,"2","X",2023,2025,314.131,409476.349039095,12.9226344249031
"6207","24U620211",2024-07-26,"07-2024",8e+05,2024,"2","X",2023,2025,313.566,810299.586052059,13.6051593175911
"6208","24U620695",2024-06-03,"06-2024",365000,2024,"2","X",2023,2025,313.131,370212.770374061,12.8218331744046
"6209","24U620882",2024-01-05,"01-2024",350000,2024,"2","X",2023,2025,309.794,358822.475580547,12.7905830481763
"6210","24U620970",2024-03-22,"03-2024",765000,2024,"2","X",2023,2025,312.107,778471.149317381,13.5650872102469
"6211","24U630706",2024-08-28,"08-2024",460000,2024,"2","X",2023,2025,314.131,465084.248291318,13.0499738472797
"6212","24V110162",2024-08-21,"08-2024",550000,2024,"2","X",2023,2025,314.131,556078.992522228,13.228665636023
"6213","24V110232",2024-04-10,"04-2024",613500,2024,"2","X",2023,2025,313.016,622490.353528254,13.3414834108608
"6214","24V130182",2024-01-16,"01-2024",560000,2024,"2","X",2023,2025,309.794,574115.960928875,13.2605866774221
"6215","24V130922",2024-04-22,"04-2024",475000,2024,"2","X",2023,2025,313.016,481960.746415519,13.0856179507445
"6216","24V131073",2024-10-17,"10-2024",555000,2024,"2","X",2023,2025,315.564,558586.102977526,13.2331640538764
"6217","24V131233",2024-09-06,"09-2024",515000,2024,"2","X",2023,2025,314.851,519501.430835538,13.1606248437728
"6218","24V140125",2024-02-28,"02-2024",568000,2024,"2","X",2023,2025,311.022,580018.468146948,13.2708152236483
"6219","24V140134",2024-10-18,"10-2024",593000,2024,"2","X",2023,2025,315.564,596831.637956167,13.2993903391277
"6220","24V140400",2024-05-17,"05-2024",575500,2024,"2","X",2023,2025,313.14,583702.262566264,13.2771463074329
"6221","24V140446",2024-06-03,"06-2024",620000,2024,"2","X",2023,2025,313.131,628854.568854569,13.3516552988613
"6222","24V320112",2024-03-05,"03-2024",499000,2024,"2","X",2023,2025,312.107,507787.063410946,13.1378174721719
"6223","24V320341",2024-07-03,"07-2024",475000,2024,"2","X",2023,2025,313.566,481115.37921841,13.0838623939578
"6224","24V320383",2024-10-25,"10-2024",506000,2024,"2","X",2023,2025,315.564,509269.492084015,13.1407326094174
"6225","24V320451",2024-02-26,"02-2024",395000,2024,"2","X",2023,2025,311.022,403357.913588106,12.9075795698283
"6226","24V320617",2024-10-29,"10-2024",414900,2024,"2","X",2023,2025,315.564,417580.854279956,12.9422334674688
"6227","24V330261",2024-06-04,"06-2024",478000,2024,"2","X",2023,2025,313.131,484826.586955619,13.0915465533136
"6228","24V330351",2024-11-21,"11-2024",371000,2024,"2","X",2023,2025,316.449,372352.932068043,12.8275974256023
"6229","24V330360",2024-06-10,"06-2024",370000,2024,"2","X",2023,2025,313.131,375284.178187404,12.8354388264604
"6230","24V331112",2024-02-20,"02-2024",155000,2024,"2","X",2023,2025,311.022,158279.687610523,11.9721189218464
"6231","24V331305",2024-05-23,"05-2024",180000,2024,"2","X",2023,2025,313.14,182565.433991186,12.1148639301612
"6232","24V331314",2024-01-10,"01-2024",163000,2024,"2","X",2023,2025,309.794,167108.752913226,12.0264000944996
"6233","24V331332",2024-04-09,"04-2024",165000,2024,"2","X",2023,2025,313.016,167417.943491707,12.0282486206104
"6234","24V331617",2024-02-14,"02-2024",175000,2024,"2","X",2023,2025,311.022,178702.873108655,12.0934797788507
"6235","24V331837",2024-08-22,"08-2024",159900,2024,"2","X",2023,2025,314.131,161667.328916917,11.9932959776364
"6236","24V331846",2024-09-27,"09-2024",185000,2024,"2","X",2023,2025,314.851,186617.018843834,12.1368137681873
"6237","24V340293",2024-06-27,"06-2024",618000,2024,"2","X",2023,2025,313.131,626826.005729232,13.3484242782798
"6238","24V430121",2024-05-28,"05-2024",3e+05,2024,"2","X",2023,2025,313.14,304275.723318643,12.6256895539272
"6239","24V441204",2024-05-22,"05-2024",570000,2024,"2","X",2023,2025,313.14,578123.874305423,13.2675434400996
"6240","24V510522",2024-06-26,"06-2024",392300,2024,"2","4",2023,2025,313.131,397902.657034915,12.8939626740376
"6241","24V520660",2024-11-01,"11-2024",164000,2024,"2","X",2023,2025,316.449,164598.061614984,12.0112617908191
"6242","24V520682",2024-02-06,"02-2024",158000,2024,"2","X",2023,2025,311.022,161343.165435243,11.9912888379542
"6243","24V520808",2024-05-10,"05-2024",265000,2024,"2","X",2023,2025,313.14,268776.888931468,12.5016369052572
"6244","24V520871",2024-05-28,"05-2024",173700,2024,"2","X",2023,2025,313.14,176175.643801495,12.079236752518
"6245","24V520880",2024-03-18,"03-2024",155000,2024,"2","X",2023,2025,312.107,157729.448554502,11.9686364933396
"6246","24V521166",2024-07-09,"07-2024",451000,2024,"2","X",2023,2025,313.566,456806.391636848,13.0320149294258
"6247","24V521331",2024-07-03,"07-2024",430000,2024,"2","X",2023,2025,313.566,435536.027502982,12.9843327986107
"6248","24V530560",2024-01-26,"01-2024",370000,2024,"1","X",2023,2025,309.794,379326.617042293,12.8461528993312
"6249","24V530571",2024-08-21,"08-2024",590000,2024,"2","X",2023,2025,314.131,596521.101069299,13.2988698946963
"6250","24V610123",2024-03-11,"03-2024",386000,2024,"2","Z",2023,2025,312.107,392797.207367986,12.8810487458852
"6251","24V610613",2024-08-20,"08-2024",148500,2024,"2","X",2023,2025,314.131,150141.327981002,11.9193323160393
"6252","24V610750",2024-05-23,"05-2024",255000,2024,"2","X",2023,2025,313.14,258634.364820847,12.4631706244294
"6253","24V610824",2024-06-10,"06-2024",268000,2024,"2","X",2023,2025,313.131,271827.458795201,12.512922801333
"6254","24V611070",2024-02-13,"02-2024",270000,2024,"2","X",2023,2025,311.022,275713.004224782,12.5271157639256
"6255","24V611597",2024-05-21,"05-2024",179000,2024,"2","X",2023,2025,313.14,181551.181580124,12.1092928851117
"6256","24V611612",2024-05-09,"05-2024",180000,2024,"2","X",2023,2025,313.14,182565.433991186,12.1148639301612
"6257","24V611832",2024-04-11,"04-2024",164000,2024,"2","X",2023,2025,313.016,166403.289288726,12.022169574534
"6258","24V611942",2024-04-08,"04-2024",162000,2024,"2","X",2023,2025,313.016,164373.980882766,12.0098994819422
"6259","24V612082",2024-11-14,"11-2024",160000,2024,"2","X",2023,2025,316.449,160583.474746326,11.9865691782287
"6260","24V612093",2024-09-26,"09-2024",152000,2024,"2","X",2023,2025,314.851,153328.577644664,11.9403384639553
"6261","24V612400",2024-01-04,"01-2024",160000,2024,"2","X",2023,2025,309.794,164033.131693964,12.0078237089267
"6262","24V612620",2024-05-10,"05-2024",161500,2024,"2","X",2023,2025,313.14,163801.764386536,12.0064122219337
"6263","24V612642",2024-02-08,"02-2024",150000,2024,"2","X",2023,2025,311.022,153173.89123599,11.9393290990234
"6264","24V612712",2024-02-21,"02-2024",125000,2024,"2","X",2023,2025,311.022,127644.909363325,11.7570075422295
"6265","24V612983",2024-11-19,"11-2024",175000,2024,"2","X",2023,2025,316.449,175638.175503794,12.0761813369184
"6266","24V613016",2024-11-06,"11-2024",147500,2024,"2","X",2023,2025,316.449,148037.890781769,11.9052235387748
"6267","24V613203",2024-05-22,"05-2024",270000,2024,"2","X",2023,2025,313.14,273848.150986779,12.5203290382693
"6268","24V613533",2024-07-16,"07-2024",180000,2024,"2","X",2023,2025,313.566,182317.406861713,12.1135044408133
"6269","24V613555",2024-01-17,"01-2024",179000,2024,"2","X",2023,2025,309.794,183512.066082623,12.1200356995336
"6270","24V613797",2024-08-01,"08-2024",275000,2024,"2","X",2023,2025,314.131,278039.496261114,12.5355184554631
"6271","24V620254",2024-11-06,"11-2024",420000,2024,"2","X",2023,2025,316.449,421531.621209105,12.9516500742723
"6272","24V621091",2024-10-02,"10-2024",507000,2024,"2","X",2023,2025,315.564,510275.953530821,13.1427069437212
"6273","24V630231",2024-07-15,"07-2024",420000,2024,"2","X",2023,2025,313.566,425407.282677331,12.9608023012005
"6274","24V640043",2024-08-28,"08-2024",440000,2024,"2","X",2023,2025,314.131,444863.194017782,13.0055220847088
"6275","24V640571",2024-09-17,"09-2024",590000,2024,"2","X",2023,2025,314.851,595156.979015471,13.2965804800088
"6276","24V640735",2024-10-01,"10-2024",409200,2024,"2","5",2023,2025,315.564,411844.02403316,12.9283999742075
"6277","24W330031",2024-01-03,"01-2024",460000,2024,"2","X",2023,2025,309.794,471595.253620148,13.063876383176
"6278","24W510066",2024-01-02,"01-2024",395000,2024,"2","X",2023,2025,309.794,404956.793869475,12.911535658594
"6279","24Z620096",2024-04-04,"04-2024",85000,2024,"1","X",2023,2025,313.016,86245.6072533033,11.3649544032001
"6280","25H110261",2024-08-20,"08-2024",225000,2024,"2","X",2023,2025,314.131,227486.860577275,12.3348477600009
"6281","25H120602",2024-07-15,"07-2024",376000,2024,"2","X",2023,2025,313.566,380840.805444468,12.850136733313
"6282","25H130070",2024-05-01,"05-2024",126000,2024,"2","I",2023,2025,313.14,127795.80379383,11.7581889862224
"6283","25H131253",2024-11-07,"11-2024",430000,2024,"2","X",2023,2025,316.449,431568.08838075,12.9751805716825
"6284","25H131381",2024-06-07,"06-2024",407500,2024,"2","X",2023,2025,313.131,413319.736787479,12.9319767535031
"6285","25H140301",2024-06-21,"06-2024",225000,2024,"2","X",2023,2025,313.131,228213.351600448,12.3380362230266
"6286","25H140677",2024-01-12,"01-2024",141000,2024,"2","X",2023,2025,309.794,144554.197305306,11.881409784071
"6287","25H140806",2024-05-03,"05-2024",140900,2024,"2","X",2023,2025,313.14,142908.164718656,11.8699574981756
"6288","25H141236",2024-05-03,"05-2024",370000,2024,"2","X",2023,2025,313.14,375273.392092994,12.8354100849092
"6289","25H210051",2024-04-03,"04-2024",107000,2024,"2","I",2023,2025,313.016,108567.999718864,11.5951319811717
"6290","25H210051",2024-06-26,"06-2024",225000,2024,"2","X",2023,2025,313.131,228213.351600448,12.3380362230266
"6291","25H210334",2024-06-18,"06-2024",193000,2024,"2","X",2023,2025,313.131,195756.341595051,12.184626009727
"6292","25H210985",2024-09-11,"09-2024",110000,2024,"2","I",2023,2025,314.851,110961.470663901,11.6169383089014
"6293","25H211030",2024-05-21,"05-2024",234800,2024,"2","I",2023,2025,313.14,238146.466117392,12.3806411672249
"6294","25H211360",2024-06-24,"06-2024",260000,2024,"2","X",2023,2025,313.131,263713.206293851,12.4826174518377
"6295","25H220573",2024-05-03,"05-2024",254000,2024,"2","X",2023,2025,313.14,257620.112409785,12.4592413462895
"6296","25H220656",2024-07-17,"07-2024",215000,2024,"2","X",2023,2025,313.566,217768.013751491,12.2911856180508
"6297","25H220858",2024-01-03,"01-2024",155000,2024,"2","X",2023,2025,309.794,158907.096328528,11.9760750106121
"6298","25H221325",2024-10-31,"10-2024",69000,2024,"2","5",2023,2025,315.564,69445.8398296384,11.1483024447272
"6299","25H221361",2024-02-21,"02-2024",120149,2024,"2","5",2023,2025,311.022,122691.265720753,11.7174264441454
"6300","25H221361",2024-04-23,"04-2024",10000,2024,"2","5",2023,2025,313.016,10146.5420298004,9.22488823970385
"6301","25H221361",2024-09-06,"09-2024",141500,2024,"2","Z",2023,2025,314.851,142736.800899473,11.8687576601923
"6302","25H221370",2024-06-04,"06-2024",172000,2024,"2","X",2023,2025,313.131,174456.428779009,12.0694302976356
"6303","25H221408",2024-04-23,"04-2024",10000,2024,"2","5",2023,2025,313.016,10146.5420298004,9.22488823970385
"6304","25H230491",2024-08-01,"08-2024",257500,2024,"2","X",2023,2025,314.131,260346.07377177,12.4697670779003
"6305","25H230510",2024-07-18,"07-2024",202250,2024,"2","X",2023,2025,313.566,204853.864098786,12.2300521458617
"6306","25H231261",2024-07-23,"07-2024",226000,2024,"2","X",2023,2025,313.566,228909.633059707,12.3410825891954
"6307","25H231335",2024-06-17,"06-2024",1e+05,2024,"2","I",2023,2025,313.131,101428.156266866,11.5271060068102
"6308","25H231711",2024-08-08,"08-2024",155000,2024,"2","X",2023,2025,314.131,156713.170619901,11.9621724747158
"6309","25H231940",2024-08-14,"08-2024",330000,2024,"2","X",2023,2025,314.131,333647.395513337,12.717840012257
"6310","25H240025",2024-09-16,"09-2024",206000,2024,"2","X",2023,2025,314.851,207800.572334215,12.2443341118986
"6311","25H240070",2024-11-06,"11-2024",153500,2024,"2","I",2023,2025,316.449,154059.771084756,11.9450959300221
"6312","25H240254",2024-03-12,"03-2024",165000,2024,"2","X",2023,2025,312.107,167905.542009631,12.031156850321
"6313","25H241033",2024-09-11,"09-2024",230000,2024,"2","X",2023,2025,314.851,232010.347751794,12.3545372520322
"6314","25H241060",2024-05-21,"05-2024",159900,2024,"2","Z",2023,2025,313.14,162178.960528837,11.9964556991109
"6315","25H241134",2024-02-05,"02-2024",135000,2024,"2","X",2023,2025,311.022,137856.502112391,11.8339685833656
"6316","25H241712",2024-09-26,"09-2024",147500,2024,"2","X",2023,2025,314.851,148789.244753868,11.9102861188889
"6317","25H241758",2024-09-12,"09-2024",210000,2024,"2","X",2023,2025,314.851,211835.534903812,12.2635654738265
"6318","25H241905",2024-01-18,"01-2024",250000,2024,"2","X",2023,2025,309.794,256301.768271819,12.4541108115551
"6319","25H241996",2024-01-02,"01-2024",187000,2024,"2","X",2023,2025,309.794,191713.722667321,12.1637585105475
"6320","25H242032",2024-04-17,"04-2024",189900,2024,"2","X",2023,2025,313.016,192682.833145909,12.1688007645281
"6321","25H242061",2024-11-14,"11-2024",138460,2024,"2","5",2023,2025,316.449,138964.924458602,11.8419768382448
"6322","25H242115",2024-04-09,"04-2024",120000,2024,"2","X",2023,2025,313.016,121758.504357605,11.7097948894919
"6323","25H310492",2024-05-15,"05-2024",210000,2024,"2","X",2023,2025,313.14,212993.00632305,12.2690146099884
"6324","25H310553",2024-09-05,"09-2024",230000,2024,"2","X",2023,2025,314.851,232010.347751794,12.3545372520322
"6325","25H310700",2024-06-04,"06-2024",150000,2024,"2","I",2023,2025,313.131,152142.234400299,11.9325711149184
"6326","25H310764",2024-09-09,"09-2024",170000,2024,"2","I",2023,2025,314.851,171485.909207848,12.0522563801593
"6327","25H320132",2024-08-06,"08-2024",253000,2024,"2","X",2023,2025,314.131,255796.336560225,12.452136846524
"6328","25H320471",2024-04-16,"04-2024",248000,2024,"2","X",2023,2025,313.016,251634.24233905,12.4357318928748
"6329","25H320491",2024-03-15,"03-2024",250000,2024,"2","X",2023,2025,312.107,254402.336378229,12.4466722942826
"6330","25H330050",2024-08-22,"08-2024",180000,2024,"2","X",2023,2025,314.131,181989.48846182,12.1117042086867
"6331","25H410424",2024-02-21,"02-2024",141000,2024,"2","X",2023,2025,311.022,143983.45776183,11.8774536953054
"6332","25H410709",2024-03-07,"03-2024",10000,2024,"2","5",2023,2025,312.107,10176.0934551292,9.22779646941442
"6333","25H410709",2024-07-18,"07-2024",114500,2024,"2","X",2023,2025,313.566,115974.128253701,11.6611224129174
"6334","25H410846",2024-10-25,"10-2024",187000,2024,"2","X",2023,2025,315.564,188208.290552788,12.1453045569846
"6335","25H420645",2024-01-11,"01-2024",1e+05,2024,"2","X",2023,2025,309.794,102520.707308728,11.537820079681
"6336","25H430031",2024-05-21,"05-2024",3e+05,2024,"2","X",2023,2025,313.14,304275.723318643,12.6256895539272
"6337","25H511693",2024-09-09,"09-2024",2e+05,2024,"2","X",2023,2025,314.851,201748.128479821,12.2147753096571
"6338","25J110970",2024-01-10,"01-2024",305000,2024,"2","X",2023,2025,309.794,312688.15729162,12.6529616703003
"6339","25J111092",2024-02-29,"02-2024",260000,2024,"2","X",2023,2025,311.022,265501.411475716,12.4893754359427
"6340","25J120201",2024-10-02,"10-2024",180000,2024,"2","I",2023,2025,315.564,181163.060425144,12.1071527910202
"6341","25J120694",2024-07-31,"07-2024",230000,2024,"2","X",2023,2025,313.566,232961.130989967,12.3586268988463
"6342","25J121453",2024-11-19,"11-2024",252500,2024,"2","X",2023,2025,316.449,253420.796084045,12.4428066117103
"6343","25J130242",2024-10-01,"10-2024",284500,2024,"2","X",2023,2025,315.564,286338.281616407,12.5649291936964
"6344","25J130396",2024-07-15,"07-2024",163000,2024,"2","I",2023,2025,313.566,165098.540658107,12.0142977907299
"6345","25J130642",2024-04-30,"04-2024",205000,2024,"2","I",2023,2025,313.016,208004.111610908,12.2453131258482
"6346","25J130682",2024-07-16,"07-2024",349000,2024,"2","X",2023,2025,313.566,353493.194415211,12.7756195121256
"6347","25J130682",2024-07-16,"07-2024",349000,2024,"2","4",2023,2025,313.566,353493.194415211,12.7756195121256
"6348","25J130981",2024-09-25,"09-2024",90000,2024,"2","I",2023,2025,314.851,90786.6578159193,11.4162676134393
"6349","25J140221",2024-04-22,"04-2024",199900,2024,"2","X",2023,2025,313.016,202829.37517571,12.2201203882162
"6350","25J140296",2024-10-24,"10-2024",185000,2024,"2","X",2023,2025,315.564,186195.367659175,12.1345517652083
"6351","25J140432",2024-05-02,"05-2024",220000,2024,"2","X",2023,2025,313.14,223135.530433672,12.3155346256233
"6352","25J210502",2024-04-26,"04-2024",240000,2024,"2","X",2023,2025,313.016,243517.008715209,12.4029420700518
"6353","25J210805",2024-06-20,"06-2024",140000,2024,"2","X",2023,2025,313.131,141999.418773612,11.8635782434314
"6354","25J210872",2024-08-01,"08-2024",1e+05,2024,"2","I",2023,2025,314.131,101105.271367678,11.5239175437846
"6355","25J220301",2024-05-17,"05-2024",235000,2024,"2","X",2023,2025,313.14,238349.316599604,12.3814925934151
"6356","25J220842",2024-01-16,"01-2024",90000,2024,"2","I",2023,2025,309.794,92268.636577855,11.4324595640231
"6357","25J220842",2024-06-14,"06-2024",230000,2024,"2","X",2023,2025,313.131,233284.759413792,12.3600151297453
"6358","25J220871",2024-05-01,"05-2024",190000,2024,"2","X",2023,2025,313.14,192707.958101807,12.1689311514314
"6359","25J220961",2024-08-28,"08-2024",137000,2024,"2","I",2023,2025,314.131,138514.221773719,11.8387282836246
"6360","25J221531",2024-04-05,"04-2024",189900,2024,"2","X",2023,2025,313.016,192682.833145909,12.1688007645281
"6361","25J230199",2024-11-13,"11-2024",135000,2024,"2","I",2023,2025,316.449,135492.306817212,11.8166701414333
"6362","25J231002",2024-03-06,"03-2024",170000,2024,"2","I",2023,2025,312.107,172993.588737196,12.0610098134706
"6363","25J240312",2024-06-05,"06-2024",195000,2024,"2","X",2023,2025,313.131,197784.904720389,12.1949353793859
"6364","25J240352",2024-06-03,"06-2024",50000,2024,"2","I",2023,2025,313.131,50714.078133433,10.8339588262503
"6365","25J240374",2024-01-25,"01-2024",130000,2024,"2","I",2023,2025,309.794,133276.919501346,11.8001843441485
"6366","25J241188",2024-08-28,"08-2024",340000,2024,"2","X",2023,2025,314.131,343757.922650105,12.7476929754067
"6367","25J310477",2024-05-23,"05-2024",189000,2024,"2","X",2023,2025,313.14,191693.705690745,12.1636540943306
"6368","25J310642",2024-01-02,"01-2024",221100,2024,"2","X",2023,2025,309.794,226673.283859597,12.3312649815563
"6369","25J320942",2024-06-07,"06-2024",85000,2024,"2","I",2023,2025,313.131,86213.9328268361,11.3645870773125
"6370","25J321235",2024-02-15,"02-2024",180000,2024,"2","X",2023,2025,311.022,183808.669483188,12.1216506558174
"6371","25J321510",2024-10-28,"10-2024",238000,2024,"2","X",2023,2025,315.564,239537.824339912,12.3864666138015
"6372","25J321697",2024-07-15,"07-2024",225000,2024,"2","X",2023,2025,313.566,227896.758577142,12.3366479921275
"6373","25J321703",2024-10-11,"10-2024",205000,2024,"2","I",2023,2025,315.564,206324.596595302,12.2372059192684
"6374","25J322225",2024-05-21,"05-2024",190000,2024,"2","4",2023,2025,313.14,192707.958101807,12.1689311514314
"6375","25J330091",2024-10-23,"10-2024",2e+05,2024,"2","P",2023,2025,315.564,201292.289361271,12.212513306678
"6376","25J331180",2024-04-10,"04-2024",230000,2024,"2","X",2023,2025,313.016,233370.466685409,12.360382455633
"6377","25J331722",2024-05-23,"05-2024",167000,2024,"2","I",2023,2025,313.14,169380.152647378,12.0399008916877
"6378","25J331722",2024-08-30,"08-2024",265000,2024,"2","X",2023,2025,314.131,267928.969124346,12.4984771837827
"6379","25J340045",2024-02-06,"02-2024",310000,2024,"2","X",2023,2025,311.022,316559.375221045,12.6652661024064
"6380","25J340199",2024-04-24,"04-2024",445000,2024,"2","X",2023,2025,313.016,451521.120326118,13.0203774288761
"6381","25J340375",2024-04-29,"04-2024",105000,2024,"2","X",2023,2025,313.016,106538.691312904,11.5762634968673
"6382","25J340807",2024-09-26,"09-2024",176000,2024,"2","X",2023,2025,314.851,177538.353062242,12.0869419381472
"6383","25J340962",2024-07-08,"07-2024",88312,2024,"2","4",2023,2025,313.566,89448.9713042868,11.4014235886392
"6384","25J341244",2024-10-29,"10-2024",156000,2024,"2","X",2023,2025,315.564,157007.985701791,11.9640519473795
"6385","25J341365",2024-08-06,"08-2024",190000,2024,"2","X",2023,2025,314.131,192100.015598588,12.165771429957
"6386","25J420664",2024-05-23,"05-2024",251000,2024,"2","X",2023,2025,313.14,254577.355176598,12.4473600184027
"6387","25J440046",2024-06-25,"06-2024",225000,2024,"2","X",2023,2025,313.131,228213.351600448,12.3380362230266
"6388","25J440332",2024-04-30,"04-2024",271000,2024,"2","X",2023,2025,313.016,274971.289007591,12.5244219675895
"6389","25J440365",2024-10-02,"10-2024",359000,2024,"2","X",2023,2025,315.564,361319.659403481,12.7975183286183
"6390","25J440431",2024-06-05,"06-2024",332000,2024,"2","X",2023,2025,313.131,336741.478805995,12.7270707897386
"6391","25J440705",2024-03-14,"03-2024",249900,2024,"2","X",2023,2025,312.107,254300.575443678,12.4462722142613
"6392","25J510095",2024-08-28,"08-2024",275000,2024,"2","X",2023,2025,314.131,278039.496261114,12.5355184554631
"6393","25J510381",2024-05-29,"05-2024",268000,2024,"2","X",2023,2025,313.14,271819.646164655,12.5128940597818
"6394","25J510435",2024-07-01,"07-2024",260000,2024,"2","X",2023,2025,313.566,263347.365466919,12.4812292209387
"6395","25J510512",2024-03-11,"03-2024",250000,2024,"2","X",2023,2025,312.107,254402.336378229,12.4466722942826
"6396","25J520171",2024-03-13,"03-2024",256000,2024,"2","X",2023,2025,312.107,260507.992451307,12.4703888208999
"6397","25J520764",2024-04-24,"04-2024",405000,2024,"2","X",2023,2025,313.016,410934.952206916,12.9261902138163
"6398","25J520797",2024-03-05,"03-2024",2e+05,2024,"2","X",2023,2025,312.107,203521.869102583,12.2235287429684
"6399","25J530356",2024-06-06,"06-2024",150000,2024,"2","I",2023,2025,313.131,152142.234400299,11.9325711149184
"6400","25J530785",2024-11-04,"11-2024",295000,2024,"2","X",2023,2025,316.449,296075.781563538,12.5983707193347
"6401","25J530873",2024-09-13,"09-2024",303000,2024,"2","X",2023,2025,314.851,305648.414646928,12.6301907486184
"6402","25J540036",2024-04-29,"04-2024",290000,2024,"2","X",2023,2025,313.016,294249.718864211,12.5921840696903
"6403","25J540201",2024-10-29,"10-2024",222400,2024,"2","X",2023,2025,315.564,223837.025769733,12.3186735025064
"6404","25J540476",2024-10-16,"10-2024",256000,2024,"2","X",2023,2025,315.564,257654.130382426,12.4593733846095
"6405","25J541015",2024-09-20,"09-2024",2e+05,2024,"2","X",2023,2025,314.851,201748.128479821,12.2147753096571
"6406","25J541082",2024-07-23,"07-2024",266000,2024,"2","X",2023,2025,313.566,269424.61236231,12.5040438987048
"6407","25J541169",2024-04-02,"04-2024",220000,2024,"2","X",2023,2025,313.016,223223.924655609,12.3159306930622
"6408","25J610436",2024-05-06,"05-2024",142000,2024,"2","X",2023,2025,313.14,144023.842370825,11.8777341368722
"6409","25J610492",2024-09-30,"09-2024",183852,2024,"2","X",2023,2025,314.851,185458.98458636,12.1305890292306
"6410","25J610612",2024-08-12,"08-2024",246000,2024,"2","X",2023,2025,314.131,248718.967564487,12.4240788937289
"6411","25J610667",2024-07-08,"07-2024",256000,2024,"2","X",2023,2025,313.566,259295.867536659,12.4657250344027
"6412","25J610931",2024-04-02,"04-2024",165000,2024,"2","X",2023,2025,313.016,167417.943491707,12.0282486206104
"6413","25J610986",2024-06-27,"06-2024",161000,2024,"2","X",2023,2025,313.131,163299.331589654,12.0033401858066
"6414","25J620701",2024-08-30,"08-2024",30000,2024,"2","I",2023,2025,314.131,30331.5814103033,10.3199447394587
"6415","25J621744",2024-02-26,"02-2024",90000,2024,"2","I",2023,2025,311.022,91904.3347415938,11.4285034752575
"6416","25J621810",2024-01-10,"01-2024",242500,2024,"2","X",2023,2025,309.794,248612.715223665,12.4236516040704
"6417","25J621920",2024-04-11,"04-2024",75000,2024,"2","I",2023,2025,313.016,76099.065223503,11.2397912602461
"6418","25J622196",2024-03-27,"03-2024",51000,2024,"2","I",2023,2025,312.107,51898.0766211588,10.8570370091447
"6419","25J622295",2024-02-29,"02-2024",150000,2024,"2","X",2023,2025,311.022,153173.89123599,11.9393290990234
"6420","25J622316",2024-06-07,"06-2024",75000,2024,"2","I",2023,2025,313.131,76071.1172001495,11.2394239343585
"6421","25J622514",2024-08-14,"08-2024",130000,2024,"2","I",2023,2025,314.131,131436.852777981,11.7862818082521
"6422","25J630489",2024-06-26,"06-2024",182500,2024,"2","X",2023,2025,313.131,185106.38518703,12.1286859938447
"6423","25J630904",2024-07-24,"07-2024",215000,2024,"2","X",2023,2025,313.566,217768.013751491,12.2911856180508
"6424","25J631127",2024-05-16,"05-2024",177500,2024,"2","X",2023,2025,313.14,180029.802963531,12.1008776881864
"6425","25J631172",2024-10-24,"10-2024",195000,2024,"2","X",2023,2025,315.564,196259.982127239,12.1871954986937
"6426","25J631446",2024-02-29,"02-2024",195000,2024,"2","X",2023,2025,311.022,199126.058606787,12.2016933634909
"6427","25K110287",2024-10-07,"10-2024",565000,2024,"2","X",2023,2025,315.564,568650.717445589,13.2510216712764
"6428","25K110386",2024-06-07,"06-2024",465000,2024,"2","X",2023,2025,313.131,471640.926640927,13.0639732264095
"6429","25K120624",2024-06-25,"06-2024",338000,2024,"2","X",2023,2025,313.131,342827.168182007,12.7449817163052
"6430","25K120734",2024-07-22,"07-2024",390000,2024,"2","X",2023,2025,313.566,395021.048200379,12.8866943290468
"6431","25K130937",2024-06-25,"06-2024",206000,2024,"2","X",2023,2025,313.131,208942.001909744,12.2498119896117
"6432","25K130946",2024-10-29,"10-2024",199000,2024,"2","X",2023,2025,315.564,200285.827914464,12.2075007648545
"6433","25K131000",2024-09-04,"09-2024",2e+05,2024,"2","X",2023,2025,314.851,201748.128479821,12.2147753096571
"6434","25K131033",2024-09-27,"09-2024",189900,2024,"2","X",2023,2025,314.851,191559.84799159,12.1629555609273
"6435","25K131110",2024-07-17,"07-2024",150401,2024,"2","X",2023,2025,313.566,152337.33505227,11.9338526503529
"6436","25K131132",2024-05-08,"05-2024",139900,2024,"2","X",2023,2025,313.14,141893.912307594,11.8628349609424
"6437","25K131682",2024-09-05,"09-2024",123500,2024,"2","X",2023,2025,314.851,124579.469336289,11.732699099177
"6438","25K220056",2024-06-05,"06-2024",270000,2024,"2","I",2023,2025,313.131,273856.021920538,12.5203577798205
"6439","25K220122",2024-10-16,"10-2024",350000,2024,"2","I",2023,2025,315.564,352261.506382224,12.7721290946134
"6440","25K220221",2024-10-04,"10-2024",440000,2024,"2","I",2023,2025,315.564,442843.036594795,13.0009706670423
"6441","25K220430",2024-05-16,"05-2024",575000,2024,"2","I",2023,2025,313.14,583195.136360733,13.2762771200683
"6442","25K230099",2024-02-23,"02-2024",462000,2024,"2","I",2023,2025,311.022,471775.585006848,13.0642586960089
"6443","25K240362",2024-07-31,"07-2024",377000,2024,"2","X",2023,2025,313.566,381853.679927033,12.8527927773711
"6444","25K310511",2024-01-24,"01-2024",305000,2024,"2","X",2023,2025,309.794,312688.15729162,12.6529616703003
"6445","25K310553",2024-09-27,"09-2024",250000,2024,"2","X",2023,2025,314.851,252185.160599776,12.4379188609713
"6446","25K310814",2024-04-15,"04-2024",389650,2024,"2","X",2023,2025,313.016,395360.010191172,12.8875520469994
"6447","25K340352",2024-08-13,"08-2024",279900,2024,"2","X",2023,2025,314.131,282993.65455813,12.5531797543179
"6448","25K340462",2024-08-13,"08-2024",277000,2024,"2","X",2023,2025,314.131,280061.601688468,12.5427648639838
"6449","25K340495",2024-12-09,"12-2024",250000,2024,"2","X",2023,2025,317.603,250000,12.4292161968444
"6450","25K340550",2024-06-18,"06-2024",265000,2024,"2","X",2023,2025,313.131,268784.614107195,12.5016656468084
"6451","25K340642",2024-03-07,"03-2024",271000,2024,"2","X",2023,2025,312.107,275772.132634001,12.5273301973001
"6452","25K411753",2024-01-10,"01-2024",249900,2024,"2","I",2023,2025,309.794,256199.247564511,12.4537107315338
"6453","25K411753",2024-08-20,"08-2024",359000,2024,"2","X",2023,2025,314.131,362967.924209963,12.8020697462848
"6454","25K420124",2024-05-08,"05-2024",280000,2024,"2","X",2023,2025,313.14,283990.6750974,12.5566966824402
"6455","25K420553",2024-05-15,"05-2024",250000,2024,"2","I",2023,2025,313.14,253563.102765536,12.4433679971332
"6456","25K430013",2024-07-24,"07-2024",420000,2024,"2","X",2023,2025,313.566,425407.282677331,12.9608023012005
"6457","25K430893",2024-08-26,"08-2024",380000,2024,"2","X",2023,2025,314.131,384200.031197176,12.8589186105169
"6458","25K430916",2024-02-01,"02-2024",395000,2024,"2","X",2023,2025,311.022,403357.913588106,12.9075795698283
"6459","25K440078",2024-04-24,"04-2024",130000,2024,"2","I",2023,2025,313.016,131905.046387405,11.7898375971654
"6460","25K440540",2024-10-10,"10-2024",250000,2024,"2","X",2023,2025,315.564,251615.361701588,12.4356568579922
"6461","25K510247",2024-04-04,"04-2024",290000,2024,"2","X",2023,2025,313.016,294249.718864211,12.5921840696903
"6462","25K520334",2024-05-03,"05-2024",230000,2024,"2","4",2023,2025,313.14,233278.054544293,12.3599863881942
"6463","25K520602",2024-08-06,"08-2024",225000,2024,"2","X",2023,2025,314.131,227486.860577275,12.3348477600009
"6464","25K520851",2024-05-31,"05-2024",250000,2024,"2","X",2023,2025,313.14,253563.102765536,12.4433679971332
"6465","25K530025",2024-08-26,"08-2024",252100,2024,"2","I",2023,2025,314.131,254886.389117916,12.4485731919904
"6466","25K530135",2024-05-22,"05-2024",95000,2024,"2","I",2023,2025,313.14,96353.9790509037,11.4757839708715
"6467","25K540288",2024-06-28,"06-2024",312000,2024,"2","X",2023,2025,313.131,316455.847552622,12.6649390086316
"6468","25K540673",2024-03-19,"03-2024",205000,2024,"2","X",2023,2025,312.107,208609.915830148,12.2482213555588
"6469","25K541036",2024-06-21,"06-2024",319900,2024,"2","X",2023,2025,313.131,324468.671897704,12.6899442677776
"6470","25K610138",2024-09-09,"09-2024",330000,2024,"2","X",2023,2025,314.851,332884.411991704,12.7155505975695
"6471","25K610480",2024-04-23,"04-2024",225000,2024,"2","X",2023,2025,313.016,228297.195670509,12.3384035489142
"6472","25K610743",2024-03-05,"03-2024",260000,2024,"2","4",2023,2025,312.107,264578.429833358,12.4858930074359
"6473","25K610765",2024-06-07,"06-2024",55000,2024,"2","I",2023,2025,313.131,55785.4859467763,10.9292690060546
"6474","25K610776",2024-05-14,"05-2024",280000,2024,"2","X",2023,2025,313.14,283990.6750974,12.5566966824402
"6475","25K620159",2024-09-03,"09-2024",275000,2024,"2","X",2023,2025,314.851,277403.676659753,12.5332290407756
"6476","25K620632",2024-10-15,"10-2024",305000,2024,"2","X",2023,2025,315.564,306970.741275938,12.6345077167374
"6477","25K620973",2024-09-20,"09-2024",285000,2024,"2","X",2023,2025,314.851,287491.083083744,12.5689471233777
"6478","25K620984",2024-06-27,"06-2024",312000,2024,"2","X",2023,2025,313.131,316455.847552622,12.6649390086316
"6479","25K621073",2024-07-30,"07-2024",268304,2024,"2","X",2023,2025,313.566,271758.27517014,12.5126682559279
"6480","25K630224",2024-08-07,"08-2024",150000,2024,"2","I",2023,2025,314.131,151657.907051517,11.9293826518928
"6481","25K630804",2024-02-26,"02-2024",248000,2024,"2","X",2023,2025,311.022,253247.500176836,12.4421225510922
"6482","25K631027",2024-07-22,"07-2024",240000,2024,"2","X",2023,2025,313.566,243089.875815618,12.4011865132651
"6483","25K640025",2024-06-10,"06-2024",225000,2024,"2","X",2023,2025,313.131,228213.351600448,12.3380362230266
"6484","25K640487",2024-07-29,"07-2024",275000,2024,"2","X",2023,2025,313.566,278540.482705395,12.5373186875897
"6485","25K640652",2024-03-20,"03-2024",265000,2024,"2","X",2023,2025,312.107,269666.476560923,12.5049412024066
"6486","25K640906",2024-01-03,"01-2024",325000,2024,"2","X",2023,2025,309.794,333192.298753365,12.7164750760226
"6487","25L110431",2024-06-25,"06-2024",273000,2024,"2","I",2023,2025,313.131,276898.866608544,12.5314076160071
"6488","25L110844",2024-10-14,"10-2024",305000,2024,"2","X",2023,2025,315.564,306970.741275938,12.6345077167374
"6489","25L120065",2024-03-11,"03-2024",590000,2024,"2","I",2023,2025,312.107,600389.513852621,13.3053339133201
"6490","25L120175",2024-09-27,"09-2024",370000,2024,"2","X",2023,2025,314.851,373234.037687668,12.8299609487473
"6491","25L120515",2024-01-04,"01-2024",308000,2024,"2","X",2023,2025,309.794,315763.778510881,12.6627496766665
"6492","25L140672",2024-04-05,"04-2024",551045,2024,"2","X",2023,2025,313.016,559120.125281136,13.2341196222194
"6493","25L140681",2024-03-29,"03-2024",600486,2024,"2","X",2023,2025,312.107,611060.165449669,13.3229507037636
"6494","25L140719",2024-04-16,"04-2024",350615,2024,"2","X",2023,2025,313.016,355752.983377846,12.7819919020809
"6495","25L210834",2024-07-01,"07-2024",230000,2024,"2","X",2023,2025,313.566,232961.130989967,12.3586268988463
"6496","25L210908",2024-10-28,"10-2024",267000,2024,"2","X",2023,2025,315.564,268725.206297296,12.5014445985302
"6497","25L220385",2024-07-10,"07-2024",235000,2024,"2","X",2023,2025,313.566,238025.503402792,12.3801331040673
"6498","25L220514",2024-05-22,"05-2024",310000,2024,"2","X",2023,2025,313.14,314418.247429265,12.6584793767501
"6499","25L240103",2024-02-27,"02-2024",280000,2024,"2","X",2023,2025,311.022,285924.596973848,12.5634834080964
"6500","25L340197",2024-04-09,"04-2024",218000,2024,"2","I",2023,2025,313.016,221194.616249649,12.3067982094989
"6501","25L340872",2024-11-06,"11-2024",140000,2024,"2","X",2023,2025,316.449,140510.540403035,11.8530377856042
"6502","25L340881",2024-09-17,"09-2024",135000,2024,"2","X",2023,2025,314.851,136179.986723879,11.8217327215474
"6503","25L340890",2024-02-23,"02-2024",127500,2024,"2","X",2023,2025,311.022,130197.807550591,11.7768101695257
"6504","25L341055",2024-08-09,"08-2024",126000,2024,"2","I",2023,2025,314.131,127392.641923274,11.755029264748
"6505","25L341055",2024-11-14,"11-2024",207000,2024,"2","X",2023,2025,316.449,207754.870453059,12.2441141562603
"6506","25L341187",2024-02-15,"02-2024",197500,2024,"2","X",2023,2025,311.022,201678.956794053,12.2144323892684
"6507","25L420046",2024-10-08,"10-2024",232000,2024,"2","X",2023,2025,315.564,233499.055659074,12.3609333117963
"6508","25L420134",2024-05-30,"05-2024",270000,2024,"2","X",2023,2025,313.14,273848.150986779,12.5203290382693
"6509","25L420541",2024-03-01,"03-2024",601045,2024,"2","X",2023,2025,312.107,611629.009073811,13.3238811833606
"6510","25L420585",2024-01-08,"01-2024",519372,2024,"2","X",2023,2025,309.794,532463.847963486,13.1852702831126
"6511","25L420631",2024-04-11,"04-2024",709900,2024,"2","X",2023,2025,313.016,720303.01869553,13.4874272617552
"6512","25L420640",2024-04-01,"04-2024",701916,2024,"2","X",2023,2025,313.016,712202.019538937,13.4761168854564
"6513","25L420705",2024-01-26,"01-2024",548192,2024,"2","X",2023,2025,309.794,562010.315809861,13.2392754842409
"6514","25L420772",2024-04-22,"04-2024",349900,2024,"2","X",2023,2025,313.016,355027.505622716,12.7799505460835
"6515","25L420806",2024-01-03,"01-2024",504464,2024,"2","X",2023,2025,309.794,517180.0609179,13.1561463731605
"6516","25L420824",2024-01-16,"01-2024",479285,2024,"2","X",2023,2025,309.794,491366.372024636,13.1049453037293
"6517","25L420842",2024-01-29,"01-2024",454890,2024,"2","X",2023,2025,309.794,466356.445476672,13.0527055251738
"6518","25L420860",2024-02-12,"02-2024",408384,2024,"2","X",2023,2025,311.022,417025.109323456,12.9409017131731
"6519","25L420871",2024-02-02,"02-2024",362689,2024,"2","X",2023,2025,311.022,370363.236256599,12.8222395226613
"6520","25L420882",2024-03-01,"03-2024",436124,2024,"2","X",2023,2025,312.107,443803.858202475,13.0031379830041
"6521","25L420893",2024-03-06,"03-2024",416194,2024,"2","X",2023,2025,312.107,423522.903946403,12.9563628741299
"6522","25L420907",2024-04-02,"04-2024",434325,2024,"2","X",2023,2025,313.016,440689.686709306,12.9960962484898
"6523","25L420943",2024-03-19,"03-2024",482288,2024,"2","X",2023,2025,312.107,490780.776028734,13.1037528224062
"6524","25L420992",2024-01-24,"01-2024",455116,2024,"2","X",2023,2025,309.794,466588.142275189,13.0532022252058
"6525","25L421003",2024-01-19,"01-2024",400480,2024,"2","X",2023,2025,309.794,410574.928629993,12.9253137213763
"6526","25L421025",2024-02-26,"02-2024",399900,2024,"2","X",2023,2025,311.022,408361.594035149,12.91990832078
"6527","25L430441",2024-04-19,"04-2024",2e+05,2024,"2","I",2023,2025,313.016,202930.840596008,12.2206205132578
"6528","25L430441",2024-11-20,"11-2024",315000,2024,"2","X",2023,2025,316.449,316148.715906829,12.6639680018205
"6529","25L440231",2024-05-23,"05-2024",245000,2024,"2","X",2023,2025,313.14,248491.840710225,12.4231652898157
"6530","25L440451",2024-05-21,"05-2024",256500,2024,"2","X",2023,2025,313.14,260155.74343744,12.4690357438818
"6531","25L440660",2024-03-25,"03-2024",204000,2024,"2","I",2023,2025,312.107,207592.306484635,12.2433313702646
"6532","25L440660",2024-09-25,"09-2024",260000,2024,"2","X",2023,2025,314.851,262272.567023767,12.4771395741245
"6533","25L440972",2024-03-22,"03-2024",305000,2024,"2","X",2023,2025,312.107,310370.85038144,12.6455231530278
"6534","25L510620",2024-01-23,"01-2024",499355,2024,"2","X",2023,2025,309.794,511942.277981497,13.1459671593488
"6535","25L520025",2024-04-16,"04-2024",239000,2024,"2","X",2023,2025,313.016,242502.354512229,12.3987666986413
"6536","25L520168",2024-10-04,"10-2024",3e+05,2024,"2","X",2023,2025,315.564,301938.434041906,12.6179784147862
"6537","25L530376",2024-01-03,"01-2024",295000,2024,"2","X",2023,2025,309.794,302436.086560747,12.6196252500327
"6538","25L530398",2024-05-07,"05-2024",415000,2024,"2","X",2023,2025,313.14,420914.75059079,12.9501855995017
"6539","25L530622",2024-11-01,"11-2024",290000,2024,"2","X",2023,2025,316.449,291057.547977715,12.5812762859754
"6540","25L531047",2024-05-02,"05-2024",150000,2024,"2","I",2023,2025,313.14,152137.861659322,11.9325423733672
"6541","25L531135",2024-03-12,"03-2024",255000,2024,"2","X",2023,2025,312.107,259490.383105794,12.4664749215788
"6542","25L531168",2024-09-06,"09-2024",195000,2024,"2","I",2023,2025,314.851,196704.425267825,12.1894575016728
"6543","25L540067",2024-09-10,"09-2024",240000,2024,"2","X",2023,2025,314.851,242097.754175785,12.397096866451
"6544","25L540210",2024-07-23,"07-2024",321127,2024,"2","X",2023,2025,313.566,325261.343962675,12.6923842734381
"6545","25L540504",2024-08-01,"08-2024",345000,2024,"2","X",2023,2025,314.131,348813.186218488,12.7622917748279
"6546","25L540733",2024-05-14,"05-2024",225000,2024,"2","X",2023,2025,313.14,228206.792488983,12.3380074814754
"6547","25L540742",2024-04-25,"04-2024",195500,2024,"2","I",2023,2025,313.016,198364.896682598,12.1978635261352
"6548","25L540742",2024-06-14,"06-2024",237500,2024,"2","X",2023,2025,313.131,240891.871133807,12.3921034442968
"6549","25L630401",2024-05-03,"05-2024",443250,2024,"2","X",2023,2025,313.14,449567.381203296,13.0160410242253
"6550","25L630531",2024-03-29,"03-2024",355000,2024,"2","X",2023,2025,312.107,361251.317657085,12.7973291658958
"6551","25L630773",2024-08-08,"08-2024",875000,2024,"2","X",2023,2025,314.131,884671.124467181,13.6929712441541
"6552","25M110221",2024-04-08,"04-2024",1375000,2024,"2","4",2023,2025,313.016,1395149.52909755,14.1485121568105
"6553","25M110252",2024-04-08,"04-2024",2584313,2024,"2","4",2023,2025,313.016,2622184.04726595,14.7795181343076
"6554","25M110274",2024-04-08,"04-2024",1661175,2024,"2","4",2023,2025,313.016,1685518.19563537,14.3375836089913
"6555","25M120053",2024-07-30,"07-2024",390000,2024,"2","X",2023,2025,313.566,395021.048200379,12.8866943290468
"6556","25M120709",2024-04-08,"04-2024",1687500,2024,"2","4",2023,2025,313.016,1712228.96752882,14.3533065694565
"6557","25M120763",2024-04-08,"04-2024",22166587,2024,"2","4",2023,2025,313.016,22491420.6652727,16.9286444906942
"6558","25M120772",2024-04-08,"04-2024",1543750,2024,"2","4",2023,2025,313.016,1566372.42585044,14.2642729470861
"6559","25M130393",2024-02-15,"02-2024",414000,2024,"2","X",2023,2025,311.022,422759.939811332,12.9545597787525
"6560","25M140316",2024-11-06,"11-2024",210000,2024,"2","X",2023,2025,316.449,210765.810604552,12.2585028937124
"6561","25M140774",2024-10-29,"10-2024",139000,2024,"2","I",2023,2025,315.564,139898.141106083,11.8486698732607
"6562","25M140949",2024-06-04,"06-2024",122500,2024,"2","I",2023,2025,313.131,124249.491426911,11.7300468508069
"6563","25M210484",2024-04-10,"04-2024",371000,2024,"2","X",2023,2025,313.016,376436.709305595,12.8385052093172
"6564","25M210606",2024-10-09,"10-2024",325000,2024,"2","X",2023,2025,315.564,327099.970212065,12.6980211224597
"6565","25M220322",2024-06-04,"06-2024",353000,2024,"2","X",2023,2025,313.131,358041.391622037,12.7884038777554
"6566","25M230415",2024-04-03,"04-2024",225000,2024,"2","X",2023,2025,313.016,228297.195670509,12.3384035489142
"6567","25M230635",2024-11-06,"11-2024",135000,2024,"2","X",2023,2025,316.449,135492.306817212,11.8166701414333
"6568","25M230718",2024-07-09,"07-2024",208000,2024,"2","X",2023,2025,313.566,210677.892373535,12.2580856696244
"6569","25M230956",2024-07-18,"07-2024",217000,2024,"2","X",2023,2025,313.566,219793.762716621,12.3004449434636
"6570","25M230992",2024-03-04,"03-2024",188000,2024,"2","4",2023,2025,312.107,191310.556956428,12.1616533392503
"6571","25M231153",2024-07-09,"07-2024",233000,2024,"2","X",2023,2025,313.566,235999.754437662,12.3715860434888
"6572","25M231643",2024-01-04,"01-2024",217000,2024,"2","X",2023,2025,309.794,222469.934859939,12.3125472472333
"6573","25M231928",2024-08-13,"08-2024",175000,2024,"2","X",2023,2025,314.131,176934.224893436,12.08353333172
"6574","25M231955",2024-01-29,"01-2024",235000,2024,"2","X",2023,2025,309.794,240923.66217551,12.392235407837
"6575","25M232176",2024-06-04,"06-2024",225000,2024,"2","X",2023,2025,313.131,228213.351600448,12.3380362230266
"6576","25M240012",2024-09-27,"09-2024",620000,2024,"2","P",2023,2025,314.851,625419.198287444,13.3461774211482
"6577","25M310706",2024-06-03,"06-2024",4e+05,2024,"2","X",2023,2025,313.131,405712.625067464,12.9134003679301
"6578","25M320077",2024-06-03,"06-2024",375000,2024,"2","X",2023,2025,313.131,380355.586000747,12.8488618467926
"6579","25M430264",2024-05-29,"05-2024",424900,2024,"2","X",2023,2025,313.14,430955.849460305,12.9737609263917
"6580","25M513358",2024-07-03,"07-2024",312000,2024,"2","X",2023,2025,313.566,316016.838560303,12.6635507777326
"6581","25M534038",2024-03-12,"03-2024",388000,2024,"2","X",2023,2025,312.107,394832.426059012,12.8862167160436
"6582","25M542112",2024-09-03,"09-2024",205000,2024,"2","X",2023,2025,314.851,206791.831691816,12.2394679222474
"6583","25M610279",2024-04-12,"04-2024",291000,2024,"2","X",2023,2025,313.016,295264.373067191,12.5956264138813
"6584","25M610554",2024-05-06,"05-2024",260000,2024,"2","X",2023,2025,313.14,263705.626876158,12.4825887102865
"6585","25M610587",2024-09-20,"09-2024",325000,2024,"2","X",2023,2025,314.851,327840.708779708,12.7002831254388
"6586","25M610961",2024-02-22,"02-2024",325000,2024,"2","X",2023,2025,311.022,331876.764344644,12.7125189872569
"6587","25M620256",2024-05-29,"05-2024",410000,2024,"2","X",2023,2025,313.14,415843.488535479,12.9380642389693
"6588","25M620476",2024-08-15,"08-2024",362000,2024,"2","X",2023,2025,314.131,366001.082350994,12.8103915696223
"6589","25M620487",2024-08-06,"08-2024",310000,2024,"2","X",2023,2025,314.131,313426.341239801,12.6553196552757
"6590","25M620832",2024-10-25,"10-2024",140000,2024,"2","I",2023,2025,315.564,140904.602552889,11.8558383627393
"6591","25M631102",2024-05-15,"05-2024",297500,2024,"2","X",2023,2025,313.14,301740.092290988,12.6173213042566
"6592","25M631168",2024-11-12,"11-2024",117500,2024,"2","I",2023,2025,316.449,117928.489266833,11.6778336965791
"6593","25M631454",2024-07-23,"07-2024",315000,2024,"2","X",2023,2025,313.566,319055.462007998,12.6731202287488
"6594","25N140335",2024-07-05,"07-2024",735000,2024,"2","X",2023,2025,313.566,744462.744685329,13.520418089136
"6595","25N240251",2024-10-30,"10-2024",515000,2024,"2","I",2023,2025,315.564,518327.645105272,13.1583628407937
"6596","25N310198",2024-08-20,"08-2024",399900,2024,"1","X",2023,2025,314.131,404319.980199344,12.9099618736493
"6597","25N330433",2024-04-23,"04-2024",512000,2024,"2","X",2023,2025,313.016,519502.95192578,13.1606277717493
"6598","25N340063",2024-06-24,"06-2024",499900,2024,"2","X",2023,2025,313.131,507039.353178063,13.1363438992417
"6599","25N340122",2024-05-20,"05-2024",410000,2024,"2","X",2023,2025,313.14,415843.488535479,12.9380642389693
"6600","25N340333",2024-09-09,"09-2024",437000,2024,"2","X",2023,2025,314.851,440819.660728408,12.9963911382046
"6601","25N340360",2024-06-10,"06-2024",555000,2024,"2","X",2023,2025,313.131,562926.267281106,13.2409039345686
"6602","25N520177",2024-09-10,"09-2024",770000,2024,"2","X",2023,2025,314.851,776730.294647309,13.5628484579567
"6603","25N530462",2024-09-25,"09-2024",1e+06,2024,"2","X",2023,2025,314.851,1008740.6423991,13.8242132220912
"6604","25N540571",2024-09-10,"09-2024",695000,2024,"2","X",2023,2025,314.851,701074.746467377,13.4603697886738
"6605","25N620057",2024-06-10,"06-2024",518000,2024,"2","X",2023,2025,313.131,525397.849462366,13.1719110630816
"6606","25N620310",2024-07-11,"07-2024",610000,2024,"2","X",2023,2025,313.566,617853.434364695,13.3340065470905
"6607","25N620684",2024-05-15,"05-2024",6e+05,2024,"1","X",2023,2025,313.14,608551.446637287,13.3188367344871
"6608","25N630298",2024-05-15,"05-2024",870000,2024,"2","X",2023,2025,313.14,882399.597624066,13.6904002909196
"6609","25N640594",2024-07-18,"07-2024",401000,2024,"2","X",2023,2025,313.566,406162.667508595,12.9145090172297
"6610","25N640835",2024-10-28,"10-2024",247000,2024,"2","X",2023,2025,315.564,248595.977361169,12.423584276758
"6611","25N640981",2024-05-03,"05-2024",260000,2024,"2","X",2023,2025,313.14,263705.626876158,12.4825887102865
"6612","25N641034",2024-11-01,"11-2024",852000,2024,"2","X",2023,2025,316.449,855107.003024184,13.6589818898242
"6613","25O530076",2024-06-25,"06-2024",261500,2024,"2","X",2023,2025,313.131,265234.628637854,12.4883701043271
"6614","25O530405",2024-10-21,"10-2024",975000,2024,"2","X",2023,2025,315.564,981299.910636194,13.7966334111278
"6615","25O540592",2024-10-24,"10-2024",644900,2024,"2","X",2023,2025,315.564,649066.987045417,13.3832912061463
"6616","25O630422",2024-02-20,"02-2024",675000,2024,"2","X",2023,2025,311.022,689282.510561954,13.4434064957997
"6617","25P110051",2024-09-09,"09-2024",378000,2024,"2","X",2023,2025,314.851,381303.962826861,12.8513521387286
"6618","25P110619",2024-03-21,"03-2024",213000,2024,"2","X",2023,2025,312.107,216750.790594251,12.2865035421298
"6619","25P110967",2024-10-01,"10-2024",295000,2024,"2","X",2023,2025,315.564,296906.126807874,12.6011712964698
"6620","25P120083",2024-11-07,"11-2024",312500,2024,"2","X",2023,2025,316.449,313639.599113917,12.6559998321714
"6621","25P120656",2024-06-26,"06-2024",145000,2024,"2","I",2023,2025,313.131,147070.826586956,11.8986695632427
"6622","25P130363",2024-04-10,"04-2024",188500,2024,"2","X",2023,2025,313.016,191262.317261737,12.1614011535979
"6623","25P130510",2024-06-26,"06-2024",201500,2024,"2","I",2023,2025,313.131,204377.734877735,12.2277252022089
"6624","25P210250",2024-05-09,"05-2024",110000,2024,"2","I",2023,2025,313.14,111567.765216836,11.6223874450634
"6625","25P210461",2024-10-01,"10-2024",261000,2024,"2","X",2023,2025,315.564,262686.437616458,12.4787163474527
"6626","25P210553",2024-04-11,"04-2024",82000,2024,"2","I",2023,2025,313.016,83201.6446443632,11.3290223939741
"6627","25P210553",2024-07-10,"07-2024",125000,2024,"2","X",2023,2025,313.566,126609.310320634,11.7488613272254
"6628","25P210939",2024-08-12,"08-2024",230000,2024,"2","X",2023,2025,314.131,232542.124145659,12.3568266667197
"6629","25P211042",2024-08-12,"08-2024",150000,2024,"2","X",2023,2025,314.131,151657.907051517,11.9293826518928
"6630","25P211103",2024-11-06,"11-2024",165000,2024,"2","X",2023,2025,316.449,165601.708332148,12.0173408368955
"6631","25P211846",2024-04-19,"04-2024",117800,2024,"2","I",2023,2025,313.016,119526.265111049,11.6912914179273
"6632","25P211891",2024-08-22,"08-2024",41400,2024,"2","5",2023,2025,314.131,41857.5823462186,10.6420282386278
"6633","25P411253",2024-01-31,"01-2024",265000,2024,"2","X",2023,2025,309.794,271679.874368129,12.5123797196791
"6634","25P411404",2024-10-24,"10-2024",277000,2024,"2","4",2023,2025,315.564,278789.82076536,12.5382134463173
"6635","25P411716",2024-10-23,"10-2024",347000,2024,"2","X",2023,2025,315.564,349242.122041805,12.7635207200768
"6636","25P411862",2024-03-25,"03-2024",267800,2024,"2","I",2023,2025,312.107,272515.782728359,12.5154518096774
"6637","25P411862",2024-05-30,"05-2024",305000,2024,"2","X",2023,2025,313.14,309346.985373954,12.6422188558784
"6638","25P412276",2024-06-21,"06-2024",281000,2024,"2","X",2023,2025,313.131,285013.119109893,12.5602904901559
"6639","25P420680",2024-04-24,"04-2024",191000,2024,"2","X",2023,2025,313.016,193798.952769188,12.1745765747564
"6640","25P420800",2024-05-06,"05-2024",190000,2024,"2","X",2023,2025,313.14,192707.958101807,12.1689311514314
"6641","25P430443",2024-11-07,"11-2024",395000,2024,"2","X",2023,2025,316.449,396440.453279991,12.890281127896
"6642","25P430535",2024-07-02,"07-2024",473000,2024,"2","X",2023,2025,313.566,479089.63025328,13.0796429784151
"6643","25P431086",2024-10-28,"10-2024",285000,2024,"2","X",2023,2025,315.564,286841.512339811,12.5666851203986
"6644","25P440084",2024-06-14,"06-2024",477500,2024,"2","X",2023,2025,313.131,484319.446174285,13.0904999807429
"6645","25P440435",2024-04-04,"04-2024",354000,2024,"2","X",2023,2025,313.016,359187.587854934,12.7916000598436
"6646","25P440875",2024-04-24,"04-2024",520000,2024,"2","X",2023,2025,313.016,527620.185549621,13.1761319582853
"6647","25P530383",2024-10-18,"10-2024",266000,2024,"2","X",2023,2025,315.564,267718.74485049,12.4976922489117
"6648","25P620033",2024-11-01,"11-2024",340000,2024,"2","X",2023,2025,316.449,341239.883835942,12.7403409806051
"6649","25Q110876",2024-03-25,"03-2024",385000,2024,"2","X",2023,2025,312.107,391779.598022473,12.8784547107082
"6650","25Q110977",2024-05-09,"05-2024",412500,2024,"2","X",2023,2025,313.14,418379.119563135,12.9441432850457
"6651","25Q130887",2024-09-12,"09-2024",515000,2024,"2","X",2023,2025,314.851,519501.430835538,13.1606248437728
"6652","25Q131291",2024-07-29,"07-2024",180000,2024,"2","X",2023,2025,313.566,182317.406861713,12.1135044408133
"6653","25Q131473",2024-07-02,"07-2024",245000,2024,"2","X",2023,2025,313.566,248154.248228443,12.4218058004679
"6654","25Q131529",2024-02-27,"02-2024",195000,2024,"2","X",2023,2025,311.022,199126.058606787,12.2016933634909
"6655","25Q140145",2024-07-18,"07-2024",315000,2024,"2","X",2023,2025,313.566,319055.462007998,12.6731202287488
"6656","25Q140686",2024-10-22,"10-2024",181500,2024,"2","X",2023,2025,315.564,182672.752595353,12.1154515938349
"6657","25Q140907",2024-10-30,"10-2024",125000,2024,"2","X",2023,2025,315.564,125807.680850794,11.7425096774323
"6658","25Q140934",2024-07-01,"07-2024",183500,2024,"2","X",2023,2025,313.566,185862.467550691,12.1327622574178
"6659","25Q141328",2024-09-09,"09-2024",156000,2024,"2","X",2023,2025,314.851,157363.54021426,11.9663139503586
"6660","25Q141465",2024-05-31,"05-2024",175000,2024,"2","X",2023,2025,313.14,177494.171935875,12.0866930531945
"6661","25Q141483",2024-07-02,"07-2024",181900,2024,"2","X",2023,2025,313.566,184241.868378587,12.1240046754472
"6662","25Q141502",2024-08-20,"08-2024",199000,2024,"2","X",2023,2025,314.131,201199.490021679,12.212052182521
"6663","25Q141584",2024-06-05,"06-2024",215000,2024,"2","X",2023,2025,313.131,218070.535973762,12.2925738489498
"6664","25Q142060",2024-10-17,"10-2024",180000,2024,"2","X",2023,2025,315.564,181163.060425144,12.1071527910202
"6665","25Q142473",2024-01-09,"01-2024",240000,2024,"2","X",2023,2025,309.794,246049.697540947,12.4132888170349
"6666","25Q142648",2024-08-01,"08-2024",250000,2024,"2","X",2023,2025,314.131,252763.178419195,12.4402082756588
"6667","25Q142712",2024-03-13,"03-2024",220000,2024,"2","X",2023,2025,312.107,223874.056012842,12.3188389227727
"6668","25Q142721",2024-09-03,"09-2024",256000,2024,"2","X",2023,2025,314.851,258237.60445417,12.4616353875886
"6669","25Q210600",2024-09-18,"09-2024",325000,2024,"2","X",2023,2025,314.851,327840.708779708,12.7002831254388
"6670","25Q220748",2024-11-25,"11-2024",15359,2024,"2","I",2023,2025,316.449,15415.0099289301,9.64309698442839
"6671","25Q230794",2024-09-25,"09-2024",416000,2024,"2","X",2023,2025,314.851,419636.107238027,12.9471432033703
"6672","25Q240548",2024-03-04,"03-2024",225000,2024,"2","4",2023,2025,312.107,228962.102740406,12.3413117786248
"6673","25Q241419",2024-01-30,"01-2024",281000,2024,"2","X",2023,2025,309.794,288083.187537525,12.5710045630266
"6674","25Q310272",2024-07-10,"07-2024",249900,2024,"2","X",2023,2025,313.566,253117.333193012,12.441608427764
"6675","25Q330427",2024-08-28,"08-2024",229900,2024,"2","X",2023,2025,314.131,232441.018874291,12.3563917895656
"6676","25Q330638",2024-09-27,"09-2024",250000,2024,"2","X",2023,2025,314.851,252185.160599776,12.4379188609713
"6677","25Q331242",2024-06-12,"06-2024",207500,2024,"2","X",2023,2025,313.131,210463.424253747,12.2570671604929
"6678","25Q331655",2024-02-27,"02-2024",242000,2024,"2","X",2023,2025,311.022,247120.544527397,12.4176315310839
"6679","25Q340107",2024-10-31,"10-2024",221000,2024,"2","X",2023,2025,315.564,222427.979744204,12.3123586416477
"6680","25Q341353",2024-04-30,"04-2024",215000,2024,"2","X",2023,2025,313.016,218150.653640708,12.2929411748375
"6681","25Q410251",2024-07-15,"07-2024",515000,2024,"2","X",2023,2025,313.566,521630.358521013,13.1647144905869
"6682","25Q410828",2024-03-07,"03-2024",430000,2024,"2","X",2023,2025,312.107,437572.018570554,12.988996585108
"6683","25Q410947",2024-01-17,"01-2024",445000,2024,"2","X",2023,2025,309.794,456217.147523839,13.0307241758591
"6684","25Q420294",2024-06-13,"06-2024",480000,2024,"2","X",2023,2025,313.131,486855.150080957,13.0957219247241
"6685","25Q420663",2024-05-15,"05-2024",220000,2024,"2","X",2023,2025,313.14,223135.530433672,12.3155346256233
"6686","25Q430183",2024-09-06,"09-2024",5e+05,2024,"2","X",2023,2025,314.851,504370.321199552,13.1310660415312
"6687","25Q430471",2024-05-22,"05-2024",316300,2024,"2","X",2023,2025,313.14,320808.037618956,12.6785982095826
"6688","25Q430839",2024-07-15,"07-2024",405000,2024,"2","X",2023,2025,313.566,410214.165438855,12.9244346570297
"6689","25Q440803",2024-05-24,"05-2024",280000,2024,"2","X",2023,2025,313.14,283990.6750974,12.5566966824402
"6690","25Q441114",2024-07-30,"07-2024",345000,2024,"2","X",2023,2025,313.566,349441.696484951,12.7640920069545
"6691","25Q441271",2024-10-01,"10-2024",230000,2024,"2","X",2023,2025,315.564,231486.132765461,12.3522752490532
"6692","25Q510274",2024-09-13,"09-2024",252000,2024,"2","X",2023,2025,314.851,254202.641884574,12.4458870306204
"6693","25Q510384",2024-07-30,"07-2024",228500,2024,"2","X",2023,2025,313.566,231441.819266119,12.3520838002574
"6694","25Q510395",2024-07-18,"07-2024",270000,2024,"2","X",2023,2025,313.566,273476.11029257,12.5189695489215
"6695","25Q520482",2024-10-08,"10-2024",265000,2024,"2","X",2023,2025,315.564,266712.283403684,12.4939257661162
"6696","25Q530151",2024-06-18,"06-2024",220000,2024,"2","X",2023,2025,313.131,223141.943787105,12.3155633671745
"6697","25Q530371",2024-08-07,"08-2024",2e+05,2024,"2","4",2023,2025,314.131,202210.542735356,12.2170647243445
"6698","25Q530580",2024-10-07,"10-2024",185000,2024,"2","X",2023,2025,315.564,186195.367659175,12.1345517652083
"6699","25Q531846",2024-06-07,"06-2024",186000,2024,"2","X",2023,2025,313.131,188656.370656371,12.1476824945353
"6700","25Q531929",2024-10-03,"10-2024",175000,2024,"2","X",2023,2025,315.564,176130.753191112,12.0789819140535
"6701","25Q531992",2024-05-16,"05-2024",206000,2024,"2","X",2023,2025,313.14,208935.996678802,12.2497832480605
"6702","25Q532001",2024-08-01,"08-2024",2e+05,2024,"2","X",2023,2025,314.131,202210.542735356,12.2170647243445
"6703","25Q540325",2024-02-01,"02-2024",390000,2024,"2","X",2023,2025,311.022,398252.117213573,12.8948405440509
"6704","25Q610044",2024-04-23,"04-2024",245000,2024,"2","X",2023,2025,313.016,248590.27973011,12.4235613572545
"6705","25Q610462",2024-02-06,"02-2024",265000,2024,"2","X",2023,2025,311.022,270607.207850249,12.5084236309134
"6706","25Q620175",2024-09-05,"09-2024",165000,2024,"2","I",2023,2025,314.851,166442.205995852,12.0224034170096
"6707","25Q620362",2024-01-10,"01-2024",90000,2024,"2","I",2023,2025,309.794,92268.636577855,11.4324595640231
"6708","25Q620900",2024-07-24,"07-2024",430000,2024,"2","X",2023,2025,313.566,435536.027502982,12.9843327986107
"6709","25Q630910",2024-03-05,"03-2024",224500,2024,"2","X",2023,2025,312.107,228453.29806765,12.3390870836027
"6710","25Q630929",2024-04-02,"04-2024",210000,2024,"2","X",2023,2025,313.016,213077.382625808,12.2694106774273
"6711","25R220381",2024-05-01,"05-2024",450000,2024,"2","X",2023,2025,313.14,456413.584977965,13.0311546620353
"6712","25R240255",2024-06-21,"06-2024",405000,2024,"2","X",2023,2025,313.131,410784.032880807,12.9258228879287
"6713","25R310738",2024-05-30,"05-2024",4e+05,2024,"2","4",2023,2025,313.14,405700.964424858,12.9133716263789
"6714","25R311113",2024-10-24,"10-2024",294950,2024,"2","X",2023,2025,315.564,296855.803735534,12.6010017905791
"6715","25R311140",2024-01-05,"01-2024",291000,2024,"2","X",2023,2025,309.794,298335.258268398,12.6059731608644
"6716","25R311283",2024-05-21,"05-2024",170000,2024,"2","X",2023,2025,313.14,172422.909880565,12.0577055163212
"6717","25R311360",2024-11-18,"11-2024",173000,2024,"2","X",2023,2025,316.449,173630.882069465,12.0646869574927
"6718","25R311672",2024-04-30,"04-2024",176005,2024,"2","X",2023,2025,313.016,178584.212995502,12.0928155504353
"6719","25R311728",2024-09-05,"09-2024",390000,2024,"2","X",2023,2025,314.851,393408.85053565,12.8826046822327
"6720","25R320292",2024-04-19,"04-2024",332000,2024,"2","X",2023,2025,313.016,336865.195389373,12.7274381156263
"6721","25R320537",2024-08-08,"08-2024",425000,2024,"2","X",2023,2025,314.131,429697.403312631,12.9708365267209
"6722","25R330107",2024-08-09,"08-2024",426250,2024,"2","X",2023,2025,314.131,430961.219204727,12.9737733863942
"6723","25R330271",2024-04-12,"04-2024",180000,2024,"2","X",2023,2025,313.016,182637.756536407,12.1152599976
"6724","25R330473",2024-03-12,"03-2024",525000,2024,"2","X",2023,2025,312.107,534244.906394281,13.188609639012
"6725","25R340290",2024-06-07,"06-2024",464000,2024,"2","X",2023,2025,313.131,470626.645078258,13.0618203730484
"6726","25R340603",2024-05-10,"05-2024",427000,2024,"2","X",2023,2025,313.14,433085.779523536,12.9786910924996
"6727","25R410393",2024-02-15,"02-2024",582000,2024,"2","X",2023,2025,311.022,594314.69799564,13.2951642526586
"6728","25R410407",2024-04-24,"04-2024",535000,2024,"2","X",2023,2025,313.016,542839.998594321,13.2045698936058
"6729","25R410535",2024-09-11,"09-2024",525000,2024,"2","X",2023,2025,314.851,529588.837259529,13.1798562057006
"6730","25R410562",2024-08-23,"08-2024",688000,2024,"2","X",2023,2025,314.131,695604.267009623,13.4525361957299
"6731","25R410645",2024-08-06,"08-2024",650000,2024,"2","X",2023,2025,314.131,657184.263889906,13.3957197206862
"6732","25R432580",2024-09-06,"09-2024",180000,2024,"2","I",2023,2025,314.851,181573.315631839,12.1094147939992
"6733","25R432580",2024-10-25,"10-2024",305000,2024,"2","X",2023,2025,315.564,306970.741275938,12.6345077167374
"6734","25R432618",2024-07-08,"07-2024",380000,2024,"2","X",2023,2025,313.566,384892.303374728,12.8607188426436
"6735","25R432700",2024-04-29,"04-2024",330000,2024,"2","X",2023,2025,313.016,334835.886983413,12.7213958011703
"6736","25R432856",2024-07-10,"07-2024",385000,2024,"2","X",2023,2025,313.566,389956.675787554,12.8737909242109
"6737","25R440529",2024-06-20,"06-2024",795000,2024,"2","X",2023,2025,313.131,806353.842321584,13.6002779354765
"6738","25R440785",2024-08-07,"08-2024",801000,2024,"2","X",2023,2025,314.131,809853.223655099,13.6046083048649
"6739","25R510141",2024-07-18,"07-2024",340000,2024,"2","X",2023,2025,313.566,344377.324072125,12.7494932075333
"6740","25R510552",2024-02-02,"02-2024",7e+05,2024,"2","X",2023,2025,311.022,714811.492434619,13.4797741399706
"6741","25R510626",2024-07-01,"07-2024",625500,2024,"2","X",2023,2025,313.566,633552.988844454,13.3590989198301
"6742","25R520847",2024-02-14,"02-2024",309900,2024,"2","X",2023,2025,311.022,316457.259293555,12.6649434697209
"6743","25R521064",2024-02-26,"02-2024",295000,2024,"2","X",2023,2025,311.022,301241.986097447,12.615669161267
"6744","25R521213",2024-02-01,"02-2024",252000,2024,"2","I",2023,2025,311.022,257332.137276463,12.4581228924386
"6745","25R531122",2024-07-11,"07-2024",5e+05,2024,"2","X",2023,2025,313.566,506437.241282537,13.1351556883453
"6746","25R531452",2024-07-01,"07-2024",350000,2024,"2","I",2023,2025,313.566,354506.068897776,12.7784807444066
"6747","25R531452",2024-09-06,"09-2024",489000,2024,"2","X",2023,2025,314.851,493274.174133161,13.1088204325839
"6748","25R540193",2024-07-01,"07-2024",355000,2024,"2","X",2023,2025,313.566,359570.441310601,12.7926653793985
"6749","25R540481",2024-09-16,"09-2024",455000,2024,"2","X",2023,2025,314.851,458976.992291592,13.03675536206
"6750","25R540894",2024-08-30,"08-2024",355750,2024,"2","X",2023,2025,314.131,359682.002890514,12.7929755947665
"6751","25R610098",2024-04-17,"04-2024",378000,2024,"2","X",2023,2025,313.016,383539.288726455,12.8571973423294
"6752","25R630140",2024-01-02,"01-2024",335000,2024,"2","X",2023,2025,309.794,343444.369484238,12.7467804255179
"6753","25R630333",2024-09-17,"09-2024",245000,2024,"2","X",2023,2025,314.851,247141.45738778,12.4177161536537
"6754","25R630351",2024-02-06,"02-2024",276000,2024,"2","X",2023,2025,311.022,281839.959874221,12.5490946706443
"6755","25R630461",2024-11-06,"11-2024",270000,2024,"2","X",2023,2025,316.449,270984.613634424,12.5098173219933
"6756","25R632054",2024-02-22,"02-2024",305000,2024,"2","X",2023,2025,311.022,311453.578846512,12.6490055815346
"6757","25R640251",2024-05-09,"05-2024",250000,2024,"2","X",2023,2025,313.14,253563.102765536,12.4433679971332
"6758","25R640293",2024-10-15,"10-2024",245000,2024,"2","X",2023,2025,315.564,246583.054467557,12.4154541506747
"6759","25R640554",2024-07-02,"07-2024",152000,2024,"2","X",2023,2025,313.566,153956.921349891,11.9444281107694
"6760","25R641003",2024-10-11,"10-2024",276000,2024,"2","X",2023,2025,315.564,277783.359318553,12.5345968058471
"6761","25R641096",2024-06-14,"06-2024",292000,2024,"2","X",2023,2025,313.131,296170.216299249,12.5986896230904
"6762","25R641306",2024-06-12,"06-2024",139500,2024,"2","X",2023,2025,313.131,141492.277992278,11.8600004220836
"6763","25R641443",2024-05-28,"05-2024",167500,2024,"2","X",2023,2025,313.14,169887.278852909,12.0428904305361
"6764","25R641492",2024-02-20,"02-2024",152000,2024,"2","X",2023,2025,311.022,155216.209785803,11.9525743257735
"6765","25S130010",2024-05-23,"05-2024",749989,2024,"2","X",2023,2025,313.14,760678.151520087,13.5419656190271
"6766","25S130010",2024-11-18,"11-2024",633000,2024,"2","X",2023,2025,316.449,635308.371965151,13.3618657851391
"6767","25S231650",2024-09-10,"09-2024",610000,2024,"2","X",2023,2025,314.851,615331.791863453,13.3299169002764
"6768","25S410213",2024-10-23,"10-2024",525000,2024,"2","X",2023,2025,315.564,528392.259573335,13.1775942027216
"6769","25S430310",2024-09-11,"09-2024",550000,2024,"2","X",2023,2025,314.851,554807.353319507,13.2263762213355
"6770","25S440342",2024-02-06,"02-2024",585000,2024,"2","X",2023,2025,311.022,597378.17582036,13.300305652159
"6771","25S530784",2024-07-23,"07-2024",235000,2024,"2","X",2023,2025,313.566,238025.503402792,12.3801331040673
"6772","25S530960",2024-08-26,"08-2024",192000,2024,"2","X",2023,2025,314.131,194122.121025941,12.1762427298243
"6773","25S531169",2024-10-25,"10-2024",6e+05,2024,"2","X",2023,2025,315.564,603876.868083812,13.3111255953461
"6774","25S540750",2024-07-24,"07-2024",430000,2024,"2","I",2023,2025,313.566,435536.027502982,12.9843327986107
"6775","25S620281",2024-06-24,"06-2024",525000,2024,"2","X",2023,2025,313.131,532497.820401046,13.1853340834138
"6776","25S630400",2024-07-25,"07-2024",515000,2024,"2","X",2023,2025,313.566,521630.358521013,13.1647144905869
"6777","25S630642",2024-05-07,"05-2024",471000,2024,"2","X",2023,2025,313.14,477712.88561027,13.0767651732874
"6778","25S630653",2024-08-22,"08-2024",550000,2024,"2","X",2023,2025,314.131,556078.992522228,13.228665636023
"6779","25S631061",2024-08-19,"08-2024",525000,2024,"2","X",2023,2025,314.131,530802.674680309,13.1821456203881
"6780","25S640234",2024-07-22,"07-2024",475000,2024,"2","X",2023,2025,313.566,481115.37921841,13.0838623939578
"6781","25S640696",2024-01-11,"01-2024",470000,2024,"2","X",2023,2025,309.794,481847.32435102,13.085382588397
"6782","25S640740",2024-07-01,"07-2024",580000,2024,"2","X",2023,2025,313.566,587467.199887743,13.2835756934636
"6783","25T130152",2024-03-18,"03-2024",519000,2024,"2","X",2023,2025,312.107,528139.250321204,13.1771152595863
"6784","25T230065",2024-01-08,"01-2024",750000,2024,"2","X",2023,2025,309.794,768905.304815458,13.5527231002232
"6785","25T240185",2024-02-27,"02-2024",852000,2024,"2","X",2023,2025,311.022,870027.702220422,13.6762803317565
"6786","25T420091",2024-07-03,"07-2024",9e+05,2024,"2","X",2023,2025,313.566,911587.034308567,13.7229423532474
"6787","25T620048",2024-08-09,"08-2024",506000,2024,"2","X",2023,2025,314.131,511592.67312045,13.145284027084
"6788","25T620466",2024-10-08,"10-2024",680000,2024,"2","X",2023,2025,315.564,684393.78382832,13.4362887383001
"6789","25T630201",2024-10-22,"10-2024",717500,2024,"2","X",2023,2025,315.564,722136.088083558,13.4899688877638
"6790","25T640134",2024-07-19,"07-2024",638000,2024,"2","X",2023,2025,313.566,646213.919876517,13.3788858732679
"6791","25U120103",2024-10-15,"10-2024",555000,2024,"2","X",2023,2025,315.564,558586.102977526,13.2331640538764
"6792","25U230031",2024-05-23,"05-2024",563000,2024,"2","X",2023,2025,313.14,571024.107427988,13.2551867074106
"6793","25U430176",2024-11-07,"11-2024",505000,2024,"2","X",2023,2025,316.449,506841.59216809,13.1359537922703
"6794","25V120063",2024-09-05,"09-2024",8e+05,2024,"2","X",2023,2025,314.851,806992.513919282,13.6010696707769
"6795","25V520089",2024-10-21,"10-2024",855000,2024,"2","X",2023,2025,315.564,860524.537019432,13.6652974090667
"6796","25V540043",2024-06-18,"06-2024",599900,2024,"2","X",2023,2025,313.131,608467.509444929,13.3186987954812
"6797","25V630331",2024-10-02,"10-2024",620000,2024,"2","X",2023,2025,315.564,624006.097019939,13.3439154181691
"6798","25V640066",2024-04-09,"04-2024",30000,2024,"1","X",2023,2025,313.016,30439.6260894012,10.323500528372
"6799","25V640321",2024-07-24,"07-2024",1230000,2024,"2","4",2023,2025,313.566,1245835.61355504,14.0353170382896
"6800","25X110084",2024-01-11,"01-2024",125000,2024,"2","Z",2023,2025,309.794,128150.88413591,11.7609636309952
"6801","25X120106",2024-02-23,"02-2024",840000,2024,"2","I",2023,2025,311.022,857773.790921543,13.6620956967645
"6802","25X230023",2024-08-07,"08-2024",409900,2024,"2","X",2023,2025,314.131,414430.507336111,12.9346605853068
"6803","25X510022",2024-01-12,"01-2024",350000,2024,"1","X",2023,2025,309.794,358822.475580547,12.7905830481763
"6804","25X520065",2024-08-08,"08-2024",350000,2024,"1","X",2023,2025,314.131,353868.449786872,12.77668051228
"6805","25Y420063",2024-10-07,"10-2024",395000,2024,"2","X",2023,2025,315.564,397552.271488509,12.8930817050311
"6806","25Y510164",2024-08-13,"08-2024",1600000,2024,"2","X",2023,2025,314.131,1617684.34188285,14.2965062660244
"6807","25Y620043",2024-03-20,"03-2024",661000,2024,"2","X",2023,2025,312.107,672639.777384038,13.4189652162721
"6808","26G110041",2024-06-04,"06-2024",165000,2024,"2","X",2023,2025,313.131,167356.457840329,12.0278812947227
"6809","26G110223",2024-07-18,"07-2024",220000,2024,"2","X",2023,2025,313.566,222832.386164316,12.3141751362755
"6810","26G110791",2024-05-06,"05-2024",90000,2024,"2","I",2023,2025,313.14,91282.716995593,11.4217167496012
"6811","26M320100",2024-02-12,"02-2024",499900,2024,"2","X",2023,2025,311.022,510477.521525808,13.1431018833467
"6812","26M330143",2024-03-26,"03-2024",625555,2024,"2","X",2023,2025,312.107,636570.614132333,13.363850632118
"6813","26M330165",2024-05-01,"05-2024",4e+05,2024,"2","X",2023,2025,313.14,405700.964424858,12.9133716263789
"6814","26M330385",2024-11-22,"11-2024",364000,2024,"2","X",2023,2025,316.449,365327.405047891,12.8085492306316
"6815","26M340331",2024-02-29,"02-2024",384000,2024,"2","X",2023,2025,311.022,392125.161564134,12.8793363575149
"6816","26M340991",2024-04-16,"04-2024",5e+05,2024,"2","X",2023,2025,313.016,507327.10149002,13.136911245132
"6817","26M420530",2024-08-15,"08-2024",1175000,2024,"2","X",2023,2025,314.131,1187986.93857021,13.9877707843748
"6818","26M441188",2024-04-08,"04-2024",1482250,2024,"2","4",2023,2025,313.016,1503971.19236716,14.2236196292973
"6819","26M520201",2024-09-27,"09-2024",367000,2024,"2","X",2023,2025,314.851,370207.815760471,12.8218197911636
"6820","26M540694",2024-06-07,"06-2024",275000,2024,"2","I",2023,2025,313.131,278927.429733881,12.5387069184887
"6821","26M610258",2024-06-11,"06-2024",408000,2024,"2","X",2023,2025,313.131,413826.877568813,12.9332029952263
"6822","26M610380",2024-01-02,"01-2024",359900,2024,"2","X",2023,2025,309.794,368972.025604111,12.8184761087779
"6823","26M610742",2024-08-21,"08-2024",185000,2024,"2","I",2023,2025,314.131,187044.752030204,12.1391031828748
"6824","26M610973",2024-06-20,"06-2024",405000,2024,"2","X",2023,2025,313.131,410784.032880807,12.9258228879287
"6825","26M620721",2024-03-14,"03-2024",363500,2024,"2","X",2023,2025,312.107,369900.997093945,12.8209906733939
"6826","26M620862",2024-08-01,"08-2024",270000,2024,"2","I",2023,2025,314.131,272984.23269273,12.5171693167949
"6827","26M620994",2024-07-19,"07-2024",475000,2024,"2","X",2023,2025,313.566,481115.37921841,13.0838623939578
"6828","26M630146",2024-05-21,"05-2024",320000,2024,"2","X",2023,2025,313.14,324560.771539886,12.6902280750647
"6829","26M630399",2024-09-10,"09-2024",370000,2024,"2","X",2023,2025,314.851,373234.037687668,12.8299609487473
"6830","26M630696",2024-03-22,"03-2024",423500,2024,"2","X",2023,2025,312.107,430957.55782472,12.9737648905125
"6831","26M630722",2024-07-15,"07-2024",424000,2024,"2","X",2023,2025,313.566,429458.780607591,12.9702810451551
"6832","26M630894",2024-09-06,"09-2024",414000,2024,"2","X",2023,2025,314.851,417618.625953229,12.9423239169343
"6833","26M640402",2024-06-07,"06-2024",422000,2024,"2","X",2023,2025,313.131,428026.819446174,12.9669411348582
"6834","26M640714",2024-05-10,"05-2024",375000,2024,"2","X",2023,2025,313.14,380344.654148304,12.8488331052414
"6835","26M640750",2024-09-17,"09-2024",420000,2024,"2","X",2023,2025,314.851,423671.069807623,12.9567126543864
"6836","26M640761",2024-04-10,"04-2024",470000,2024,"2","X",2023,2025,313.016,476887.475400619,13.0750358414139
"6837","26M641014",2024-09-26,"09-2024",313000,2024,"2","X",2023,2025,314.851,315735.821070919,12.6626611336492
"6838","26M641058",2024-10-02,"10-2024",360000,2024,"2","X",2023,2025,315.564,362326.120850287,12.8002999715801
"6839","26M641069",2024-08-13,"08-2024",245000,2024,"2","I",2023,2025,314.131,247707.914850811,12.4200055683412
"6840","26O310132",2024-01-12,"01-2024",1620000,2024,"1","X",2023,2025,309.794,1660835.45840139,14.3228313219193
"6841","26P320608",2024-01-03,"01-2024",7960000,2024,"2","4",2023,2025,309.794,8160648.30177473,15.9148341725313
"6842","26Q610421",2024-05-15,"05-2024",2e+05,2024,"2","I",2023,2025,313.14,202850.482212429,12.220224445819
"6843","26Q610485",2024-10-08,"10-2024",308000,2024,"2","X",2023,2025,315.564,309990.125616357,12.6442957231036
"6844","26Q630483",2024-07-30,"07-2024",178000,2024,"2","I",2023,2025,313.566,180291.657896583,12.1023311402152
"6845","26Q630955",2024-10-04,"10-2024",227000,2024,"2","X",2023,2025,315.564,228466.748425042,12.3391459576114
"6846","26R630372",2024-02-13,"02-2024",355000,2024,"2","X",2023,2025,311.022,362511.542591842,12.8008115944026
"6847","26R630552",2024-02-13,"02-2024",352500,2024,"2","X",2023,2025,311.022,359958.644404576,12.7937444271795
"6848","26R640351",2024-01-25,"01-2024",350000,2024,"2","X",2023,2025,309.794,358822.475580547,12.7905830481763
"6849","26T530070",2024-05-10,"05-2024",565000,2024,"2","X",2023,2025,313.14,573052.612250112,13.2587328104174
"6850","26U340153",2024-08-07,"08-2024",97000,2024,"1","X",2023,2025,314.131,98072.1132266475,11.4934583362999
"6851","26U630014",2024-10-03,"10-2024",429000,2024,"2","X",2023,2025,315.564,431771.960679925,12.975652859058
"6852","26V140260",2024-05-24,"05-2024",630000,2024,"2","X",2023,2025,313.14,638979.018969151,13.3676268986565
"6853","26V210121",2024-10-23,"10-2024",775000,2024,"2","X",2023,2025,315.564,780007.621274924,13.5670589694833
"6854","26V210231",2024-03-25,"03-2024",645000,2024,"2","X",2023,2025,312.107,656358.027855831,13.3944616932161
"6855","26V230174",2024-07-11,"07-2024",645000,2024,"2","X",2023,2025,313.566,653304.041254473,13.3897979067189
"6856","26V230262",2024-04-26,"04-2024",675000,2024,"2","X",2023,2025,313.016,684891.587011527,13.4370158375823
"6857","26V630057",2024-08-12,"08-2024",861000,2024,"2","X",2023,2025,314.131,870516.386475706,13.6768418622242
"6858","26V640311",2024-05-16,"05-2024",835000,2024,"2","X",2023,2025,313.14,846900.763236891,13.6493388041218
"6859","26W340131",2024-05-01,"05-2024",807600,2024,"2","X",2023,2025,313.14,819110.247173788,13.6159739657096
"6860","26W340140",2024-10-04,"10-2024",680000,2024,"2","X",2023,2025,315.564,684393.78382832,13.4362887383001
"6861","26W520056",2024-09-03,"09-2024",65000,2024,"1","X",2023,2025,314.851,65568.1417559417,11.0908452130047
"6862","26W640110",2024-06-28,"06-2024",685000,2024,"2","X",2023,2025,313.131,694782.870428032,13.4513546590844
"6863","26X420142",2024-07-17,"07-2024",775000,2024,"2","X",2023,2025,313.566,784977.723987932,13.5734106192765
"6864","26X630077",2024-09-05,"09-2024",520000,2024,"2","X",2023,2025,314.851,524545.134047534,13.1702867546845
"6865","26Y120050",2024-03-27,"03-2024",3e+05,2024,"2","X",2023,2025,312.107,305282.803653875,12.6289938510766
"6866","26Y220031",2024-05-13,"05-2024",840000,2024,"2","X",2023,2025,313.14,851972.025292202,13.6553089711083
"6867","26Y220040",2024-07-16,"07-2024",91101,2024,"1","X",2023,2025,313.566,92273.8782361608,11.4325163710772
"6868","26Y240051",2024-10-08,"10-2024",65000,2024,"1","X",2023,2025,315.564,65419.994042413,11.0885832100256
"6869","26Y240082",2024-06-04,"06-2024",880000,2024,"2","X",2023,2025,313.131,892567.77514842,13.7018577282944
"6870","26Y240125",2024-07-09,"07-2024",75000,2024,"1","X",2023,2025,313.566,75965.5861923806,11.2380357034594
"6871","27G110482",2024-04-02,"04-2024",130000,2024,"2","X",2023,2025,313.016,131905.046387405,11.7898375971654
"6872","27G110790",2024-01-08,"01-2024",42000,2024,"2","I",2023,2025,309.794,43058.6970696657,10.6703195119762
"6873","27G110901",2024-10-01,"10-2024",131900,2024,"2","X",2023,2025,315.564,132752.264833758,11.7962399998532
"6874","27G110956",2024-03-22,"03-2024",146000,2024,"2","X",2023,2025,312.107,148570.964444886,11.9088179981287
"6875","27G110974",2024-01-09,"01-2024",85000,2024,"2","I",2023,2025,309.794,87142.6012124186,11.3753011501832
"6876","27G111643",2024-09-23,"09-2024",94319,2024,"2","I",2023,2025,314.851,95143.408650441,11.4631405970767
"6877","27G120162",2024-11-01,"11-2024",88000,2024,"2","I",2023,2025,316.449,88320.9111104791,11.3887321774731
"6878","27G120272",2024-06-07,"06-2024",160000,2024,"2","X",2023,2025,313.131,162285.050026986,11.997109636056
"6879","27G120333",2024-08-15,"08-2024",130000,2024,"2","X",2023,2025,314.131,131436.852777981,11.7862818082521
"6880","27G120382",2024-01-17,"01-2024",113405,2024,"2","5",2023,2025,309.794,116263.608123463,11.6636153757253
"6881","27G120838",2024-09-10,"09-2024",74000,2024,"2","X",2023,2025,314.851,74646.8075375336,11.2205230363132
"6882","27G121493",2024-02-06,"02-2024",114000,2024,"2","X",2023,2025,311.022,116412.157339352,11.6648922533217
"6883","27G130563",2024-11-19,"11-2024",152500,2024,"2","X",2023,2025,316.449,153056.124367592,11.9385599590424
"6884","27G130783",2024-01-12,"01-2024",25000,2024,"2","I",2023,2025,309.794,25630.1768271819,10.1515257185611
"6885","27G130783",2024-11-01,"11-2024",167000,2024,"2","X",2023,2025,316.449,167609.001766477,12.0293891754116
"6886","27G130857",2024-03-21,"03-2024",205000,2024,"2","X",2023,2025,312.107,208609.915830148,12.2482213555588
"6887","27G130912",2024-11-12,"11-2024",191300,2024,"2","X",2023,2025,316.449,191997.616993576,12.1652382394411
"6888","27G131041",2024-05-31,"05-2024",105000,2024,"2","X",2023,2025,313.14,106496.503161525,11.5758674294285
"6889","27G131306",2024-08-30,"08-2024",159000,2024,"2","X",2023,2025,314.131,160757.381474608,11.9876515600167
"6890","27G131393",2024-10-01,"10-2024",45500,2024,"2","5",2023,2025,315.564,45793.9958296891,10.7319082660869
"6891","27G132284",2024-05-03,"05-2024",106240,2024,"2","5",2023,2025,313.14,107754.176151242,11.5876077649991
"6892","27G132284",2024-11-15,"11-2024",59000,2024,"2","I",2023,2025,316.449,59215.1563127076,10.9889328069006
"6893","27G132314",2024-10-08,"10-2024",137900,2024,"2","X",2023,2025,315.564,138791.033514596,11.8407247249292
"6894","27G132482",2024-01-11,"01-2024",144100,2024,"2","X",2023,2025,309.794,147732.339231877,11.9031573966984
"6895","27G132855",2024-01-03,"01-2024",165000,2024,"2","X",2023,2025,309.794,169159.167059401,12.0385953675935
"6896","27G140344",2024-07-03,"07-2024",20000,2024,"2","I",2023,2025,313.566,20257.4896513015,9.91627986347712
"6897","27G140739",2024-09-10,"09-2024",74305,2024,"2","5",2023,2025,314.851,74954.4734334653,11.2246361873195
"6898","27G141325",2024-04-24,"04-2024",124525,2024,"2","X",2023,2025,313.016,126349.814626089,11.7468096456692
"6899","27G142003",2024-08-12,"08-2024",51500,2024,"2","I",2023,2025,314.131,52069.2147543541,10.8603291654662
"6900","27G410375",2024-02-06,"02-2024",160000,2024,"2","X",2023,2025,311.022,163385.483985056,12.003867620161
"6901","27G410870",2024-07-10,"07-2024",139000,2024,"2","X",2023,2025,313.566,140789.553076545,11.8550215230538
"6902","27G411222",2024-02-28,"02-2024",93998,2024,"2","5",2023,2025,311.022,95986.9295226704,11.4719673103751
"6903","27G411222",2024-08-28,"08-2024",43000,2024,"2","Z",2023,2025,314.131,43475.2666881015,10.6799474734901
"6904","27G411512",2024-09-03,"09-2024",58000,2024,"2","I",2023,2025,314.851,58506.957259148,10.9769009536554
"6905","27G411783",2024-06-18,"06-2024",182000,2024,"2","X",2023,2025,313.131,184599.244405696,12.1259425078989
"6906","27G411916",2024-02-01,"02-2024",89750,2024,"2","X",2023,2025,311.022,91649.0449228672,11.4257218322956
"6907","27G420572",2024-05-13,"05-2024",35000,2024,"2","I",2023,2025,313.14,35498.8343871751,10.4772551407604
"6908","27G430304",2024-04-19,"04-2024",104881,2024,"2","5",2023,2025,313.016,106417.94746275,11.5751295208261
"6909","27G430791",2024-07-30,"07-2024",75000,2024,"1","X",2023,2025,313.566,75965.5861923806,11.2380357034594
"6910","27G430854",2024-03-04,"03-2024",25000,2024,"2","I",2023,2025,312.107,25440.2336378229,10.1440872012886
"6911","27G431033",2024-07-17,"07-2024",170000,2024,"2","X",2023,2025,313.566,172188.662036063,12.0563460269734
"6912","27G432221",2024-03-21,"03-2024",145000,2024,"2","X",2023,2025,312.107,147553.355099373,11.9019451188409
"6913","27G432375",2024-09-10,"09-2024",225000,2024,"2","X",2023,2025,314.851,226966.644539798,12.3325583453134
"6914","27G440112",2024-04-05,"04-2024",238000,2024,"2","X",2023,2025,313.016,241487.700309249,12.3945738203813
"6915","27G440534",2024-03-15,"03-2024",250000,2024,"2","X",2023,2025,312.107,254402.336378229,12.4466722942826
"6916","27G440781",2024-08-20,"08-2024",234900,2024,"2","X",2023,2025,314.131,237496.282442675,12.3779072494614
"6917","27G530033",2024-02-21,"02-2024",67000,2024,"2","5",2023,2025,311.022,68417.6714187421,11.1333864243182
"6918","27G530132",2024-07-16,"07-2024",168260,2024,"2","I",2023,2025,313.566,170426.260436399,12.0460579920458
"6919","27G530363",2024-07-11,"07-2024",160000,2024,"2","X",2023,2025,313.566,162059.917210412,11.995721405157
"6920","27H110544",2024-04-26,"04-2024",107500,2024,"2","I",2023,2025,313.016,109075.326820354,11.5997939942775
"6921","27H110553",2024-04-08,"04-2024",203500,2024,"2","X",2023,2025,313.016,206482.130306438,12.2379691515925
"6922","27H110562",2024-09-11,"09-2024",50000,2024,"2","I",2023,2025,314.851,50437.0321199551,10.8284809485372
"6923","27H120073",2024-03-14,"03-2024",280000,2024,"2","I",2023,2025,312.107,284930.616743617,12.5600009795896
"6924","27H120215",2024-11-15,"11-2024",278000,2024,"2","X",2023,2025,316.449,279013.787371741,12.5390164766855
"6925","27H120343",2024-06-28,"06-2024",263000,2024,"1","P",2023,2025,313.131,266756.050981857,12.4940898529999
"6926","27H131114",2024-03-26,"03-2024",349895,2024,"2","X",2023,2025,312.107,356056.421948242,12.7828444858948
"6927","27H131123",2024-03-29,"03-2024",530286,2024,"2","X",2023,2025,312.107,539623.989394663,13.1986278600641
"6928","27H131132",2024-08-07,"08-2024",498888,2024,"2","X",2023,2025,314.131,504402.06622078,13.1311289794578
"6929","27H131141",2024-07-09,"07-2024",483415,2024,"2","X",2023,2025,313.566,489638.717989195,13.1014230879138
"6930","27H131150",2024-08-02,"08-2024",389900,2024,"2","X",2023,2025,314.131,394209.453062576,12.8846376537851
"6931","27H131161",2024-07-30,"07-2024",511995,2024,"2","X",2023,2025,313.566,518586.670700905,13.1588624492899
"6932","27H131172",2024-07-23,"07-2024",399921,2024,"2","X",2023,2025,313.566,405069.775941907,12.9118146175254
"6933","27H131183",2024-07-23,"07-2024",401097,2024,"2","X",2023,2025,313.566,406260.916333404,12.9147508832396
"6934","27H131194",2024-07-31,"07-2024",439453,2024,"2","X",2023,2025,313.566,445110.72998667,13.0060783616257
"6935","27H131215",2024-03-12,"03-2024",417808,2024,"2","X",2023,2025,312.107,425165.325430061,12.9602333732772
"6936","27H131224",2024-04-12,"04-2024",483153,2024,"2","X",2023,2025,313.016,490233.222132415,13.1026365203876
"6937","27H140354",2024-03-29,"03-2024",356597,2024,"2","X",2023,2025,312.107,362876.43978187,12.8018176690266
"6938","27H140363",2024-03-29,"03-2024",358463,2024,"2","X",2023,2025,312.107,364775.298820597,12.8070368233234
"6939","27H210671",2024-05-30,"05-2024",272500,2024,"2","X",2023,2025,313.14,276383.782014434,12.5295456933743
"6940","27H220012",2024-03-22,"03-2024",180000,2024,"2","4",2023,2025,312.107,183169.682192325,12.1181682273106
"6941","27H220096",2024-06-18,"06-2024",21000,2024,"2","I",2023,2025,313.131,21299.9128160419,9.96645825854556
"6942","27H220096",2024-08-07,"08-2024",60000,2024,"2","X",2023,2025,314.131,60663.1628206067,11.0130919200186
"6943","27H220162",2024-07-30,"07-2024",116000,2024,"2","X",2023,2025,313.566,117493.439977549,11.6741377810295
"6944","27H230031",2024-03-28,"03-2024",180000,2024,"2","X",2023,2025,312.107,183169.682192325,12.1181682273106
"6945","27H230095",2024-10-08,"10-2024",138200,2024,"2","5",2023,2025,315.564,139092.971948638,11.8428978514635
"6946","27H230325",2024-06-28,"06-2024",199100,2024,"2","I",2023,2025,313.131,201943.45912733,12.2157430318923
"6947","27H240380",2024-09-04,"09-2024",125000,2024,"2","I",2023,2025,314.851,126092.580299888,11.7447716804113
"6948","27H310241",2024-10-08,"10-2024",55000,2024,"2","I",2023,2025,315.564,55355.3795743494,10.9215291253625
"6949","27H310285",2024-11-22,"11-2024",77000,2024,"2","X",2023,2025,316.449,77280.7972216692,11.2552007848486
"6950","27H310322",2024-04-05,"04-2024",97500,2024,"2","X",2023,2025,313.016,98928.7847905538,11.5021555247136
"6951","27H310791",2024-10-03,"10-2024",106250,2024,"2","X",2023,2025,315.564,106936.528723175,11.5799907479345
"6952","27H310973",2024-08-26,"08-2024",120500,2024,"2","X",2023,2025,314.131,121831.851998052,11.7103971107272
"6953","27H311330",2024-03-07,"03-2024",78000,2024,"2","X",2023,2025,312.107,79373.5289500075,11.28192020311
"6954","27H311363",2024-03-22,"03-2024",77000,2024,"2","X",2023,2025,312.107,78355.9196044946,11.2690167982741
"6955","27H311532",2024-10-17,"10-2024",75000,2024,"2","X",2023,2025,315.564,75484.6085104765,11.2316840536663
"6956","27H311594",2024-03-18,"03-2024",151400,2024,"2","X",2023,2025,312.107,154066.054910656,11.9451367174237
"6957","27H311633",2024-05-01,"05-2024",220000,2024,"2","X",2023,2025,313.14,223135.530433672,12.3155346256233
"6958","27H311651",2024-01-10,"01-2024",212000,2024,"2","X",2023,2025,309.794,217343.899494503,12.2892361683649
"6959","27H311927",2024-04-03,"04-2024",120000,2024,"2","X",2023,2025,313.016,121758.504357605,11.7097948894919
"6960","27H312133",2024-06-11,"06-2024",72000,2024,"2","X",2023,2025,313.131,73028.2725121435,11.1986019398382
"6961","27H312302",2024-10-01,"10-2024",46000,2024,"2","4",2023,2025,315.564,46297.2265530922,10.7428373366191
"6962","27H312825",2024-03-18,"03-2024",156000,2024,"2","X",2023,2025,312.107,158747.057900015,11.9750673836699
"6963","27H313101",2024-10-17,"10-2024",425000,2024,"2","X",2023,2025,315.564,427746.1148927,12.9662851090544
"6964","27H320042",2024-08-21,"08-2024",162000,2024,"2","X",2023,2025,314.131,163790.539615638,12.0063436930289
"6965","27H320332",2024-08-06,"08-2024",132000,2024,"2","X",2023,2025,314.131,133458.958205335,11.8015492803829
"6966","27H320361",2024-06-12,"06-2024",105000,2024,"2","I",2023,2025,313.131,106499.564080209,11.5758961709797
"6967","27H321395",2024-08-21,"08-2024",230000,2024,"2","X",2023,2025,314.131,232542.124145659,12.3568266667197
"6968","27H321450",2024-11-04,"11-2024",175000,2024,"2","X",2023,2025,316.449,175638.175503794,12.0761813369184
"6969","27H321681",2024-04-23,"04-2024",76000,2024,"2","I",2023,2025,313.016,77113.719426483,11.2530364869961
"6970","27H321681",2024-10-17,"10-2024",180000,2024,"2","X",2023,2025,315.564,181163.060425144,12.1071527910202
"6971","27H322022",2024-06-20,"06-2024",135000,2024,"2","X",2023,2025,313.131,136928.010960269,11.8272105992606
"6972","27H330151",2024-01-17,"01-2024",239900,2024,"2","X",2023,2025,309.794,245947.176833638,12.4128720635385
"6973","27H330393",2024-03-26,"03-2024",175000,2024,"2","X",2023,2025,312.107,178081.63546476,12.0899973503439
"6974","27H330883",2024-07-30,"07-2024",100549,2024,"2","4",2023,2025,313.566,101843.516347436,11.5311927607915
"6975","27H331361",2024-08-20,"08-2024",140500,2024,"2","I",2023,2025,314.131,142052.906271587,11.8639548465703
"6976","27H331372",2024-02-29,"02-2024",140000,2024,"2","I",2023,2025,311.022,142962.298486924,11.8703362275365
"6977","27H331372",2024-09-18,"09-2024",209900,2024,"2","X",2023,2025,314.851,211734.660839572,12.2630891699356
"6978","27H331828",2024-05-03,"05-2024",130000,2024,"2","X",2023,2025,313.14,131852.813438079,11.7894415297265
"6979","27H331901",2024-04-10,"04-2024",250000,2024,"2","X",2023,2025,313.016,253663.55074501,12.4437640645721
"6980","27H340051",2024-01-05,"01-2024",156100,2024,"2","X",2023,2025,309.794,160034.824108924,11.9831467212143
"6981","27H340408",2024-07-24,"07-2024",177900,2024,"2","X",2023,2025,313.566,180190.370448327,12.1017691845949
"6982","27H340820",2024-05-15,"05-2024",167000,2024,"2","X",2023,2025,313.14,169380.152647378,12.0399008916877
"6983","27H340930",2024-07-09,"07-2024",113000,2024,"2","X",2023,2025,313.566,114454.816529853,11.6479354086355
"6984","27H340994",2024-06-28,"06-2024",88000,2024,"2","I",2023,2025,313.131,89256.777514842,11.3992726353003
"6985","27H341205",2024-06-26,"06-2024",150360,2024,"2","5",2023,2025,313.131,152507.37576286,11.9349682395181
"6986","27H341425",2024-03-04,"03-2024",103050,2024,"2","5",2023,2025,312.107,104864.643055106,11.5604256837568
"6987","27H341425",2024-03-04,"03-2024",103050,2024,"2","4",2023,2025,312.107,104864.643055106,11.5604256837568
"6988","27H341746",2024-09-25,"09-2024",180000,2024,"2","X",2023,2025,314.851,181573.315631839,12.1094147939992
"6989","27H341764",2024-11-20,"11-2024",90000,2024,"2","I",2023,2025,316.449,90328.2045448082,11.4112050333252
"6990","27H342020",2024-10-03,"10-2024",155000,2024,"2","X",2023,2025,315.564,156001.524254985,11.9576210570492
"6991","27H342350",2024-04-23,"04-2024",115000,2024,"2","I",2023,2025,313.016,116685.233342705,11.6672352750731
"6992","27H410077",2024-07-11,"07-2024",246000,2024,"2","X",2023,2025,313.566,249167.122711008,12.4258791258555
"6993","27H410202",2024-10-04,"10-2024",180000,2024,"2","I",2023,2025,315.564,181163.060425144,12.1071527910202
"6994","27H410297",2024-09-13,"09-2024",280000,2024,"2","X",2023,2025,314.851,282447.379871749,12.5512475462783
"6995","27H410312",2024-01-25,"01-2024",156000,2024,"2","4",2023,2025,309.794,159932.303401615,11.9825059009424
"6996","27H410817",2024-05-09,"05-2024",170000,2024,"2","X",2023,2025,313.14,172422.909880565,12.0577055163212
"6997","27H410826",2024-04-10,"04-2024",182000,2024,"2","X",2023,2025,313.016,184667.064942367,12.1263098337866
"6998","27H411265",2024-03-12,"03-2024",460437,2024,"2","X",2023,2025,312.107,468544.994219931,13.0573874149391
"6999","27H411276",2024-08-02,"08-2024",375019,2024,"2","X",2023,2025,314.131,379163.977630352,12.8457240491501
"7000","27H411287",2024-05-23,"05-2024",449900,2024,"2","X",2023,2025,313.14,456312.159736859,13.0309324151181
"7001","27H411298",2024-01-03,"01-2024",339490,2024,"2","X",2023,2025,309.794,348047.5492424,12.7600943851768
"7002","27H411302",2024-02-14,"02-2024",441579,2024,"2","X",2023,2025,311.022,450922.491453981,13.0190507444115
"7003","27H411311",2024-01-29,"01-2024",357767,2024,"2","X",2023,2025,309.794,366785.258917216,12.8125318302178
"7004","27H411353",2024-06-26,"06-2024",508100,2024,"2","X",2023,2025,313.131,515356.461991946,13.1526140994218
"7005","27H411375",2024-02-29,"02-2024",422773,2024,"2","X",2023,2025,311.022,431718.570130087,12.9755291969031
"7006","27H411397",2024-02-14,"02-2024",473900,2024,"2","X",2023,2025,311.022,483927.380378237,13.0896901339007
"7007","27H411403",2024-01-03,"01-2024",361060,2024,"2","X",2023,2025,309.794,370161.265808892,12.8216940432014
"7008","27H411485",2024-01-23,"01-2024",454253,2024,"2","X",2023,2025,309.794,465703.388571115,13.0513042052401
"7009","27H411496",2024-01-29,"01-2024",392938,2024,"2","X",2023,2025,309.794,402842.816884769,12.9063017323023
"7010","27H411522",2024-05-14,"05-2024",448685,2024,"2","X",2023,2025,313.14,455079.843057418,13.0282281617855
"7011","27H411531",2024-03-01,"03-2024",397227,2024,"2","X",2023,2025,312.107,404221.907490059,12.909719282112
"7012","27H411540",2024-07-30,"07-2024",393500,2024,"2","X",2023,2025,313.566,398566.108889357,12.8956286577806
"7013","27H411551",2024-09-23,"09-2024",350695,2024,"2","X",2023,2025,314.851,353760.299586153,12.7763748429536
"7014","27H411562",2024-07-01,"07-2024",426274,2024,"2","X",2023,2025,313.566,431762.057180944,12.9756299219211
"7015","27H411584",2024-06-24,"06-2024",482562,2024,"2","X",2023,2025,313.131,489453.739444514,13.1010452307554
"7016","27H420065",2024-09-19,"09-2024",235000,2024,"2","X",2023,2025,314.851,237054.050963789,12.3760434572532
"7017","27H420164",2024-05-15,"05-2024",275000,2024,"2","X",2023,2025,313.14,278919.41304209,12.5386781769375
"7018","27H420395",2024-04-02,"04-2024",531346,2024,"2","X",2023,2025,313.016,539132.452136632,13.1977165565054
"7019","27H420405",2024-05-14,"05-2024",508718,2024,"2","X",2023,2025,313.14,515968.458050712,13.1538009147866
"7020","27H420414",2024-07-01,"07-2024",405400,2024,"2","X",2023,2025,313.566,410619.315231881,12.925421823941
"7021","27H420423",2024-08-27,"08-2024",456522,2024,"2","X",2023,2025,314.131,461567.80695315,13.0423842494414
"7022","27H420432",2024-07-11,"07-2024",400480,2024,"2","X",2023,2025,313.566,405635.972777661,12.9132114176066
"7023","27H420450",2024-10-02,"10-2024",453522,2024,"2","X",2023,2025,315.564,456452.408278511,13.0312397200851
"7024","27H420461",2024-03-28,"03-2024",430436,2024,"2","X",2023,2025,312.107,438015.696245198,12.9900100248927
"7025","27H420472",2024-05-01,"05-2024",437365,2024,"2","X",2023,2025,313.14,443598.505764195,13.0026751660221
"7026","27H420494",2024-04-16,"04-2024",361986,2024,"2","X",2023,2025,313.016,367290.616319933,12.8139086837546
"7027","27H420506",2024-03-14,"03-2024",392518,2024,"2","X",2023,2025,312.107,399429.985082039,12.8977937724639
"7028","27H420515",2024-05-16,"05-2024",401349,2024,"2","X",2023,2025,313.14,407069.190927381,12.9167384522546
"7029","27H430042",2024-04-18,"04-2024",268500,2024,"2","X",2023,2025,313.016,272434.653500141,12.5151540606587
"7030","27H440382",2024-04-19,"04-2024",2e+05,2024,"2","4",2023,2025,313.016,202930.840596008,12.2206205132578
"7031","27H440393",2024-05-06,"05-2024",205000,2024,"2","X",2023,2025,313.14,207921.74426774,12.2449170584094
"7032","27H440609",2024-08-29,"08-2024",117000,2024,"2","I",2023,2025,314.131,118293.167500183,11.6809212925943
"7033","27H530164",2024-02-13,"02-2024",236000,2024,"2","X",2023,2025,311.022,240993.588877957,12.3925256099528
"7034","27H530175",2024-06-18,"06-2024",226000,2024,"2","X",2023,2025,313.131,229227.633163117,12.3424708200944
"7035","27H530331",2024-07-09,"07-2024",170000,2024,"2","X",2023,2025,313.566,172188.662036063,12.0563460269734
"7036","27H530340",2024-06-24,"06-2024",203000,2024,"2","X",2023,2025,313.131,205899.157221738,12.2351417998639
"7037","27H530753",2024-02-29,"02-2024",167000,2024,"2","X",2023,2025,311.022,170533.598909402,12.0466876173439
"7038","27H530791",2024-11-13,"11-2024",282000,2024,"2","X",2023,2025,316.449,283028.374240399,12.553302433933
"7039","27H531088",2024-09-04,"09-2024",235000,2024,"2","X",2023,2025,314.851,237054.050963789,12.3760434572532
"7040","27H531264",2024-04-09,"04-2024",155000,2024,"2","I",2023,2025,313.016,157271.401461906,11.9657282636291
"7041","27H531264",2024-08-14,"08-2024",303000,2024,"2","X",2023,2025,314.131,306348.972244064,12.6324801633059
"7042","27H531303",2024-07-24,"07-2024",275000,2024,"2","X",2023,2025,313.566,278540.482705395,12.5373186875897
"7043","27H610211",2024-09-20,"09-2024",29900,2024,"2","Z",2023,2025,314.851,30161.3452077332,10.3143164235057
"7044","27H620188",2024-08-22,"08-2024",165000,2024,"2","X",2023,2025,314.131,166823.697756668,12.0246928316971
"7045","27H620531",2024-02-06,"02-2024",114500,2024,"2","X",2023,2025,311.022,116922.736976806,11.6692686279215
"7046","27H620908",2024-07-26,"07-2024",117000,2024,"2","X",2023,2025,313.566,118506.314460114,11.6827215247209
"7047","27H621321",2024-08-29,"08-2024",79900,2024,"2","Z",2023,2025,314.131,80783.1118227746,11.2995232105687
"7048","27H621512",2024-04-09,"04-2024",2e+05,2024,"2","X",2023,2025,313.016,202930.840596008,12.2206205132578
"7049","27H630725",2024-05-29,"05-2024",207000,2024,"2","X",2023,2025,313.14,209950.249089864,12.2546258725363
"7050","27H630891",2024-09-03,"09-2024",215000,2024,"2","X",2023,2025,314.851,216879.238115807,12.2870959712367
"7051","27H630918",2024-09-25,"09-2024",195000,2024,"2","X",2023,2025,314.851,196704.425267825,12.1894575016728
"7052","27H631045",2024-06-10,"06-2024",147000,2024,"2","X",2023,2025,313.131,149099.389712293,11.9123684076009
"7053","27H631100",2024-02-22,"02-2024",160000,2024,"2","X",2023,2025,311.022,163385.483985056,12.003867620161
"7054","27H631111",2024-06-20,"06-2024",173000,2024,"2","X",2023,2025,313.131,175470.710341678,12.0752274153199
"7055","27H640021",2024-09-04,"09-2024",110000,2024,"2","X",2023,2025,314.851,110961.470663901,11.6169383089014
"7056","27H640263",2024-07-10,"07-2024",175000,2024,"2","X",2023,2025,313.566,177253.034448888,12.0853335638466
"7057","27H640472",2024-03-20,"03-2024",239900,2024,"2","X",2023,2025,312.107,244124.481988549,12.405433546266
"7058","27H640872",2024-02-21,"02-2024",64228,2024,"2","5",2023,2025,311.022,65587.017908701,11.0911330576146
"7059","27H641044",2024-04-05,"04-2024",185000,2024,"2","X",2023,2025,313.016,187711.027551307,12.1426589717881
"7060","27H641101",2024-08-05,"08-2024",139200,2024,"2","X",2023,2025,314.131,140738.537743808,11.8546591056968
"7061","27J220433",2024-04-25,"04-2024",95000,2024,"2","X",2023,2025,313.016,96392.1492831037,11.4761800383104
"7062","27J220477",2024-05-03,"05-2024",117500,2024,"2","X",2023,2025,313.14,119174.658299802,11.6883454128552
"7063","27J230388",2024-01-23,"01-2024",245000,2024,"2","4",2023,2025,309.794,251175.732906383,12.4339081042376
"7064","27J240815",2024-05-28,"05-2024",265000,2024,"2","X",2023,2025,313.14,268776.888931468,12.5016369052572
"7065","27J240970",2024-02-06,"02-2024",370000,2024,"2","X",2023,2025,311.022,377828.931715441,12.8421968105655
"7066","27J241212",2024-06-28,"06-2024",321500,2024,"2","X",2023,2025,313.131,326091.522397974,12.6949333644998
"7067","27J310017",2024-01-18,"01-2024",327750,2024,"2","I",2023,2025,309.794,336011.618204355,12.7249010163367
"7068","27J310468",2024-10-02,"10-2024",210000,2024,"2","4",2023,2025,315.564,211356.903829334,12.2613034708474
"7069","27J310501",2024-03-20,"03-2024",204000,2024,"2","X",2023,2025,312.107,207592.306484635,12.2433313702646
"7070","27J311029",2024-07-17,"07-2024",160000,2024,"2","X",2023,2025,313.566,162059.917210412,11.995721405157
"7071","27J311041",2024-05-02,"05-2024",165000,2024,"2","X",2023,2025,313.14,167351.647825254,12.0278525531715
"7072","27J311041",2024-05-02,"05-2024",165000,2024,"2","4",2023,2025,313.14,167351.647825254,12.0278525531715
"7073","27J311195",2024-03-06,"03-2024",165000,2024,"2","X",2023,2025,312.107,167905.542009631,12.031156850321
"7074","27J311216",2024-04-26,"04-2024",165000,2024,"2","X",2023,2025,313.016,167417.943491707,12.0282486206104
"7075","27J311326",2024-10-25,"10-2024",150000,2024,"2","X",2023,2025,315.564,150969.217020953,11.9248312342262
"7076","27J320335",2024-08-15,"08-2024",290000,2024,"2","X",2023,2025,314.131,293205.286966266,12.588628280777
"7077","27J320940",2024-02-15,"02-2024",195000,2024,"2","X",2023,2025,311.022,199126.058606787,12.2016933634909
"7078","27J321105",2024-01-30,"01-2024",190000,2024,"2","X",2023,2025,309.794,194789.343886583,12.1796739658534
"7079","27J321194",2024-02-12,"02-2024",145000,2024,"2","4",2023,2025,311.022,148068.094861457,11.9054275473478
"7080","27J321392",2024-05-20,"05-2024",213000,2024,"2","X",2023,2025,313.14,216035.763556237,12.2831992449804
"7081","27J611714",2024-05-23,"05-2024",125000,2024,"2","X",2023,2025,313.14,126781.551382768,11.7502208165733
"7082","27J611934",2024-09-20,"09-2024",88000,2024,"2","X",2023,2025,314.851,88769.1765311211,11.3937947575872
"7083","27J612386",2024-06-21,"06-2024",88000,2024,"2","X",2023,2025,313.131,89256.777514842,11.3992726353003
"7084","27J612429",2024-06-26,"06-2024",135000,2024,"2","X",2023,2025,313.131,136928.010960269,11.8272105992606
"7085","27J612881",2024-02-02,"02-2024",121000,2024,"2","X",2023,2025,311.022,123560.272263698,11.7244843505239
"7086","27J620712",2024-05-10,"05-2024",165697,2024,"2","X",2023,2025,313.14,168058.581755764,12.0320678985305
"7087","27J620833",2024-05-08,"05-2024",120000,2024,"2","X",2023,2025,313.14,121710.289327457,11.709398822053
"7088","27J630063",2024-07-18,"07-2024",1e+05,2024,"2","X",2023,2025,313.566,101287.448256507,11.5257177759112
"7089","27J630140",2024-04-12,"04-2024",72500,2024,"2","X",2023,2025,313.016,73562.4297160529,11.2058897085704
"7090","27J630162",2024-10-22,"10-2024",1e+05,2024,"2","X",2023,2025,315.564,100646.144680635,11.5193661261181
"7091","27J630579",2024-08-02,"08-2024",176900,2024,"2","X",2023,2025,314.131,178855.225049422,12.0943319589623
"7092","27J630690",2024-09-25,"09-2024",171900,2024,"2","X",2023,2025,314.851,173402.516428406,12.0633708554978
"7093","27J630911",2024-06-17,"06-2024",143000,2024,"2","X",2023,2025,313.131,145042.263461618,11.884780451082
"7094","27J631141",2024-09-19,"09-2024",155000,2024,"2","I",2023,2025,314.851,156354.799571861,11.9598830600283
"7095","27J631514",2024-02-27,"02-2024",245000,2024,"2","X",2023,2025,311.022,250184.022352117,12.4299520154719
"7096","27J631789",2024-05-17,"05-2024",170000,2024,"2","I",2023,2025,313.14,172422.909880565,12.0577055163212
"7097","27K110146",2024-01-23,"01-2024",250000,2024,"2","X",2023,2025,309.794,256301.768271819,12.4541108115551
"7098","27K110223",2024-08-26,"08-2024",325000,2024,"2","X",2023,2025,314.131,328592.131944953,12.7025725401262
"7099","27K110344",2024-05-10,"05-2024",245000,2024,"2","X",2023,2025,313.14,248491.840710225,12.4231652898157
"7100","27K110366",2024-11-12,"11-2024",365000,2024,"2","X",2023,2025,316.449,366331.051765055,12.8112927165774
"7101","27K111048",2024-08-20,"08-2024",264900,2024,"2","X",2023,2025,314.131,267827.863852979,12.4980997540745
"7102","27K111060",2024-07-05,"07-2024",227000,2024,"2","X",2023,2025,313.566,229922.507542272,12.3454976074045
"7103","27K120189",2024-03-12,"03-2024",295000,2024,"2","X",2023,2025,312.107,300194.75692631,12.6121867327602
"7104","27K120916",2024-04-02,"04-2024",299900,2024,"2","X",2023,2025,313.016,304294.795473714,12.6257522324648
"7105","27K121014",2024-08-16,"08-2024",320000,2024,"2","X",2023,2025,314.131,323536.868376569,12.6870683535903
"7106","27K121058",2024-07-24,"07-2024",385000,2024,"2","X",2023,2025,313.566,389956.675787554,12.8737909242109
"7107","27K130672",2024-02-21,"02-2024",335000,2024,"2","X",2023,2025,311.022,342088.35709371,12.7428243367523
"7108","27K130694",2024-05-09,"05-2024",170000,2024,"2","I",2023,2025,313.14,172422.909880565,12.0577055163212
"7109","27K130917",2024-07-09,"07-2024",335000,2024,"2","X",2023,2025,313.566,339312.9516593,12.7346781217482
"7110","27K130935",2024-08-06,"08-2024",301000,2024,"2","X",2023,2025,314.131,304326.86681671,12.6258576225454
"7111","27K131244",2024-09-03,"09-2024",305000,2024,"2","I",2023,2025,314.851,307665.895931726,12.6367697197164
"7112","27K140066",2024-06-14,"06-2024",380000,2024,"2","X",2023,2025,313.131,385426.993814091,12.8621070735426
"7113","27K140101",2024-05-10,"05-2024",219900,2024,"2","X",2023,2025,313.14,223034.105192566,12.3150799768317
"7114","27K140624",2024-09-26,"09-2024",180000,2024,"2","I",2023,2025,314.851,181573.315631839,12.1094147939992
"7115","27K141023",2024-07-16,"07-2024",2e+05,2024,"2","I",2023,2025,313.566,202574.896513015,12.2188649564712
"7116","27K141311",2024-07-23,"07-2024",324000,2024,"2","X",2023,2025,313.566,328171.332351084,12.7012911057155
"7117","27K141421",2024-02-29,"02-2024",395000,2024,"2","X",2023,2025,311.022,403357.913588106,12.9075795698283
"7118","27K210433",2024-02-12,"02-2024",217000,2024,"2","X",2023,2025,311.022,221591.562654732,12.3085911584676
"7119","27K210972",2024-10-11,"10-2024",330000,2024,"2","X",2023,2025,315.564,332132.277446097,12.7132885945905
"7120","27K221257",2024-04-03,"04-2024",253000,2024,"2","4",2023,2025,313.016,256707.51335395,12.4556926354373
"7121","27K221257",2024-04-03,"04-2024",253000,2024,"2","X",2023,2025,313.016,256707.51335395,12.4556926354373
"7122","27K221501",2024-11-12,"11-2024",580000,2024,"2","X",2023,2025,316.449,582115.09595543,13.2744234665354
"7123","27K221532",2024-06-11,"06-2024",590000,2024,"2","X",2023,2025,313.131,598426.121974509,13.3020583577219
"7124","27K230622",2024-03-29,"03-2024",319000,2024,"2","X",2023,2025,312.107,324617.381218621,12.6904024792052
"7125","27K240133",2024-10-15,"10-2024",220000,2024,"2","X",2023,2025,315.564,221421.518297398,12.3078234864823
"7126","27K240412",2024-06-13,"06-2024",205000,2024,"2","I",2023,2025,313.131,207927.720347075,12.2449457999605
"7127","27K240496",2024-09-03,"09-2024",227500,2024,"2","X",2023,2025,314.851,229488.496145796,12.3436081815
"7128","27K310203",2024-10-23,"10-2024",301000,2024,"2","X",2023,2025,315.564,302944.895488712,12.6213062048789
"7129","27K310368",2024-06-24,"06-2024",265000,2024,"2","X",2023,2025,313.131,268784.614107195,12.5016656468084
"7130","27K310490",2024-08-20,"08-2024",290000,2024,"2","X",2023,2025,314.131,293205.286966266,12.588628280777
"7131","27K310511",2024-06-11,"06-2024",2e+05,2024,"2","4",2023,2025,313.131,202856.312533732,12.2202531873702
"7132","27K310599",2024-05-21,"05-2024",238000,2024,"2","X",2023,2025,313.14,241392.07383279,12.3941777529424
"7133","27K310654",2024-07-01,"07-2024",325000,2024,"2","X",2023,2025,313.566,329184.206833649,12.7043727722529
"7134","27K410259",2024-04-04,"04-2024",130000,2024,"2","I",2023,2025,313.016,131905.046387405,11.7898375971654
"7135","27K410402",2024-10-03,"10-2024",287000,2024,"2","X",2023,2025,315.564,288854.435233423,12.5736781558896
"7136","27K410754",2024-07-30,"07-2024",256000,2024,"2","X",2023,2025,313.566,259295.867536659,12.4657250344027
"7137","27K410974",2024-08-02,"08-2024",222600,2024,"2","I",2023,2025,314.131,225060.334064451,12.324123796638
"7138","27K420489",2024-05-17,"05-2024",240000,2024,"2","I",2023,2025,313.14,243420.578654915,12.4025460026129
"7139","27K420904",2024-04-09,"04-2024",245000,2024,"2","X",2023,2025,313.016,248590.27973011,12.4235613572545
"7140","27K421073",2024-10-04,"10-2024",271000,2024,"2","X",2023,2025,315.564,272751.052084522,12.5163147610097
"7141","27K421271",2024-05-30,"05-2024",190000,2024,"2","X",2023,2025,313.14,192707.958101807,12.1689311514314
"7142","27K430323",2024-11-22,"11-2024",250000,2024,"2","X",2023,2025,316.449,250911.679291134,12.4328562808571
"7143","27K430389",2024-01-22,"01-2024",205000,2024,"2","I",2023,2025,309.794,210167.449982892,12.2556598728313
"7144","27K430466",2024-01-30,"01-2024",255000,2024,"2","X",2023,2025,309.794,261427.803637256,12.4739134388513
"7145","27K430477",2024-06-26,"06-2024",281000,2024,"2","X",2023,2025,313.131,285013.119109893,12.5602904901559
"7146","27K430686",2024-07-30,"07-2024",250000,2024,"2","X",2023,2025,313.566,253218.620641269,12.4420085077854
"7147","27K430763",2024-10-31,"10-2024",216000,2024,"2","X",2023,2025,315.564,217395.672510172,12.2894743478141
"7148","27K430932",2024-08-01,"08-2024",390000,2024,"2","X",2023,2025,314.131,394310.558333943,12.8848940969202
"7149","27K440355",2024-10-11,"10-2024",250000,2024,"2","X",2023,2025,315.564,251615.361701588,12.4356568579922
"7150","27K441125",2024-09-12,"09-2024",219500,2024,"2","I",2023,2025,314.851,221418.571006603,12.3078101756242
"7151","27K510304",2024-11-14,"11-2024",163000,2024,"2","I",2023,2025,316.449,163594.414897819,12.0051455638017
"7152","27K510359",2024-10-03,"10-2024",325000,2024,"2","X",2023,2025,315.564,327099.970212065,12.6980211224597
"7153","27K510414",2024-04-03,"04-2024",260000,2024,"2","X",2023,2025,313.016,263810.09277481,12.4829847777253
"7154","27K510436",2024-10-22,"10-2024",244900,2024,"2","X",2023,2025,315.564,246482.408322876,12.4150459040881
"7155","27K510623",2024-10-07,"10-2024",150000,2024,"2","I",2023,2025,315.564,150969.217020953,11.9248312342262
"7156","27K510777",2024-05-13,"05-2024",285000,2024,"2","X",2023,2025,313.14,289061.937152711,12.5743962595396
"7157","27K510953",2024-08-15,"08-2024",1e+05,2024,"2","I",2023,2025,314.131,101105.271367678,11.5239175437846
"7158","27K520336",2024-05-17,"05-2024",291000,2024,"2","X",2023,2025,313.14,295147.451619084,12.5952303464425
"7159","27K520468",2024-03-27,"03-2024",257500,2024,"2","X",2023,2025,312.107,262034.406469576,12.4762310965242
"7160","27K530182",2024-04-09,"04-2024",237000,2024,"2","X",2023,2025,313.016,240473.046106269,12.3903632878449
"7161","27K530236",2024-08-29,"08-2024",277000,2024,"2","X",2023,2025,314.131,280061.601688468,12.5427648639838
"7162","27K530533",2024-04-11,"04-2024",240000,2024,"2","X",2023,2025,313.016,243517.008715209,12.4029420700518
"7163","27K530775",2024-09-06,"09-2024",290000,2024,"2","X",2023,2025,314.851,292534.78629574,12.5863388660895
"7164","27K530896",2024-08-28,"08-2024",282000,2024,"2","X",2023,2025,314.131,285116.865256851,12.5606544287346
"7165","27K530995",2024-01-02,"01-2024",280000,2024,"2","I",2023,2025,309.794,287057.980464438,12.5674394968621
"7166","27K540291",2024-06-24,"06-2024",237000,2024,"2","X",2023,2025,313.131,240384.730352472,12.3899959619573
"7167","27K540488",2024-06-14,"06-2024",320000,2024,"2","X",2023,2025,313.131,324570.100053971,12.6902568166159
"7168","27K610349",2024-05-21,"05-2024",255000,2024,"2","X",2023,2025,313.14,258634.364820847,12.4631706244294
"7169","27K620436",2024-07-18,"07-2024",472000,2024,"2","X",2023,2025,313.566,478076.755770715,13.0775265755087
"7170","27K630578",2024-10-29,"10-2024",512000,2024,"2","X",2023,2025,315.564,515308.260764853,13.1525205651695
"7171","27K641336",2024-03-11,"03-2024",238000,2024,"2","X",2023,2025,312.107,242191.024232074,12.3974820500918
"7172","27L110200",2024-02-08,"02-2024",835000,2024,"2","X",2023,2025,311.022,852667.99454701,13.656125529778
"7173","27L110244",2024-03-19,"03-2024",705000,2024,"2","X",2023,2025,312.107,717414.588586606,13.4834091792326
"7174","27L110277",2024-05-10,"05-2024",305000,2024,"2","X",2023,2025,313.14,309346.985373954,12.6422188558784
"7175","27L120201",2024-04-10,"04-2024",375000,2024,"2","X",2023,2025,313.016,380495.326117515,12.8492291726802
"7176","27L120463",2024-08-30,"08-2024",3e+05,2024,"2","X",2023,2025,314.131,303315.814103033,12.6225298324527
"7177","27L140818",2024-11-25,"11-2024",688076,2024,"2","X",2023,2025,316.449,690585.218559705,13.4452946599437
"7178","27L220233",2024-07-02,"07-2024",455000,2024,"2","X",2023,2025,313.566,460857.889567109,13.0408450088741
"7179","27L220376",2024-03-15,"03-2024",330000,2024,"2","X",2023,2025,312.107,335811.084019263,12.7243040308809
"7180","27L230111",2024-05-08,"05-2024",390000,2024,"2","X",2023,2025,313.14,395558.440314236,12.8880538183946
"7181","27L240275",2024-08-30,"08-2024",383755,2024,"2","4",2023,2025,314.131,387996.534137032,12.868751685929
"7182","27L240431",2024-11-04,"11-2024",4e+05,2024,"2","X",2023,2025,316.449,401458.686865814,12.9028599101029
"7183","27L240572",2024-09-04,"09-2024",180000,2024,"1","X",2023,2025,314.851,181573.315631839,12.1094147939992
"7184","27L330013",2024-01-02,"01-2024",358000,2024,"2","X",2023,2025,309.794,367024.132165245,12.8131828800936
"7185","27L330343",2024-10-25,"10-2024",337500,2024,"2","5",2023,2025,315.564,339680.738297144,12.7357614504426
"7186","27L330376",2024-08-28,"08-2024",250000,2024,"2","4",2023,2025,314.131,252763.178419195,12.4402082756588
"7187","27L330541",2024-07-30,"07-2024",325000,2024,"2","X",2023,2025,313.566,329184.206833649,12.7043727722529
"7188","27L330563",2024-03-26,"03-2024",275000,2024,"2","X",2023,2025,312.107,279842.570016052,12.5419824740869
"7189","27L330613",2024-07-12,"07-2024",4e+05,2024,"2","X",2023,2025,313.566,405149.79302603,12.9120121370311
"7190","27L340100",2024-04-16,"04-2024",225000,2024,"2","X",2023,2025,313.016,228297.195670509,12.3384035489142
"7191","27L340605",2024-07-02,"07-2024",291500,2024,"2","X",2023,2025,313.566,295252.911667719,12.5955875957137
"7192","27L340733",2024-10-21,"10-2024",379900,2024,"2","X",2023,2025,315.564,382354.703641734,12.8541040003236
"7193","27L410434",2024-05-30,"05-2024",463000,2024,"2","X",2023,2025,313.14,469598.866321773,13.0596341333572
"7194","27L410973",2024-05-22,"05-2024",1025000,2024,"2","X",2023,2025,313.14,1039608.7213387,13.8543549708435
"7195","27L430047",2024-05-14,"05-2024",527000,2024,"2","X",2023,2025,313.14,534511.02062975,13.1891076278123
"7196","27L430146",2024-02-12,"02-2024",465000,2024,"2","X",2023,2025,311.022,474839.062831568,13.0707312105145
"7197","27L430157",2024-08-22,"08-2024",1008000,2024,"2","X",2023,2025,314.131,1019141.13538619,13.8344708064278
"7198","27L510204",2024-08-13,"08-2024",393500,2024,"2","X",2023,2025,314.131,397849.242831812,12.893828425654
"7199","27L540410",2024-04-02,"04-2024",290000,2024,"2","X",2023,2025,313.016,294249.718864211,12.5921840696903
"7200","27L610063",2024-07-31,"07-2024",370000,2024,"2","X",2023,2025,313.566,374763.558549077,12.8340505955614
"7201","27L610106",2024-11-07,"11-2024",375000,2024,"2","X",2023,2025,316.449,376367.518936701,12.8383213889653
"7202","27L610634",2024-04-19,"04-2024",270000,2024,"2","X",2023,2025,313.016,273956.634804611,12.5207251057082
"7203","27L610733",2024-04-03,"04-2024",142700,2024,"2","I",2023,2025,313.016,144791.154765252,11.8830476711926
"7204","27L610832",2024-04-16,"04-2024",279000,2024,"2","X",2023,2025,313.016,283088.522631431,12.5535149285312
"7205","27L620172",2024-08-13,"08-2024",140000,2024,"2","I",2023,2025,314.131,141547.379914749,11.8603897804058
"7206","27L620479",2024-01-18,"01-2024",280000,2024,"2","X",2023,2025,309.794,287057.980464438,12.5674394968621
"7207","27L620864",2024-01-30,"01-2024",328000,2024,"2","X",2023,2025,309.794,336267.919972627,12.725663502077
"7208","27L630094",2024-03-19,"03-2024",485104,2024,"2","X",2023,2025,312.107,493646.363945698,13.1095746773601
"7209","27L630203",2024-07-09,"07-2024",2e+05,2024,"2","X",2023,2025,313.566,202574.896513015,12.2188649564712
"7210","27L630214",2024-10-21,"10-2024",310000,2024,"2","X",2023,2025,315.564,312003.048509969,12.6507682376092
"7211","27L630940",2024-02-05,"02-2024",220000,2024,"2","X",2023,2025,311.022,224655.040479452,12.3223213512795
"7212","27L631084",2024-09-12,"09-2024",318000,2024,"2","X",2023,2025,314.851,320779.524282915,12.6785093258892
"7213","27L640932",2024-01-02,"01-2024",285000,2024,"2","X",2023,2025,309.794,292184.015829874,12.5851390739615
"7214","27L640941",2024-07-29,"07-2024",180000,2024,"2","I",2023,2025,313.566,182317.406861713,12.1135044408133
"7215","27L640994",2024-04-26,"04-2024",145000,2024,"2","4",2023,2025,313.016,147124.859432106,11.8990368891304
"7216","27L641160",2024-04-23,"04-2024",290000,2024,"2","X",2023,2025,313.016,294249.718864211,12.5921840696903
"7217","27M110111",2024-06-06,"06-2024",863400,2024,"2","X",2023,2025,313.131,875730.701208121,13.6828139039435
"7218","27M120165",2024-11-06,"11-2024",1150000,2024,"2","X",2023,2025,316.449,1154193.72473922,13.9589125843522
"7219","27M120220",2024-09-03,"09-2024",977000,2024,"2","X",2023,2025,314.851,985539.607623924,13.8009445951518
"7220","27M120440",2024-02-08,"02-2024",789000,2024,"2","X",2023,2025,311.022,805694.667901306,13.5994601257731
"7221","27M140086",2024-08-26,"08-2024",1377100,2024,"2","X",2023,2025,314.131,1392320.69200429,14.1464824755296
"7222","27M220188",2024-02-23,"02-2024",1030000,2024,"2","X",2023,2025,311.022,1051794.0531538,13.8660078861509
"7223","27M310025",2024-08-19,"08-2024",315833,2024,"2","4",2023,2025,314.131,319323.811718678,12.6739609506755
"7224","27M320167",2024-09-25,"09-2024",242000,2024,"2","I",2023,2025,314.851,244115.235460583,12.4053956692657
"7225","27M320301",2024-03-13,"03-2024",325000,2024,"2","X",2023,2025,312.107,330723.037291698,12.7090365587501
"7226","27M340561",2024-04-30,"04-2024",95000,2024,"2","I",2023,2025,313.016,96392.1492831037,11.4761800383104
"7227","27M340594",2024-01-19,"01-2024",108000,2024,"2","X",2023,2025,309.794,110722.363893426,11.6147811208171
"7228","27M630312",2024-09-12,"09-2024",880000,2024,"2","X",2023,2025,314.851,887691.765311211,13.6963798505813
"7229","27M640047",2024-07-26,"07-2024",575000,2024,"2","P",2023,2025,313.566,582402.827474918,13.2749176307205
"7230","27N320221",2024-06-20,"06-2024",1300000,2024,"2","X",2023,2025,313.131,1318566.03146926,14.0920553642718
"7231","27N340203",2024-08-13,"08-2024",760000,2024,"2","X",2023,2025,314.131,768400.062394351,13.5520657910769
"7232","27N340322",2024-07-09,"07-2024",1673000,2024,"2","X",2023,2025,313.566,1694539.00933137,14.3429212909099
"7233","27N510125",2024-10-15,"10-2024",1525000,2024,"2","X",2023,2025,315.564,1534853.70637969,14.2439456291715
"7234","27N540265",2024-09-05,"09-2024",838000,2024,"2","X",2023,2025,314.851,845324.658330448,13.6474760435911
"7235","27O110098",2024-01-23,"01-2024",420000,2024,"2","X",2023,2025,309.794,430586.970696657,12.9729046049703
"7236","27O120097",2024-04-26,"04-2024",350000,2024,"2","X",2023,2025,313.016,355128.971043014,12.7802363011933
"7237","27O130041",2024-10-07,"10-2024",438000,2024,"2","X",2023,2025,315.564,440830.113701183,12.9964148505064
"7238","27O220111",2024-06-26,"06-2024",531000,2024,"2","X",2023,2025,313.131,538583.509777058,13.1966978420641
"7239","27O240636",2024-03-18,"03-2024",430000,2024,"2","X",2023,2025,312.107,437572.018570554,12.988996585108
"7240","27O330616",2024-02-21,"02-2024",279000,2024,"2","X",2023,2025,311.022,284903.437698941,12.5599055867486
"7241","27O330973",2024-10-29,"10-2024",308000,2024,"2","X",2023,2025,315.564,309990.125616357,12.6442957231036
"7242","27O530201",2024-03-27,"03-2024",4900000,2024,"2","X",2023,2025,312.107,4986285.79301329,15.4222018605191
"7243","27O610202",2024-06-20,"06-2024",192000,2024,"2","X",2023,2025,313.131,194742.060032383,12.1794311928499
"7244","27O620092",2024-06-28,"06-2024",248000,2024,"2","X",2023,2025,313.131,251541.827541828,12.4353645669871
"7245","27O620784",2024-02-22,"02-2024",1950000,2024,"2","P",2023,2025,311.022,1991260.58606787,14.504278456485
"7246","27O620814",2024-03-01,"03-2024",1100000,2024,"2","X",2023,2025,312.107,1119370.28006421,13.9282768352068
"7247","27O640166",2024-01-04,"01-2024",1100000,2024,"2","P",2023,2025,309.794,1127727.78039601,13.9357153524793
"7248","27P110570",2024-10-09,"10-2024",345000,2024,"2","X",2023,2025,315.564,347229.199148192,12.7577403571613
"7249","27P110754",2024-08-29,"08-2024",360000,2024,"2","X",2023,2025,314.131,363978.97692364,12.8048513892467
"7250","27P110772",2024-10-08,"10-2024",399000,2024,"2","X",2023,2025,315.564,401578.117275735,12.9031573570198
"7251","27P120184",2024-03-05,"03-2024",312000,2024,"2","X",2023,2025,312.107,317494.11580003,12.6682145642299
"7252","27P120562",2024-07-10,"07-2024",182500,2024,"2","4",2023,2025,313.566,184849.593068126,12.1272977629457
"7253","27P130095",2024-02-05,"02-2024",595000,2024,"2","X",2023,2025,311.022,607589.768569426,13.3172552104728
"7254","27P140050",2024-04-03,"04-2024",221000,2024,"2","X",2023,2025,313.016,224238.578858589,12.3204658482276
"7255","27P140252",2024-01-24,"01-2024",285000,2024,"2","X",2023,2025,309.794,292184.015829874,12.5851390739615
"7256","27P140335",2024-08-27,"08-2024",372000,2024,"2","X",2023,2025,314.131,376111.609487762,12.8376412120697
"7257","27P140894",2024-03-08,"03-2024",365000,2024,"2","X",2023,2025,312.107,371427.411112215,12.8251087300029
"7258","27P140931",2024-09-04,"09-2024",270800,2024,"2","X",2023,2025,314.851,273166.965961677,12.5178384841471
"7259","27P210142",2024-05-03,"05-2024",301000,2024,"2","X",2023,2025,313.14,305289.975729706,12.6290173440198
"7260","27P210322",2024-07-29,"07-2024",275000,2024,"2","X",2023,2025,313.566,278540.482705395,12.5373186875897
"7261","27P210744",2024-02-16,"02-2024",315000,2024,"2","X",2023,2025,311.022,321665.171595578,12.6812664437528
"7262","27P210791",2024-11-04,"11-2024",325000,2024,"2","X",2023,2025,316.449,326185.183078474,12.6952205453246
"7263","27P210964",2024-04-26,"04-2024",293000,2024,"2","X",2023,2025,313.016,297293.681473152,12.6024757557269
"7264","27P230553",2024-04-15,"04-2024",270000,2024,"2","X",2023,2025,313.016,273956.634804611,12.5207251057082
"7265","27P230645",2024-07-18,"07-2024",332000,2024,"2","X",2023,2025,313.566,336274.328211605,12.7256825588396
"7266","27P231042",2024-11-19,"11-2024",630000,2024,"2","X",2023,2025,316.449,632297.431813657,13.3571151823805
"7267","27P231086",2024-07-12,"07-2024",750000,2024,"2","X",2023,2025,313.566,759655.861923806,13.5406207964535
"7268","27P310303",2024-09-05,"09-2024",370000,2024,"2","X",2023,2025,314.851,373234.037687668,12.8299609487473
"7269","27P310752",2024-10-23,"10-2024",520000,2024,"2","X",2023,2025,315.564,523359.952339304,13.1680247517055
"7270","27P321099",2024-06-06,"06-2024",355000,2024,"2","X",2023,2025,313.131,360069.954747374,12.7940536102976
"7271","27P330031",2024-01-02,"01-2024",315000,2024,"2","X",2023,2025,309.794,322940.228022492,12.6852225325185
"7272","27P410375",2024-02-26,"02-2024",225000,2024,"2","I",2023,2025,311.022,229760.836853985,12.3447942071316
"7273","27P410551",2024-01-29,"01-2024",216400,2024,"2","I",2023,2025,309.794,221854.810616087,12.3097784406652
"7274","27P420541",2024-03-04,"03-2024",174000,2024,"2","X",2023,2025,312.107,177064.026119248,12.0842666756349
"7275","27P420550",2024-08-30,"08-2024",289333,2024,"2","X",2023,2025,314.131,292530.914806243,12.5863256317144
"7276","27P420871",2024-04-18,"04-2024",302000,2024,"2","X",2023,2025,313.016,306425.569299972,12.6327301640847
"7277","27P430263",2024-05-03,"05-2024",253750,2024,"2","X",2023,2025,313.14,257366.549307019,12.458256609627
"7278","27P430524",2024-10-08,"10-2024",255000,2024,"2","X",2023,2025,315.564,256647.66893562,12.4554594852884
"7279","27P440075",2024-06-10,"06-2024",275000,2024,"2","X",2023,2025,313.131,278927.429733881,12.5387069184887
"7280","27P440680",2024-10-25,"10-2024",311000,2024,"2","X",2023,2025,315.564,313009.509956776,12.6539888523092
"7281","27P510266",2024-09-03,"09-2024",749900,2024,"2","X",2023,2025,314.851,756454.607735087,13.5363978074164
"7282","27P510299",2024-05-17,"05-2024",660000,2024,"2","X",2023,2025,313.14,669406.591301015,13.4141469142914
"7283","27P610586",2024-06-11,"06-2024",875000,2024,"2","X",2023,2025,313.131,887496.367335077,13.6961597071798
"7284","27P640312",2024-06-06,"06-2024",505000,2024,"2","X",2023,2025,313.131,512212.189147673,13.1464942500975
"7285","27Q210451",2024-11-04,"11-2024",705000,2024,"2","X",2023,2025,316.449,707570.935600997,13.4695931658072
"7286","27Q210901",2024-10-11,"10-2024",740000,2024,"2","X",2023,2025,315.564,744781.470636701,13.5208461263282
"7287","27Q220838",2024-04-10,"04-2024",499000,2024,"2","X",2023,2025,313.016,506312.44728704,13.1349092424613
"7288","27Q230637",2024-04-19,"04-2024",516500,2024,"2","X",2023,2025,313.016,524068.89583919,13.1693784352695
"7289","27Q240032",2024-07-22,"07-2024",52986,2024,"2","5",2023,2025,313.566,53668.167333193,10.8905753176378
"7290","27Q240380",2024-09-05,"09-2024",467000,2024,"2","X",2023,2025,314.851,471081.880000381,13.0627872007779
"7291","27Q240409",2024-11-08,"11-2024",440000,2024,"2","X",2023,2025,316.449,441604.555552395,12.9981700899072
"7292","27Q310111",2024-11-14,"11-2024",350000,2024,"2","X",2023,2025,316.449,351276.351007587,12.7693285174784
"7293","27Q310252",2024-02-20,"02-2024",310000,2024,"2","X",2023,2025,311.022,316559.375221045,12.6652661024064
"7294","27Q320163",2024-10-22,"10-2024",365000,2024,"2","X",2023,2025,315.564,367358.428084319,12.8140932937125
"7295","27Q320552",2024-10-02,"10-2024",425000,2024,"2","X",2023,2025,315.564,427746.1148927,12.9662851090544
"7296","27Q330250",2024-10-15,"10-2024",437500,2024,"2","X",2023,2025,315.564,440326.882977779,12.9952726459276
"7297","27Q340361",2024-11-04,"11-2024",444000,2024,"2","X",2023,2025,316.449,445619.142421054,13.0072199254271
"7298","27Q340480",2024-04-04,"04-2024",375500,2024,"2","X",2023,2025,313.016,381002.653219005,12.850561617914
"7299","27Q510320",2024-08-09,"08-2024",437500,2024,"2","X",2023,2025,314.131,442335.56223359,12.9998240635942
"7300","27Q520121",2024-06-24,"06-2024",389000,2024,"2","X",2023,2025,313.131,394555.527878109,12.8855151644406
"7301","27Q520404",2024-02-28,"02-2024",410000,2024,"2","X",2023,2025,311.022,418675.302711705,12.9448509646255
"7302","27Q520781",2024-06-14,"06-2024",239000,2024,"2","4",2023,2025,313.131,242413.29347781,12.3983993727537
"7303","27Q640955",2024-09-16,"09-2024",137500,2024,"2","X",2023,2025,314.851,138701.838329877,11.8400818602156
"7304","27Q640991",2024-07-25,"07-2024",155000,2024,"2","X",2023,2025,313.566,156995.544797587,11.9639727068424
"7305","27T120188",2024-09-06,"09-2024",1320000,2024,"2","X",2023,2025,314.851,1331537.64796682,14.1018449586894
"7306","27T540069",2024-07-10,"07-2024",263000,2024,"2","X",2023,2025,313.566,266385.988914614,12.4927016221009
"7307","27V120142",2024-04-19,"04-2024",1750000,2024,"2","X",2023,2025,313.016,1775644.85521507,14.3896742136274
"7308","27V140113",2024-07-25,"07-2024",484500,2024,"2","X",2023,2025,313.566,490737.686802778,13.1036650212539
"7309","27X230151",2024-01-08,"01-2024",160000,2024,"1","X",2023,2025,309.794,164033.131693964,12.0078237089267
"7310","27X510101",2024-09-23,"09-2024",920000,2024,"2","X",2023,2025,314.851,928041.391007175,13.7408316131521
"7311","27Z310064",2024-08-02,"08-2024",155000,2024,"1","X",2023,2025,314.131,156713.170619901,11.9621724747158
"7312","28G410332",2024-01-05,"01-2024",97000,2024,"2","I",2023,2025,309.794,99445.0860894659,11.5073608721963
"7313","28G410332",2024-03-22,"03-2024",176000,2024,"2","X",2023,2025,312.107,179099.244810273,12.0956953714585
"7314","28G430725",2024-06-10,"06-2024",60000,2024,"2","I",2023,2025,313.131,60856.8937601196,11.0162803830442
"7315","28G431199",2024-11-06,"11-2024",245000,2024,"2","X",2023,2025,316.449,245893.445705311,12.4126535735396
"7316","28G431463",2024-03-13,"03-2024",160000,2024,"2","X",2023,2025,312.107,162817.495282067,12.0003851916542
"7317","28G432046",2024-01-03,"01-2024",153000,2024,"2","X",2023,2025,309.794,156856.682182353,11.9630878150853
"7318","28G440263",2024-08-29,"08-2024",80000,2024,"2","I",2023,2025,314.131,80884.2170941423,11.3007739924704
"7319","28G440900",2024-04-04,"04-2024",1e+05,2024,"2","I",2023,2025,313.016,101465.420298004,11.5274733326979
"7320","28G440946",2024-06-21,"06-2024",190000,2024,"2","X",2023,2025,313.131,192713.496907045,12.1689598929826
"7321","28H110152",2024-05-23,"05-2024",256000,2024,"2","X",2023,2025,313.14,259648.617231909,12.4670845237505
"7322","28H110736",2024-07-18,"07-2024",307500,2024,"2","X",2023,2025,313.566,311458.90338876,12.6490226771697
"7323","28H120232",2024-01-19,"01-2024",234000,2024,"2","X",2023,2025,309.794,239898.455102423,12.3879710090506
"7324","28H120241",2024-03-22,"03-2024",285000,2024,"2","X",2023,2025,312.107,290018.663471181,12.577700556689
"7325","28H120294",2024-09-10,"09-2024",257000,2024,"2","X",2023,2025,314.851,259246.345096569,12.4655340280042
"7326","28H120508",2024-07-01,"07-2024",234900,2024,"2","X",2023,2025,313.566,237924.215954536,12.379707481588
"7327","28H120957",2024-05-14,"05-2024",250000,2024,"2","X",2023,2025,313.14,253563.102765536,12.4433679971332
"7328","28H130307",2024-05-24,"05-2024",225000,2024,"2","X",2023,2025,313.14,228206.792488983,12.3380074814754
"7329","28H130381",2024-10-11,"10-2024",270000,2024,"2","X",2023,2025,315.564,271744.590637715,12.5126178991284
"7330","28H130619",2024-04-30,"04-2024",247000,2024,"2","X",2023,2025,313.016,250619.58813607,12.4316914833378
"7331","28H131021",2024-04-30,"04-2024",203000,2024,"2","X",2023,2025,313.016,205974.803204948,12.2355091257516
"7332","28H210607",2024-11-07,"11-2024",251500,2024,"2","4",2023,2025,316.449,252417.149366881,12.4388383525347
"7333","28H220525",2024-06-20,"06-2024",192000,2024,"2","X",2023,2025,313.131,194742.060032383,12.1794311928499
"7334","28H220552",2024-08-27,"08-2024",224900,2024,"2","X",2023,2025,314.131,227385.755305907,12.3344032167618
"7335","28H220570",2024-11-01,"11-2024",215000,2024,"2","X",2023,2025,316.449,215784.044190375,12.2820333911226
"7336","28H220709",2024-06-28,"06-2024",200700,2024,"2","I",2023,2025,313.131,203566.3096276,12.2237470766244
"7337","28H220855",2024-01-23,"01-2024",95799,2024,"2","I",2023,2025,309.794,98213.8123946881,11.4949021402019
"7338","28H221001",2024-08-26,"08-2024",146500,2024,"2","X",2023,2025,314.131,148119.222553648,11.9057727862536
"7339","28H230416",2024-05-14,"05-2024",275000,2024,"2","X",2023,2025,313.14,278919.41304209,12.5386781769375
"7340","28H230591",2024-03-05,"03-2024",202000,2024,"2","X",2023,2025,312.107,205557.087793609,12.2334790738216
"7341","28H231042",2024-08-07,"08-2024",310000,2024,"2","X",2023,2025,314.131,313426.341239801,12.6553196552757
"7342","28H240073",2024-02-12,"02-2024",222000,2024,"2","X",2023,2025,311.022,226697.359029265,12.3313711867995
"7343","28H241294",2024-06-18,"06-2024",107500,2024,"2","I",2023,2025,313.131,109035.267986881,11.5994266683899
"7344","28H241294",2024-11-06,"11-2024",198000,2024,"2","X",2023,2025,316.449,198722.049998578,12.1996623936894
"7345","28H241755",2024-04-22,"04-2024",178100,2024,"2","I",2023,2025,313.016,180709.913550745,12.1046483370054
"7346","28H310363",2024-03-01,"03-2024",120000,2024,"2","4",2023,2025,312.107,122113.12146155,11.7127031192024
"7347","28H310363",2024-10-09,"10-2024",229900,2024,"2","X",2023,2025,315.564,231385.486620781,12.3518403718991
"7348","28H310413",2024-02-22,"02-2024",88100,2024,"2","5",2023,2025,311.022,89964.1321192713,11.4071663378693
"7349","28H310660",2024-10-15,"10-2024",170000,2024,"2","X",2023,2025,315.564,171098.44595708,12.0499943771802
"7350","28H310734",2024-01-18,"01-2024",45500,2024,"2","I",2023,2025,309.794,46646.9218254711,10.7503622196498
"7351","28H311452",2024-09-19,"09-2024",215000,2024,"2","X",2023,2025,314.851,216879.238115807,12.2870959712367
"7352","28H311852",2024-05-13,"05-2024",189900,2024,"2","Z",2023,2025,313.14,192606.532860701,12.1684046970892
"7353","28H320197",2024-05-14,"05-2024",175000,2024,"2","X",2023,2025,313.14,177494.171935875,12.0866930531945
"7354","28H330341",2024-09-27,"09-2024",90000,2024,"2","I",2023,2025,314.851,90786.6578159193,11.4162676134393
"7355","28H330415",2024-09-10,"09-2024",199900,2024,"2","X",2023,2025,314.851,201647.254415581,12.2142751846154
"7356","28H331854",2024-08-26,"08-2024",84000,2024,"2","X",2023,2025,314.131,84928.4279488494,11.3495641566398
"7357","28H340030",2024-01-31,"01-2024",175000,2024,"2","X",2023,2025,309.794,179411.237790274,12.0974358676164
"7358","28H340425",2024-07-02,"07-2024",216000,2024,"2","X",2023,2025,313.566,218780.888234056,12.2958259976073
"7359","28H340618",2024-08-09,"08-2024",206200,2024,"2","I",2023,2025,314.131,208479.069560152,12.2475939293794
"7360","28H423201",2024-02-20,"02-2024",113000,2024,"2","X",2023,2025,311.022,115390.998064446,11.6560816236395
"7361","28H423652",2024-09-23,"09-2024",210000,2024,"2","X",2023,2025,314.851,211835.534903812,12.2635654738265
"7362","28H424048",2024-03-12,"03-2024",145000,2024,"2","X",2023,2025,312.107,147553.355099373,11.9019451188409
"7363","28H424059",2024-10-21,"10-2024",87500,2024,"2","X",2023,2025,315.564,88065.3765955559,11.3858347334935
"7364","28H424093",2024-06-21,"06-2024",150000,2024,"2","X",2023,2025,313.131,152142.234400299,11.9325711149184
"7365","28H424136",2024-06-14,"06-2024",147000,2024,"2","X",2023,2025,313.131,149099.389712293,11.9123684076009
"7366","28H424147",2024-10-09,"10-2024",85000,2024,"2","X",2023,2025,315.564,85549.22297854,11.3568471966203
"7367","28H430164",2024-08-02,"08-2024",199500,2024,"2","X",2023,2025,314.131,201705.016378517,12.2145615941264
"7368","28H440097",2024-09-17,"09-2024",235000,2024,"2","X",2023,2025,314.851,237054.050963789,12.3760434572532
"7369","28H440103",2024-11-04,"11-2024",305000,2024,"2","X",2023,2025,316.449,306112.248735183,12.6317071396023
"7370","28H440251",2024-01-09,"01-2024",220000,2024,"2","P",2023,2025,309.794,225545.556079201,12.3262774400452
"7371","28H440864",2024-10-02,"10-2024",165000,2024,"2","X",2023,2025,315.564,166066.138723048,12.0201414140306
"7372","28H440956",2024-10-09,"10-2024",169000,2024,"2","X",2023,2025,315.564,170091.984510274,12.0440946550531
"7373","28H510091",2024-03-06,"03-2024",218000,2024,"2","X",2023,2025,312.107,221838.837321816,12.3097064392095
"7374","28H510301",2024-10-18,"10-2024",268800,2024,"2","X",2023,2025,315.564,270536.836901548,12.508163548779
"7375","28H510431",2024-07-01,"07-2024",272000,2024,"2","X",2023,2025,313.566,275501.8592577,12.5263496562191
"7376","28H510860",2024-09-18,"09-2024",289900,2024,"2","X",2023,2025,314.851,292433.9122315,12.5859939790366
"7377","28H511102",2024-09-23,"09-2024",269000,2024,"2","X",2023,2025,314.851,271351.232805359,12.5111693227109
"7378","28H520210",2024-01-19,"01-2024",289900,2024,"2","X",2023,2025,309.794,297207.530488002,12.6021859296205
"7379","28H530413",2024-03-26,"03-2024",230000,2024,"2","X",2023,2025,312.107,234050.149467971,12.3632906853436
"7380","28H610355",2024-02-23,"02-2024",305000,2024,"2","X",2023,2025,311.022,311453.578846512,12.6490055815346
"7381","28H610498",2024-09-24,"09-2024",300994,2024,"2","X",2023,2025,314.851,303624.880918276,12.6235482741044
"7382","28H610652",2024-03-07,"03-2024",175000,2024,"2","X",2023,2025,312.107,178081.63546476,12.0899973503439
"7383","28H620046",2024-01-02,"01-2024",199900,2024,"2","X",2023,2025,309.794,204938.893910147,12.2304671351992
"7384","28H620365",2024-06-10,"06-2024",231000,2024,"2","X",2023,2025,313.131,234299.04097646,12.3643535313439
"7385","28H620530",2024-09-23,"09-2024",185000,2024,"2","X",2023,2025,314.851,186617.018843834,12.1368137681873
"7386","28H620806",2024-08-01,"08-2024",385000,2024,"2","X",2023,2025,314.131,389255.29476556,12.8719906920843
"7387","28H620961",2024-07-15,"07-2024",213000,2024,"2","X",2023,2025,313.566,215742.264786361,12.2818397556326
"7388","28H620970",2024-10-11,"10-2024",215000,2024,"2","X",2023,2025,315.564,216389.211063366,12.2848339682576
"7389","28H621399",2024-04-02,"04-2024",160000,2024,"2","X",2023,2025,313.016,162344.672476806,11.9974769619436
"7390","28H621674",2024-07-10,"07-2024",1e+05,2024,"2","I",2023,2025,313.566,101287.448256507,11.5257177759112
"7391","28H621751",2024-09-06,"09-2024",135000,2024,"2","X",2023,2025,314.851,136179.986723879,11.8217327215474
"7392","28H621805",2024-05-16,"05-2024",236000,2024,"2","X",2023,2025,313.14,239363.569010666,12.3857388842966
"7393","28H630089",2024-01-04,"01-2024",167500,2024,"2","X",2023,2025,309.794,171722.184742119,12.053633244958
"7394","28H630201",2024-10-09,"10-2024",255000,2024,"2","X",2023,2025,315.564,256647.66893562,12.4554594852884
"7395","28H630513",2024-09-24,"09-2024",285000,2024,"2","5",2023,2025,314.851,287491.083083744,12.5689471233777
"7396","28H630531",2024-07-08,"07-2024",477501,2024,"2","X",2023,2025,313.566,483648.578299305,13.0891138440826
"7397","28H630595",2024-01-31,"01-2024",367000,2024,"2","X",2023,2025,309.794,376250.995823031,12.8380117417474
"7398","28H630782",2024-06-17,"06-2024",265000,2024,"2","X",2023,2025,313.131,268784.614107195,12.5016656468084
"7399","28H631002",2024-05-31,"05-2024",356000,2024,"2","X",2023,2025,313.14,361073.858338124,12.796837810123
"7400","28H640297",2024-05-23,"05-2024",160000,2024,"2","X",2023,2025,313.14,162280.385769943,11.9970808945048
"7401","28H640817",2024-01-02,"01-2024",177000,2024,"2","X",2023,2025,309.794,181461.651936448,12.1087996262667
"7402","28H640835",2024-09-16,"09-2024",135000,2024,"2","X",2023,2025,314.851,136179.986723879,11.8217327215474
"7403","28H640871",2024-05-03,"05-2024",169900,2024,"2","X",2023,2025,313.14,172321.484639458,12.0571171079488
"7404","28H641412",2024-02-23,"02-2024",177000,2024,"2","X",2023,2025,311.022,180745.191658468,12.104843537501
"7405","28H641421",2024-07-18,"07-2024",175000,2024,"2","I",2023,2025,313.566,177253.034448888,12.0853335638466
"7406","28H641531",2024-01-31,"01-2024",70000,2024,"2","I",2023,2025,309.794,71764.4951161094,11.1811451357422
"7407","28H641531",2024-07-31,"07-2024",143000,2024,"2","X",2023,2025,313.566,144841.051006806,11.883392220183
"7408","28H641540",2024-08-30,"08-2024",67000,2024,"2","I",2023,2025,314.131,67740.5318163441,11.1234399771875
"7409","28H641881",2024-09-20,"09-2024",162000,2024,"2","X",2023,2025,314.851,163415.984068655,12.0040542783414
"7410","28Q310927",2024-10-07,"10-2024",475000,2024,"2","X",2023,2025,315.564,478069.187233018,13.0775107441646
"7411","28Q311001",2024-08-01,"08-2024",531000,2024,"2","X",2023,2025,314.131,536868.990962369,13.1935093790385
"7412","28Q320753",2024-09-17,"09-2024",485000,2024,"2","X",2023,2025,314.851,489239.211563565,13.1006068340465
"7413","28Q321022",2024-01-05,"01-2024",650000,2024,"2","X",2023,2025,309.794,666384.59750673,13.4096222565826
"7414","28Q330341",2024-10-11,"10-2024",550000,2024,"2","X",2023,2025,315.564,553553.795743494,13.2241142183565
"7415","28Q330992",2024-06-24,"06-2024",780000,2024,"2","X",2023,2025,313.131,791139.618881555,13.5812297405058
"7416","28Q340283",2024-05-03,"05-2024",402000,2024,"2","X",2023,2025,313.14,407729.469246982,12.91835916789
"7417","28Q530011",2024-03-04,"03-2024",479000,2024,"2","X",2023,2025,312.107,487434.876500687,13.0969119738313
"7418","28Q540362",2024-10-09,"10-2024",632000,2024,"2","X",2023,2025,315.564,636083.634381615,13.3630853342768
"7419","28Q610146",2024-03-01,"03-2024",350000,2024,"2","X",2023,2025,312.107,356163.270929521,12.7831445309038
"7420","28Q630298",2024-07-02,"07-2024",440000,2024,"2","X",2023,2025,313.566,445664.772328633,13.0073223168354
"7421","28T110070",2024-09-10,"09-2024",790000,2024,"2","X",2023,2025,314.851,796905.107495291,13.5884908885701
"7422","28T110070",2024-09-10,"09-2024",790000,2024,"2","4",2023,2025,314.851,796905.107495291,13.5884908885701
"7423","28U110178",2024-03-13,"03-2024",299000,2024,"2","X",2023,2025,312.107,304265.194308362,12.6256549498111
"7424","28U540278",2024-03-27,"03-2024",235000,2024,"1","X",2023,2025,312.107,239138.196195535,12.3847968905645
"7425","28U540300",2024-11-06,"11-2024",573600,2024,"2","X",2023,2025,316.449,575691.756965577,13.2633276522803
"7426","28V110353",2024-10-24,"10-2024",340000,2024,"2","X",2023,2025,315.564,342196.89191416,12.7431415577402
"7427","28V110562",2024-04-02,"04-2024",382500,2024,"2","I",2023,2025,313.016,388105.232639865,12.8690317999764
"7428","28V110584",2024-08-21,"08-2024",345000,2024,"2","X",2023,2025,314.131,348813.186218488,12.7622917748279
"7429","28V110861",2024-07-08,"07-2024",369000,2024,"2","X",2023,2025,313.566,373750.684066512,12.8313442339637
"7430","28V110971",2024-06-06,"06-2024",379900,2024,"2","4",2023,2025,313.131,385325.565657824,12.8618438810157
"7431","28V130432",2024-10-08,"10-2024",464000,2024,"2","X",2023,2025,315.564,466998.111318148,13.0540804923562
"7432","28V130533",2024-08-14,"08-2024",339000,2024,"2","X",2023,2025,314.131,342746.869936428,12.744747465177
"7433","28V130616",2024-06-05,"06-2024",475000,2024,"2","I",2023,2025,313.131,481783.742267613,13.0852506248568
"7434","28V140819",2024-03-13,"03-2024",465000,2024,"2","X",2023,2025,312.107,473188.345663506,13.0672487820077
"7435","28V240212",2024-01-24,"01-2024",410000,2024,"2","X",2023,2025,309.794,420334.899965784,12.9488070533912
"7436","28V330320",2024-02-27,"02-2024",410000,2024,"2","X",2023,2025,311.022,418675.302711705,12.9448509646255
"7437","28V430079",2024-10-03,"10-2024",370000,2024,"2","X",2023,2025,315.564,372390.735318351,12.8276989457682
"7438","28V520158",2024-04-15,"04-2024",460000,2024,"2","X",2023,2025,313.016,466740.933370818,13.053529636193
"7439","28V610226",2024-06-05,"06-2024",554000,2024,"2","X",2023,2025,313.131,561911.985718437,13.2391005075694
"7440","28V610381",2024-10-24,"10-2024",435500,2024,"2","X",2023,2025,315.564,438313.960084167,12.9906907364225
"7441","28V610644",2024-07-12,"07-2024",453000,2024,"2","X",2023,2025,313.566,458832.140601979,13.0364397154062
"7442","28V630257",2024-09-23,"09-2024",418000,2024,"2","X",2023,2025,314.851,421653.588522825,12.9519393756338
"7443","28W120483",2024-03-05,"03-2024",470000,2024,"2","X",2023,2025,312.107,478276.392391071,13.0779440711245
"7444","28W120494",2024-07-30,"07-2024",410000,2024,"2","X",2023,2025,313.566,415278.53785168,12.9367047496215
"7445","28W140173",2024-06-13,"06-2024",520000,2024,"2","X",2023,2025,313.131,527426.412587703,13.1757646323976
"7446","28W140416",2024-06-06,"06-2024",446000,2024,"2","X",2023,2025,313.131,452369.576950222,13.0222547728422
"7447","28W210221",2024-08-20,"08-2024",485000,2024,"2","X",2023,2025,314.131,490360.566133237,13.102896248734
"7448","28W210287",2024-11-19,"11-2024",390000,2024,"2","X",2023,2025,316.449,391422.219694169,12.8775421021186
"7449","28W220077",2024-07-03,"07-2024",479000,2024,"2","X",2023,2025,313.566,485166.877148671,13.092248187334
"7450","28W220110",2024-08-07,"08-2024",555000,2024,"2","X",2023,2025,314.131,561134.256090612,13.2377154715429
"7451","28W220770",2024-04-05,"04-2024",465000,2024,"2","X",2023,2025,313.016,471814.204385718,13.0643405522972
"7452","28W230142",2024-06-11,"06-2024",585000,2024,"2","X",2023,2025,313.131,593354.714161166,13.293547668054
"7453","28W240323",2024-07-22,"07-2024",478000,2024,"2","X",2023,2025,313.566,484154.002666105,13.0901583224146
"7454","28W240406",2024-07-26,"07-2024",642500,2024,"2","X",2023,2025,313.566,650771.85504806,13.3859144066925
"7455","28W240424",2024-10-30,"10-2024",545000,2024,"2","X",2023,2025,315.564,548521.488509462,13.2149817347932
"7456","28W240507",2024-02-27,"02-2024",550000,2024,"2","X",2023,2025,311.022,561637.601198629,13.2386120831537
"7457","28W310189",2024-03-18,"03-2024",525000,2024,"2","X",2023,2025,312.107,534244.906394281,13.188609639012
"7458","28W310277",2024-04-01,"04-2024",354000,2024,"2","X",2023,2025,313.016,359187.587854934,12.7916000598436
"7459","28W320331",2024-08-08,"08-2024",341000,2024,"2","X",2023,2025,314.131,344768.975363781,12.75062983508
"7460","28W320562",2024-07-17,"07-2024",350000,2024,"2","X",2023,2025,313.566,354506.068897776,12.7784807444066
"7461","28W340175",2024-07-05,"07-2024",415000,2024,"2","X",2023,2025,313.566,420342.910264506,12.9488261101538
"7462","28W340681",2024-03-29,"03-2024",360000,2024,"2","X",2023,2025,312.107,366339.36438465,12.8113154078705
"7463","28X520046",2024-05-06,"05-2024",935000,2024,"2","X",2023,2025,313.14,948326.004343105,13.7624536085596
"7464","28Y110064",2024-03-12,"03-2024",115000,2024,"1","X",2023,2025,312.107,117025.074733985,11.6701435047836
"7465","28Y140115",2024-10-03,"10-2024",980000,2024,"2","X",2023,2025,315.564,986332.217870226,13.8017485117946
"7466","28Y220053",2024-06-20,"06-2024",255000,2024,"2","X",2023,2025,313.131,258641.798480508,12.4631993659806
"7467","28Y410056",2024-08-05,"08-2024",530000,2024,"2","X",2023,2025,314.131,535857.938248692,13.1916243643427
"7468","29H110102",2024-03-05,"03-2024",221000,2024,"2","X",2023,2025,312.107,224891.665358355,12.3233740779381
"7469","29H110263",2024-07-01,"07-2024",248000,2024,"2","X",2023,2025,313.566,251192.871676138,12.4339763360881
"7470","29H110432",2024-05-08,"05-2024",175000,2024,"2","4",2023,2025,313.14,177494.171935875,12.0866930531945
"7471","29H110432",2024-10-24,"10-2024",325000,2024,"2","X",2023,2025,315.564,327099.970212065,12.6980211224597
"7472","29H110634",2024-08-09,"08-2024",289900,2024,"2","X",2023,2025,314.131,293104.181694898,12.5882833937241
"7473","29H111352",2024-11-07,"11-2024",399999,2024,"2","X",2023,2025,316.449,401457.683219097,12.9028574100998
"7474","29H120053",2024-02-12,"02-2024",210000,2024,"2","X",2023,2025,311.022,214443.447730386,12.2758013356447
"7475","29H120231",2024-05-24,"05-2024",299900,2024,"2","X",2023,2025,313.14,304174.298077537,12.6253561650259
"7476","29H120727",2024-07-15,"07-2024",297500,2024,"2","X",2023,2025,313.566,301330.15856311,12.6159618149088
"7477","29H130324",2024-10-11,"10-2024",235000,2024,"2","X",2023,2025,315.564,236518.439999493,12.3737814542741
"7478","29H130461",2024-07-24,"07-2024",246000,2024,"2","X",2023,2025,313.566,249167.122711008,12.4258791258555
"7479","29H140062",2024-05-07,"05-2024",3e+05,2024,"2","X",2023,2025,313.14,304275.723318643,12.6256895539272
"7480","29H140701",2024-09-19,"09-2024",309000,2024,"2","X",2023,2025,314.851,311700.858501323,12.6497992200068
"7481","29H330065",2024-03-13,"03-2024",176700,2024,"2","X",2023,2025,312.107,179811.571352132,12.099664755746
"7482","29H410952",2024-02-28,"02-2024",234000,2024,"2","X",2023,2025,311.022,238951.270328144,12.3840149202849
"7483","29H411245",2024-11-13,"11-2024",262000,2024,"2","X",2023,2025,316.449,262955.439897108,12.479739866756
"7484","29H420265",2024-04-16,"04-2024",262000,2024,"2","X",2023,2025,313.016,265839.40118077,12.4906476504709
"7485","29H420331",2024-10-02,"10-2024",271800,2024,"2","I",2023,2025,315.564,273556.221241967,12.519262441847
"7486","29H420412",2024-07-03,"07-2024",190000,2024,"2","I",2023,2025,313.566,192446.151687364,12.1675716620836
"7487","29H420485",2024-10-01,"10-2024",255500,2024,"2","X",2023,2025,315.564,257150.899659023,12.4574183497737
"7488","29H420715",2024-03-14,"03-2024",2e+05,2024,"2","X",2023,2025,312.107,203521.869102583,12.2235287429684
"7489","29H420742",2024-10-03,"10-2024",140000,2024,"2","I",2023,2025,315.564,140904.602552889,11.8558383627393
"7490","29H420870",2024-05-24,"05-2024",193000,2024,"2","X",2023,2025,313.14,195750.715334994,12.1845972681758
"7491","29H430231",2024-09-18,"09-2024",402000,2024,"2","X",2023,2025,314.851,405513.738244439,12.912910031728
"7492","29H430385",2024-05-20,"05-2024",170500,2024,"2","5",2023,2025,313.14,172930.036086096,12.0606423759945
"7493","29H430440",2024-07-31,"07-2024",240000,2024,"2","X",2023,2025,313.566,243089.875815618,12.4011865132651
"7494","29H430880",2024-04-18,"04-2024",220500,2024,"2","X",2023,2025,313.016,223731.251757099,12.3182008415967
"7495","29H440098",2024-01-03,"01-2024",235000,2024,"2","X",2023,2025,309.794,240923.66217551,12.392235407837
"7496","29H440414",2024-03-25,"03-2024",275000,2024,"2","X",2023,2025,312.107,279842.570016052,12.5419824740869
"7497","29H440708",2024-07-30,"07-2024",281000,2024,"2","X",2023,2025,313.566,284617.729600786,12.5589022592569
"7498","29H441022",2024-11-13,"11-2024",210000,2024,"2","X",2023,2025,316.449,210765.810604552,12.2585028937124
"7499","29H441165",2024-08-01,"08-2024",120000,2024,"2","I",2023,2025,314.131,121326.325641213,11.7062391005786
"7500","29H510784",2024-10-24,"10-2024",210000,2024,"2","X",2023,2025,315.564,211356.903829334,12.2613034708474
"7501","29H520024",2024-04-26,"04-2024",120000,2024,"2","I",2023,2025,313.016,121758.504357605,11.7097948894919
"7502","29H520024",2024-07-23,"07-2024",180000,2024,"2","X",2023,2025,313.566,182317.406861713,12.1135044408133
"7503","29H520190",2024-02-21,"02-2024",211000,2024,"2","X",2023,2025,311.022,215464.607005292,12.2805519384033
"7504","29H520376",2024-05-31,"05-2024",197500,2024,"2","X",2023,2025,313.14,200314.851184774,12.2076456636121
"7505","29H520541",2024-03-22,"03-2024",65000,2024,"2","I",2023,2025,312.107,66144.6074583396,11.099598646316
"7506","29H520552",2024-07-03,"07-2024",260000,2024,"2","X",2023,2025,313.566,263347.365466919,12.4812292209387
"7507","29H520992",2024-07-23,"07-2024",273000,2024,"2","X",2023,2025,313.566,276514.733740265,12.5300193851081
"7508","29H530133",2024-10-22,"10-2024",196900,2024,"2","X",2023,2025,315.564,198172.258876171,12.1968919257751
"7509","29H530320",2024-05-17,"05-2024",176500,2024,"2","X",2023,2025,313.14,179015.550552469,12.0952279556443
"7510","29H530452",2024-09-12,"09-2024",209000,2024,"2","X",2023,2025,314.851,210826.794261413,12.2587921950738
"7511","29H530816",2024-08-19,"08-2024",245000,2024,"2","X",2023,2025,314.131,247707.914850811,12.4200055683412
"7512","29H540286",2024-02-22,"02-2024",210000,2024,"2","X",2023,2025,311.022,214443.447730386,12.2758013356447
"7513","29H540495",2024-06-27,"06-2024",190000,2024,"2","I",2023,2025,313.131,192713.496907045,12.1689598929826
"7514","29H540853",2024-02-23,"02-2024",198000,2024,"2","X",2023,2025,311.022,202189.536431506,12.2169608356217
"7515","29H630057",2024-04-24,"04-2024",199900,2024,"2","X",2023,2025,313.016,202829.37517571,12.2201203882162
"7516","29H630178",2024-01-31,"01-2024",2e+05,2024,"2","X",2023,2025,309.794,205041.414617456,12.2309672602409
"7517","29J110271",2024-01-02,"01-2024",270000,2024,"2","X",2023,2025,309.794,276805.909733565,12.5310718526913
"7518","29J110314",2024-09-25,"09-2024",320000,2024,"2","X",2023,2025,314.851,322797.005567713,12.6847789389028
"7519","29J110424",2024-04-10,"04-2024",275000,2024,"2","X",2023,2025,313.016,279029.905819511,12.5390742443764
"7520","29J110435",2024-01-11,"01-2024",255000,2024,"2","X",2023,2025,309.794,261427.803637256,12.4739134388513
"7521","29J120236",2024-10-21,"10-2024",92000,2024,"2","I",2023,2025,315.564,92594.4531061845,11.435984517179
"7522","29J120380",2024-08-12,"08-2024",132000,2024,"2","X",2023,2025,314.131,133458.958205335,11.8015492803829
"7523","29J120412",2024-03-01,"03-2024",146000,2024,"2","X",2023,2025,312.107,148570.964444886,11.9088179981287
"7524","29J120423",2024-04-17,"04-2024",148000,2024,"2","X",2023,2025,313.016,150168.822041046,11.9195154204739
"7525","29J120445",2024-06-10,"06-2024",120000,2024,"2","X",2023,2025,313.131,121713.787520239,11.7094275636042
"7526","29J120478",2024-02-20,"02-2024",145000,2024,"2","X",2023,2025,311.022,148068.094861457,11.9054275473478
"7527","29J120555",2024-02-22,"02-2024",1e+05,2024,"2","X",2023,2025,311.022,102115.92749066,11.5338639909153
"7528","29J120775",2024-03-22,"03-2024",139000,2024,"2","X",2023,2025,312.107,141447.699026295,11.8596853095511
"7529","29J120885",2024-05-30,"05-2024",148000,2024,"2","X",2023,2025,313.14,150109.356837197,11.9191193530351
"7530","29J120931",2024-07-15,"07-2024",152000,2024,"2","X",2023,2025,313.566,153956.921349891,11.9444281107694
"7531","29J120940",2024-07-23,"07-2024",173000,2024,"2","X",2023,2025,313.566,175227.285483758,12.0738391844209
"7532","29J121479",2024-07-10,"07-2024",163000,2024,"2","X",2023,2025,313.566,165098.540658107,12.0142977907299
"7533","29J121534",2024-04-05,"04-2024",178500,2024,"2","X",2023,2025,313.016,181115.775231937,12.1068917479295
"7534","29J121622",2024-06-21,"06-2024",98500,2024,"2","I",2023,2025,313.131,99906.733922863,11.5119923690002
"7535","29J121622",2024-10-17,"10-2024",202500,2024,"2","X",2023,2025,315.564,203808.442978287,12.2249358266766
"7536","29J121820",2024-10-15,"10-2024",1e+05,2024,"2","I",2023,2025,315.564,100646.144680635,11.5193661261181
"7537","29J122173",2024-03-08,"03-2024",172000,2024,"2","X",2023,2025,312.107,175028.807428222,12.0727058532338
"7538","29J122393",2024-08-28,"08-2024",165930,2024,"2","X",2023,2025,314.131,167763.976780388,12.0303133704712
"7539","29J122513",2024-07-03,"07-2024",162500,2024,"2","X",2023,2025,313.566,164592.103416825,12.0112255916929
"7540","29J122623",2024-09-20,"09-2024",188500,2024,"2","X",2023,2025,314.851,190147.611092231,12.1555559499971
"7541","29J122634",2024-09-12,"09-2024",159000,2024,"2","X",2023,2025,314.851,160389.762141457,11.9853621453292
"7542","29J123174",2024-03-26,"03-2024",170000,2024,"2","X",2023,2025,312.107,172993.588737196,12.0610098134706
"7543","29J123240",2024-07-12,"07-2024",165000,2024,"2","X",2023,2025,313.566,167124.289623237,12.0264930638237
"7544","29J123262",2024-01-18,"01-2024",165000,2024,"2","X",2023,2025,309.794,169159.167059401,12.0385953675935
"7545","29J123327",2024-11-01,"11-2024",270000,2024,"2","X",2023,2025,316.449,270984.613634424,12.5098173219933
"7546","29J123547",2024-09-30,"09-2024",284000,2024,"2","X",2023,2025,314.851,286482.342441345,12.5654321812702
"7547","29J123581",2024-07-02,"07-2024",295000,2024,"2","X",2023,2025,313.566,298797.972356697,12.6075229462629
"7548","29J210667",2024-06-24,"06-2024",142000,2024,"2","X",2023,2025,313.131,144027.98189895,11.8777628784234
"7549","29J211053",2024-10-02,"10-2024",156000,2024,"2","X",2023,2025,315.564,157007.985701791,11.9640519473795
"7550","29J211107",2024-02-23,"02-2024",105000,2024,"2","X",2023,2025,311.022,107221.723865193,11.5826541550847
"7551","29J211130",2024-07-22,"07-2024",160000,2024,"2","X",2023,2025,313.566,162059.917210412,11.995721405157
"7552","29J211383",2024-08-30,"08-2024",99100,2024,"2","5",2023,2025,314.131,100195.323925369,11.5148767991325
"7553","29J211822",2024-05-22,"05-2024",170000,2024,"2","X",2023,2025,313.14,172422.909880565,12.0577055163212
"7554","29J212120",2024-01-03,"01-2024",188000,2024,"2","X",2023,2025,309.794,192738.929740408,12.1690918565228
"7555","29J212197",2024-06-24,"06-2024",226500,2024,"2","X",2023,2025,313.131,229734.773944451,12.3446807657452
"7556","29J212472",2024-03-11,"03-2024",150000,2024,"2","X",2023,2025,312.107,152641.401826938,11.9358466705166
"7557","29J212548",2024-04-03,"04-2024",2e+05,2024,"2","X",2023,2025,313.016,202930.840596008,12.2206205132578
"7558","29J212746",2024-11-25,"11-2024",178000,2024,"2","X",2023,2025,316.449,178649.115655287,12.093178913287
"7559","29J214539",2024-01-17,"01-2024",401750,2024,"2","X",2023,2025,309.794,411876.941612814,12.9284798983105
"7560","29J220194",2024-10-28,"10-2024",270000,2024,"2","X",2023,2025,315.564,271744.590637715,12.5126178991284
"7561","29J222251",2024-06-07,"06-2024",505000,2024,"2","X",2023,2025,313.131,512212.189147673,13.1464942500975
"7562","29J310570",2024-07-23,"07-2024",740000,2024,"2","X",2023,2025,313.566,749527.117098155,13.5271977761213
"7563","29J320151",2024-05-14,"05-2024",255000,2024,"2","X",2023,2025,313.14,258634.364820847,12.4631706244294
"7564","29J320371",2024-01-04,"01-2024",272000,2024,"2","X",2023,2025,309.794,278856.32387974,12.5384519599889
"7565","29J320667",2024-04-03,"04-2024",180000,2024,"2","X",2023,2025,313.016,182637.756536407,12.1152599976
"7566","29J340412",2024-10-15,"10-2024",329900,2024,"2","X",2023,2025,315.564,332031.631301416,12.7129855183645
"7567","29J520614",2024-11-15,"11-2024",127500,2024,"2","X",2023,2025,316.449,127964.956438478,11.7595117275934
"7568","29J530361",2024-01-08,"01-2024",315000,2024,"2","X",2023,2025,309.794,322940.228022492,12.6852225325185
"7569","29J540063",2024-11-06,"11-2024",280000,2024,"2","X",2023,2025,316.449,281021.08080607,12.5461849661641
"7570","29J610144",2024-07-16,"07-2024",240000,2024,"2","X",2023,2025,313.566,243089.875815618,12.4011865132651
"7571","29J610672",2024-06-24,"06-2024",2e+05,2024,"2","4",2023,2025,313.131,202856.312533732,12.2202531873702
"7572","29J620275",2024-05-06,"05-2024",275000,2024,"2","X",2023,2025,313.14,278919.41304209,12.5386781769375
"7573","29J630328",2024-08-16,"08-2024",245000,2024,"2","X",2023,2025,314.131,247707.914850811,12.4200055683412
"7574","29J630515",2024-05-15,"05-2024",279000,2024,"2","X",2023,2025,313.14,282976.422686338,12.5531188610923
"7575","29J630890",2024-07-29,"07-2024",225000,2024,"2","X",2023,2025,313.566,227896.758577142,12.3366479921275
"7576","29J640251",2024-03-05,"03-2024",190500,2024,"2","X",2023,2025,312.107,193854.580320211,12.1748635709871
"7577","29J640404",2024-02-22,"02-2024",291000,2024,"2","X",2023,2025,311.022,297157.34899782,12.6020170720987
"7578","29J640570",2024-02-27,"02-2024",307500,2024,"2","X",2023,2025,311.022,314006.477033779,12.6571688921738
"7579","29J640822",2024-10-02,"10-2024",285000,2024,"2","X",2023,2025,315.564,286841.512339811,12.5666851203986
"7580","29K110368",2024-05-09,"05-2024",350000,2024,"2","X",2023,2025,313.14,354988.343871751,12.7798402337544
"7581","29K120356",2024-08-12,"08-2024",255000,2024,"2","I",2023,2025,314.131,257818.441987578,12.4600109029549
"7582","29K120840",2024-07-01,"07-2024",360000,2024,"2","X",2023,2025,313.566,364634.813723427,12.8066516213733
"7583","29K130070",2024-04-29,"04-2024",345000,2024,"2","X",2023,2025,313.016,350055.700028114,12.7658475637412
"7584","29K130388",2024-08-05,"08-2024",460000,2024,"2","X",2023,2025,314.131,465084.248291318,13.0499738472797
"7585","29K140299",2024-11-12,"11-2024",349000,2024,"2","X",2023,2025,316.449,350272.704290423,12.7664672851973
"7586","29K220324",2024-01-16,"01-2024",310000,2024,"2","X",2023,2025,309.794,317814.192657056,12.6692221911721
"7587","29K230400",2024-03-14,"03-2024",260000,2024,"2","X",2023,2025,312.107,264578.429833358,12.4858930074359
"7588","29K230851",2024-06-18,"06-2024",305000,2024,"2","X",2023,2025,313.131,309355.876613941,12.6422475974296
"7589","29K231038",2024-09-23,"09-2024",220000,2024,"2","X",2023,2025,314.851,221922.941327803,12.3100854894614
"7590","29K231193",2024-03-27,"03-2024",195000,2024,"2","I",2023,2025,312.107,198433.822375019,12.1982109349841
"7591","29K231193",2024-05-21,"05-2024",230000,2024,"2","X",2023,2025,313.14,233278.054544293,12.3599863881942
"7592","29K231391",2024-10-22,"10-2024",475000,2024,"2","X",2023,2025,315.564,478069.187233018,13.0775107441646
"7593","29K240487",2024-05-13,"05-2024",426999,2024,"2","X",2023,2025,313.14,433084.765271125,12.9786887505765
"7594","29K241114",2024-03-07,"03-2024",410000,2024,"2","X",2023,2025,312.107,417219.831660296,12.9413685361187
"7595","29K310326",2024-03-07,"03-2024",232000,2024,"2","X",2023,2025,312.107,236085.368158997,12.3719487480867
"7596","29K310447",2024-06-11,"06-2024",280000,2024,"2","X",2023,2025,313.131,283998.837547225,12.5567254239914
"7597","29K322196",2024-02-06,"02-2024",725000,2024,"2","X",2023,2025,311.022,740340.474307284,13.5148654597819
"7598","29K330214",2024-04-11,"04-2024",153900,2024,"2","X",2023,2025,313.016,156155.281838628,11.9586061875546
"7599","29K330676",2024-04-25,"04-2024",157500,2024,"2","X",2023,2025,313.016,159808.036969356,11.9817286049755
"7600","29K330830",2024-07-02,"07-2024",143000,2024,"2","X",2023,2025,313.566,144841.051006806,11.883392220183
"7601","29K331006",2024-11-01,"11-2024",162500,2024,"2","X",2023,2025,316.449,163092.591539237,12.0020733647647
"7602","29K331051",2024-06-27,"06-2024",135000,2024,"2","X",2023,2025,313.131,136928.010960269,11.8272105992606
"7603","29K331512",2024-02-12,"02-2024",140000,2024,"2","X",2023,2025,311.022,142962.298486924,11.8703362275365
"7604","29K410756",2024-06-06,"06-2024",390000,2024,"2","X",2023,2025,313.131,395569.809440777,12.8880825599458
"7605","29K420425",2024-09-30,"09-2024",239900,2024,"2","I",2023,2025,314.851,241996.880111545,12.3966801129547
"7606","29K420656",2024-08-01,"08-2024",440000,2024,"2","X",2023,2025,314.131,444863.194017782,13.0055220847088
"7607","29K510405",2024-10-01,"10-2024",360000,2024,"2","X",2023,2025,315.564,362326.120850287,12.8002999715801
"7608","29K520482",2024-01-10,"01-2024",320000,2024,"2","X",2023,2025,309.794,328066.263387929,12.7009708894867
"7609","29K530458",2024-09-05,"09-2024",385000,2024,"2","X",2023,2025,314.851,388365.147323655,12.8697012773968
"7610","29K530788",2024-08-29,"08-2024",325000,2024,"2","X",2023,2025,314.131,328592.131944953,12.7025725401262
"7611","29K540161",2024-05-06,"05-2024",285000,2024,"2","X",2023,2025,313.14,289061.937152711,12.5743962595396
"7612","29K540314",2024-06-27,"06-2024",335000,2024,"2","X",2023,2025,313.131,339784.323494001,12.7360663526472
"7613","29K620087",2024-04-03,"04-2024",123000,2024,"2","X",2023,2025,313.016,124802.466966545,11.7344875020822
"7614","29K620153",2024-07-29,"07-2024",101000,2024,"2","X",2023,2025,313.566,102300.322739072,11.5356681067644
"7615","29K620317",2024-01-09,"01-2024",1e+05,2024,"2","X",2023,2025,309.794,102520.707308728,11.537820079681
"7616","29K620526",2024-01-10,"01-2024",107000,2024,"2","X",2023,2025,309.794,109697.156820339,11.6054787281548
"7617","29K620636",2024-02-06,"02-2024",75000,2024,"2","I",2023,2025,311.022,76586.9456179949,11.2461819184635
"7618","29K620702",2024-05-15,"05-2024",105000,2024,"2","X",2023,2025,313.14,106496.503161525,11.5758674294285
"7619","29K620791",2024-11-07,"11-2024",72000,2024,"2","X",2023,2025,316.449,72262.5636358465,11.1880614820109
"7620","29K630624",2024-08-28,"08-2024",510000,2024,"2","X",2023,2025,314.131,515636.883975157,13.1531580835149
"7621","29L540720",2024-05-07,"05-2024",149000,2024,"2","X",2023,2025,313.14,151123.60924826,11.9258533852164
"7622","29L540874",2024-06-05,"06-2024",151000,2024,"2","X",2023,2025,313.131,153156.515962968,11.9392156576371
"7623","29L541028",2024-08-27,"08-2024",129000,2024,"2","X",2023,2025,314.131,130425.800064304,11.7785597621582
"7624","29L541105",2024-09-18,"09-2024",150000,2024,"2","X",2023,2025,314.851,151311.096359865,11.9270932372053
"7625","29L541248",2024-01-25,"01-2024",314500,2024,"2","X",2023,2025,309.794,322427.624485949,12.6836339698334
"7626","29L610164",2024-04-02,"04-2024",361000,2024,"2","X",2023,2025,313.016,366290.167275794,12.8111811050427
"7627","29L610890",2024-06-13,"06-2024",4e+05,2024,"2","X",2023,2025,313.131,405712.625067464,12.9134003679301
"7628","29L611044",2024-03-01,"03-2024",244000,2024,"2","4",2023,2025,312.107,248296.680305152,12.4223796017136
"7629","29L620097",2024-06-17,"06-2024",3e+05,2024,"2","X",2023,2025,313.131,304284.468800598,12.6257182954783
"7630","29L620273",2024-05-24,"05-2024",440000,2024,"2","X",2023,2025,313.14,446271.060867344,13.0086818061833
"7631","29L620712",2024-10-11,"10-2024",193220,2024,"2","I",2023,2025,315.564,194468.480751924,12.1780253762193
"7632","29L630249",2024-10-11,"10-2024",303500,2024,"2","X",2023,2025,315.564,305461.049105728,12.6295775506295
"7633","29L630371",2024-10-07,"10-2024",455000,2024,"2","X",2023,2025,315.564,457939.958296891,13.0344933590809
"7634","29L630502",2024-07-09,"07-2024",345000,2024,"2","X",2023,2025,313.566,349441.696484951,12.7640920069545
"7635","29L630854",2024-06-03,"06-2024",675000,2024,"2","X",2023,2025,313.131,684640.054801345,13.4366485116947
"7636","29L640116",2024-07-17,"07-2024",345000,2024,"2","X",2023,2025,313.566,349441.696484951,12.7640920069545
"7637","29L640479",2024-06-17,"06-2024",875000,2024,"2","X",2023,2025,313.131,887496.367335077,13.6961597071798
"7638","29M310160",2024-04-02,"04-2024",570000,2024,"2","X",2023,2025,313.016,578352.895698622,13.2679395075384
"7639","29M540082",2024-03-25,"03-2024",855000,2024,"2","X",2023,2025,312.107,870055.990413544,13.6763128453571
"7640","29M540224",2024-04-16,"04-2024",1400000,2024,"2","X",2023,2025,313.016,1420515.88417206,14.1665306623132
"7641","29N140322",2024-06-03,"06-2024",425000,2024,"2","X",2023,2025,313.131,431069.66413418,12.9740249897466
"7642","29O130735",2024-10-29,"10-2024",6e+05,2024,"2","X",2023,2025,315.564,603876.868083812,13.3111255953461
"7643","29O240483",2024-07-17,"07-2024",125000,2024,"2","I",2023,2025,313.566,126609.310320634,11.7488613272254
"7644","29O410345",2024-03-12,"03-2024",375000,2024,"2","X",2023,2025,312.107,381603.504567344,12.8521374023908
"7645","29O410390",2024-07-26,"07-2024",437000,2024,"2","X",2023,2025,313.566,442626.148880937,13.0004807850187
"7646","29O410611",2024-04-02,"04-2024",365000,2024,"2","X",2023,2025,313.016,370348.784087714,12.8222005002923
"7647","29O410983",2024-04-25,"04-2024",448000,2024,"2","X",2023,2025,313.016,454565.082935058,13.0270963791248
"7648","29O420290",2024-01-17,"01-2024",450000,2024,"2","X",2023,2025,309.794,461343.182889275,13.0418974764572
"7649","29O420322",2024-08-12,"08-2024",415000,2024,"2","X",2023,2025,314.131,419586.876175863,12.9470258780272
"7650","29O440513",2024-03-08,"03-2024",330000,2024,"2","I",2023,2025,312.107,335811.084019263,12.7243040308809
"7651","29O440551",2024-03-11,"03-2024",450000,2024,"2","X",2023,2025,312.107,457924.205480813,13.0344589591847
"7652","29O440573",2024-05-22,"05-2024",495000,2024,"2","X",2023,2025,313.14,502054.943475762,13.1264648418396
"7653","29O440632",2024-08-01,"08-2024",525000,2024,"2","X",2023,2025,314.131,530802.674680309,13.1821456203881
"7654","31K540272",2024-04-12,"04-2024",301000,2024,"2","X",2023,2025,313.016,305410.915096992,12.6294134114587
"7655","31K610320",2024-05-13,"05-2024",455200,2024,"2","X",2023,2025,313.14,461687.697515488,13.0426439620831
"7656","31K630175",2024-05-17,"05-2024",330000,2024,"2","X",2023,2025,313.14,334703.295650508,12.7209997337315
"7657","31K630252",2024-10-16,"10-2024",375000,2024,"2","X",2023,2025,315.564,377423.042552382,12.8411219661004
"7658","31K630285",2024-01-10,"01-2024",310000,2024,"2","X",2023,2025,309.794,317814.192657056,12.6692221911721
"7659","31K630405",2024-10-11,"10-2024",345000,2024,"2","X",2023,2025,315.564,347229.199148192,12.7577403571613
"7660","31K630515",2024-07-24,"07-2024",350000,2024,"2","X",2023,2025,313.566,354506.068897776,12.7784807444066
"7661","31L130135",2024-02-01,"02-2024",130000,2024,"2","I",2023,2025,311.022,132750.705737858,11.7962282553828
"7662","31L130135",2024-07-12,"07-2024",367500,2024,"2","X",2023,2025,313.566,372231.372342665,12.827270908576
"7663","31L130171",2024-05-28,"05-2024",295000,2024,"2","X",2023,2025,313.14,299204.461263333,12.6088824356108
"7664","31L130612",2024-01-17,"01-2024",385000,2024,"2","X",2023,2025,309.794,394704.723138602,12.8858932279807
"7665","31L210545",2024-09-30,"09-2024",382500,2024,"2","X",2023,2025,314.851,385843.295717657,12.8631865963756
"7666","31L220216",2024-05-22,"05-2024",450000,2024,"2","X",2023,2025,313.14,456413.584977965,13.0311546620353
"7667","31L220436",2024-10-07,"10-2024",482000,2024,"2","X",2023,2025,315.564,485114.417360662,13.0921400541806
"7668","31L241125",2024-05-08,"05-2024",850000,2024,"2","X",2023,2025,313.14,862114.549402823,13.6671434287553
"7669","31L310333",2024-10-31,"10-2024",335000,2024,"2","X",2023,2025,315.564,337164.584680128,12.728326471955
"7670","31L310360",2024-04-08,"04-2024",340000,2024,"2","X",2023,2025,313.016,344982.429013213,12.75124876432
"7671","31L320600",2024-02-09,"02-2024",440000,2024,"2","X",2023,2025,311.022,449310.080958903,13.0154685318395
"7672","31L330335",2024-06-20,"06-2024",311000,2024,"2","X",2023,2025,313.131,315441.565989953,12.6617287330014
"7673","31L340877",2024-02-06,"02-2024",457728,2024,"2","X",2023,2025,311.022,467413.192584447,13.0549689261581
"7674","31L410525",2024-05-14,"05-2024",550100,2024,"2","X",2023,2025,313.14,557940.251325286,13.2320071591524
"7675","31L420184",2024-03-28,"03-2024",415000,2024,"2","X",2023,2025,312.107,422307.878387861,12.9534898966511
"7676","31L420315",2024-08-22,"08-2024",380000,2024,"2","X",2023,2025,314.131,384200.031197176,12.8589186105169
"7677","31L420746",2024-07-01,"07-2024",749900,2024,"2","X",2023,2025,313.566,759554.574475549,13.5404874542305
"7678","31L430141",2024-04-22,"04-2024",379900,2024,"2","X",2023,2025,313.016,385467.131712117,12.8622112069034
"7679","31L440436",2024-04-19,"04-2024",220000,2024,"2","I",2023,2025,313.016,223223.924655609,12.3159306930622
"7680","31L440436",2024-08-12,"08-2024",306000,2024,"2","X",2023,2025,314.131,309382.130385094,12.6423324597489
"7681","31L510351",2024-02-12,"02-2024",292500,2024,"2","X",2023,2025,311.022,298689.08791018,12.6071584715991
"7682","31L520231",2024-09-25,"09-2024",270000,2024,"2","X",2023,2025,314.851,272359.973447758,12.5148799021074
"7683","31L520592",2024-03-18,"03-2024",315000,2024,"2","X",2023,2025,312.107,320546.943836569,12.677784015246
"7684","31L530755",2024-06-24,"06-2024",385002,2024,"2","X",2023,2025,313.131,390500.430190559,12.8751843499016
"7685","31L540183",2024-08-27,"08-2024",320000,2024,"2","X",2023,2025,314.131,323536.868376569,12.6870683535903
"7686","31L540352",2024-08-30,"08-2024",335000,2024,"2","X",2023,2025,314.131,338702.659081721,12.7328778896216
"7687","31L540930",2024-08-27,"08-2024",7e+05,2024,"2","X",2023,2025,314.131,707736.899573745,13.4698276928399
"7688","31L610572",2024-05-03,"05-2024",375500,2024,"2","X",2023,2025,313.14,380851.780353835,12.8501655504751
"7689","31L610761",2024-05-10,"05-2024",380000,2024,"2","X",2023,2025,313.14,385415.916203615,12.8620783319914
"7690","31L620164",2024-07-16,"07-2024",245000,2024,"2","X",2023,2025,313.566,248154.248228443,12.4218058004679
"7691","31L620322",2024-06-13,"06-2024",240000,2024,"2","X",2023,2025,313.131,243427.575040478,12.4025747441641
"7692","31L620791",2024-07-26,"07-2024",335000,2024,"2","X",2023,2025,313.566,339312.9516593,12.7346781217482
"7693","31L630103",2024-05-08,"05-2024",365000,2024,"2","X",2023,2025,313.14,370202.130037683,12.8218044328534
"7694","31L640030",2024-05-02,"05-2024",295000,2024,"2","4",2023,2025,313.14,299204.461263333,12.6088824356108
"7695","31L640223",2024-09-25,"09-2024",331500,2024,"2","I",2023,2025,314.851,334397.522955303,12.7200857527349
"7696","31L640333",2024-10-07,"10-2024",250000,2024,"2","X",2023,2025,315.564,251615.361701588,12.4356568579922
"7697","31L640452",2024-07-19,"07-2024",232000,2024,"2","X",2023,2025,313.566,234986.879955097,12.3672849615894
"7698","31L640737",2024-09-06,"09-2024",109500,2024,"2","5",2023,2025,314.851,110457.100342702,11.6123824923656
"7699","31L640773",2024-10-23,"10-2024",174000,2024,"2","I",2023,2025,315.564,175124.291744305,12.0732512393445
"7700","31L640975",2024-06-25,"06-2024",282500,2024,"2","X",2023,2025,313.131,286534.541453896,12.5656143714086
"7701","31L641141",2024-05-08,"05-2024",285000,2024,"2","X",2023,2025,313.14,289061.937152711,12.5743962595396
"7702","31M120227",2024-08-27,"08-2024",235000,2024,"2","X",2023,2025,314.131,237597.387714043,12.3783328719407
"7703","31M120823",2024-06-10,"06-2024",380000,2024,"2","X",2023,2025,313.131,385426.993814091,12.8621070735426
"7704","31M140614",2024-02-16,"02-2024",286000,2024,"2","X",2023,2025,311.022,292051.552623287,12.584685615747
"7705","31M210072",2024-09-05,"09-2024",258500,2024,"2","X",2023,2025,314.851,260759.456060168,12.4713536370575
"7706","31M220684",2024-07-18,"07-2024",580000,2024,"2","X",2023,2025,313.566,587467.199887743,13.2835756934636
"7707","31M230126",2024-04-30,"04-2024",230000,2024,"2","X",2023,2025,313.016,233370.466685409,12.360382455633
"7708","31M230180",2024-04-26,"04-2024",235000,2024,"2","X",2023,2025,313.016,238443.737700309,12.381888660854
"7709","31M230869",2024-03-12,"03-2024",237000,2024,"2","X",2023,2025,312.107,241173.414886561,12.3932715175555
"7710","31M230869",2024-05-21,"05-2024",237000,2024,"2","4",2023,2025,313.14,240377.821421728,12.3899672204061
"7711","31M231639",2024-05-23,"05-2024",395000,2024,"2","X",2023,2025,313.14,400629.702369547,12.9007928441721
"7712","31M310114",2024-10-22,"10-2024",342000,2024,"2","X",2023,2025,315.564,344209.814807773,12.7490066771926
"7713","31M330336",2024-09-30,"09-2024",350000,2024,"2","X",2023,2025,314.851,353059.224839686,12.7743910975925
"7714","31M420370",2024-02-28,"02-2024",425000,2024,"2","X",2023,2025,311.022,433992.691835304,12.9807829738516
"7715","31M420453",2024-06-03,"06-2024",539900,2024,"2","X",2023,2025,313.131,547610.615684809,13.2133197580464
"7716","31M420518",2024-10-28,"10-2024",480000,2024,"2","X",2023,2025,315.564,483101.494467049,13.0879820440319
"7717","31M420619",2024-08-02,"08-2024",380000,2024,"2","I",2023,2025,314.131,384200.031197176,12.8589186105169
"7718","31M520508",2024-03-07,"03-2024",350000,2024,"2","X",2023,2025,312.107,356163.270929521,12.7831445309038
"7719","31M530271",2024-07-15,"07-2024",450000,2024,"2","X",2023,2025,313.566,455793.517154283,13.0297951726875
"7720","31M620141",2024-05-20,"05-2024",190500,2024,"2","I",2023,2025,313.14,193215.084307339,12.1715592738377
"7721","31M630261",2024-05-14,"05-2024",526000,2024,"2","X",2023,2025,313.14,533496.768218688,13.1872082920087
"7722","31M630481",2024-10-17,"10-2024",660000,2024,"2","X",2023,2025,315.564,664264.554892193,13.4064357751505
"7723","31M630526",2024-04-24,"04-2024",575000,2024,"2","X",2023,2025,313.016,583426.166713523,13.2766731875072
"7724","31Y510015",2024-02-22,"02-2024",130000,2024,"1","X",2023,2025,311.022,132750.705737858,11.7962282553828
"7725","32H110559",2024-04-02,"04-2024",340000,2024,"2","X",2023,2025,313.016,344982.429013213,12.75124876432
"7726","32H110678",2024-03-29,"03-2024",352500,2024,"2","X",2023,2025,312.107,358707.294293303,12.7902619986727
"7727","32H110742",2024-08-21,"08-2024",365000,2024,"2","X",2023,2025,314.131,369034.240492024,12.818644711379
"7728","32H110953",2024-04-24,"04-2024",376000,2024,"2","X",2023,2025,313.016,381509.980320495,12.8518922900997
"7729","32H130496",2024-11-14,"11-2024",72000,2024,"2","I",2023,2025,316.449,72262.5636358465,11.1880614820109
"7730","32H140121",2024-08-30,"08-2024",215000,2024,"2","X",2023,2025,314.131,217376.333440507,12.2893853859242
"7731","32H140516",2024-10-08,"10-2024",330000,2024,"2","X",2023,2025,315.564,332132.277446097,12.7132885945905
"7732","32H240074",2024-02-21,"02-2024",285000,2024,"2","X",2023,2025,311.022,291030.393348381,12.5811829851958
"7733","32H410877",2024-02-28,"02-2024",240000,2024,"2","5",2023,2025,311.022,245078.225977584,12.4093327282692
"7734","32H410877",2024-06-07,"06-2024",4e+05,2024,"2","X",2023,2025,313.131,405712.625067464,12.9134003679301
"7735","32H440980",2024-05-21,"05-2024",270000,2024,"2","X",2023,2025,313.14,273848.150986779,12.5203290382693
"7736","32H510472",2024-09-25,"09-2024",310000,2024,"2","X",2023,2025,314.851,312709.599143722,12.6530302405882
"7737","32H510481",2024-04-26,"04-2024",330000,2024,"2","X",2023,2025,313.016,334835.886983413,12.7213958011703
"7738","32H510683",2024-06-26,"06-2024",205000,2024,"2","I",2023,2025,313.131,207927.720347075,12.2449457999605
"7739","32H510683",2024-11-01,"11-2024",320000,2024,"2","X",2023,2025,316.449,321166.949492651,12.6797163587887
"7740","32H510692",2024-05-21,"05-2024",287000,2024,"2","X",2023,2025,313.14,291090.441974836,12.5813892950306
"7741","32H520226",2024-02-21,"02-2024",320000,2024,"2","X",2023,2025,311.022,326770.967970111,12.697014800721
"7742","32H520318",2024-08-01,"08-2024",350000,2024,"2","X",2023,2025,314.131,353868.449786872,12.77668051228
"7743","32H520464",2024-05-22,"05-2024",320000,2024,"2","X",2023,2025,313.14,324560.771539886,12.6902280750647
"7744","32H520648",2024-02-27,"02-2024",307000,2024,"2","X",2023,2025,311.022,313495.897396326,12.6555415525144
"7745","32H530630",2024-08-08,"08-2024",335000,2024,"2","X",2023,2025,314.131,338702.659081721,12.7328778896216
"7746","32H530722",2024-08-29,"08-2024",305000,2024,"2","X",2023,2025,314.131,308371.077671417,12.6390591344039
"7747","32H540228",2024-11-04,"11-2024",389000,2024,"2","X",2023,2025,316.449,390418.572977004,12.8749747066133
"7748","32J120151",2024-04-23,"04-2024",503000,2024,"2","X",2023,2025,313.016,510371.06409896,13.1428933168096
"7749","32J120306",2024-10-04,"10-2024",430000,2024,"2","X",2023,2025,315.564,432778.422126732,12.9779811488176
"7750","32J120481",2024-07-22,"07-2024",625000,2024,"2","X",2023,2025,313.566,633046.551603171,13.3582992396595
"7751","32J120544",2024-03-04,"03-2024",465000,2024,"2","X",2023,2025,312.107,473188.345663506,13.0672487820077
"7752","32J140050",2024-07-08,"07-2024",782500,2024,"2","X",2023,2025,313.566,792574.282607171,13.5830415123374
"7753","32J220075",2024-02-16,"02-2024",298500,2024,"2","X",2023,2025,311.022,304816.04355962,12.6274637377598
"7754","32J220121",2024-02-21,"02-2024",242500,2024,"2","X",2023,2025,311.022,247631.12416485,12.4196955153047
"7755","32J220163",2024-11-20,"11-2024",295000,2024,"2","X",2023,2025,316.449,296075.781563538,12.5983707193347
"7756","32J220534",2024-03-13,"03-2024",217000,2024,"2","I",2023,2025,312.107,220821.227976303,12.3051087299608
"7757","32J220543",2024-11-06,"11-2024",284000,2024,"2","X",2023,2025,316.449,285035.667674728,12.5603696011561
"7758","32J230283",2024-05-29,"05-2024",4e+05,2024,"2","X",2023,2025,313.14,405700.964424858,12.9133716263789
"7759","32J230672",2024-05-30,"05-2024",495000,2024,"2","X",2023,2025,313.14,502054.943475762,13.1264648418396
"7760","32J310132",2024-05-16,"05-2024",238100,2024,"2","X",2023,2025,313.14,241493.499073897,12.3945978327638
"7761","32J310431",2024-09-13,"09-2024",350000,2024,"2","X",2023,2025,314.851,353059.224839686,12.7743910975925
"7762","32J310484",2024-05-07,"05-2024",350000,2024,"2","X",2023,2025,313.14,354988.343871751,12.7798402337544
"7763","32J320054",2024-09-17,"09-2024",328000,2024,"2","X",2023,2025,314.851,330866.930706906,12.7094715514932
"7764","32J320771",2024-08-27,"08-2024",445000,2024,"2","X",2023,2025,314.131,449918.457586166,13.0168216399628
"7765","32J320854",2024-06-12,"06-2024",455000,2024,"2","X",2023,2025,313.131,461498.11101424,13.0422332397731
"7766","32J320890",2024-03-08,"03-2024",357000,2024,"2","X",2023,2025,312.107,363286.536348111,12.8029471582
"7767","32J321374",2024-08-15,"08-2024",410111,2024,"2","X",2023,2025,314.131,414643.839458697,12.935175212561
"7768","32J330196",2024-07-15,"07-2024",375000,2024,"2","X",2023,2025,313.566,379827.930961903,12.8474736158935
"7769","32J330295",2024-11-12,"11-2024",390000,2024,"2","X",2023,2025,316.449,391422.219694169,12.8775421021186
"7770","32J410122",2024-07-02,"07-2024",320000,2024,"2","X",2023,2025,313.566,324119.834420824,12.6888685857169
"7771","32J410320",2024-03-18,"03-2024",313000,2024,"2","X",2023,2025,312.107,318511.725145543,12.6714145669605
"7772","32J410944",2024-11-12,"11-2024",395000,2024,"2","X",2023,2025,316.449,396440.453279991,12.890281127896
"7773","32J430836",2024-05-28,"05-2024",9e+05,2024,"2","4",2023,2025,313.14,912827.16995593,13.7243018425953
"7774","32J440372",2024-07-31,"07-2024",382500,2024,"2","X",2023,2025,313.566,387424.489581141,12.8672762431897
"7775","32J440471",2024-04-30,"04-2024",238000,2024,"2","X",2023,2025,313.016,241487.700309249,12.3945738203813
"7776","32J520034",2024-06-10,"06-2024",343000,2024,"2","X",2023,2025,313.131,347898.57599535,12.7596662679881
"7777","32J520661",2024-08-19,"08-2024",135000,2024,"2","X",2023,2025,314.131,136492.116346365,11.8240221362349
"7778","32J520971",2024-10-29,"10-2024",85000,2024,"2","X",2023,2025,315.564,85549.22297854,11.3568471966203
"7779","32J521112",2024-04-23,"04-2024",98000,2024,"2","X",2023,2025,313.016,99436.1118920439,11.5072706253804
"7780","32J521411",2024-05-31,"05-2024",92500,2024,"2","X",2023,2025,313.14,93818.3480232484,11.4491157237893
"7781","32J530110",2024-09-05,"09-2024",220300,2024,"2","I",2023,2025,314.851,222225.563520522,12.3114481969173
"7782","32J540395",2024-05-30,"05-2024",5e+05,2024,"2","X",2023,2025,313.14,507126.205531072,13.1365151776932
"7783","32J610951",2024-10-24,"10-2024",82000,2024,"2","X",2023,2025,315.564,82529.838638121,11.3209151873942
"7784","32J611026",2024-07-01,"07-2024",95000,2024,"2","X",2023,2025,313.566,96223.075843682,11.4744244815237
"7785","32J611082",2024-06-13,"06-2024",95500,2024,"2","X",2023,2025,313.131,96863.889234857,11.4810620683088
"7786","32J611125",2024-07-26,"07-2024",90000,2024,"2","X",2023,2025,313.566,91158.7034308567,11.4203572602534
"7787","32J621047",2024-07-26,"07-2024",370000,2024,"2","X",2023,2025,313.566,374763.558549077,12.8340505955614
"7788","32J630302",2024-08-07,"08-2024",304500,2024,"2","X",2023,2025,314.131,307865.551314579,12.6374184449465
"7789","32J630540",2024-07-26,"07-2024",340000,2024,"2","X",2023,2025,313.566,344377.324072125,12.7494932075333
"7790","32J630870",2024-05-30,"05-2024",345000,2024,"2","X",2023,2025,313.14,349917.08181644,12.7654514963023
"7791","32J631079",2024-09-04,"09-2024",3e+05,2024,"2","X",2023,2025,314.851,302622.192719731,12.6202404177652
"7792","32J640484",2024-05-06,"05-2024",440000,2024,"2","X",2023,2025,313.14,446271.060867344,13.0086818061833
"7793","32J640792",2024-03-25,"03-2024",3e+05,2024,"2","X",2023,2025,312.107,305282.803653875,12.6289938510766
"7794","32K440371",2024-10-31,"10-2024",210000,2024,"2","I",2023,2025,315.564,211356.903829334,12.2613034708474
"7795","32K440782",2024-10-16,"10-2024",344900,2024,"2","X",2023,2025,315.564,347128.553003511,12.7574504600728
"7796","32K440948",2024-07-16,"07-2024",1750000,2024,"2","P",2023,2025,313.566,1772530.34448888,14.3879186568407
"7797","32K520606",2024-10-16,"10-2024",420501,2024,"2","X",2023,2025,315.564,423218.044843518,12.9556427976614
"7798","32K531303",2024-09-10,"09-2024",225000,2024,"2","I",2023,2025,314.851,226966.644539798,12.3325583453134
"7799","32K540251",2024-06-24,"06-2024",387000,2024,"2","X",2023,2025,313.131,392526.964752771,12.8803605138519
"7800","32K540525",2024-09-30,"09-2024",375000,2024,"2","X",2023,2025,314.851,378277.740899664,12.8433839690794
"7801","32K540873",2024-01-11,"01-2024",329900,2024,"2","X",2023,2025,309.794,338215.813411493,12.7314394719274
"7802","32K610079",2024-11-01,"11-2024",365000,2024,"2","X",2023,2025,316.449,366331.051765055,12.8112927165774
"7803","32K610631",2024-09-24,"09-2024",413000,2024,"2","X",2023,2025,314.851,416609.88531083,12.93990553607
"7804","32K620287",2024-05-16,"05-2024",480000,2024,"2","X",2023,2025,313.14,486841.157309829,13.0956931831729
"7805","32K620386",2024-02-09,"02-2024",434000,2024,"2","X",2023,2025,311.022,443183.125309464,13.0017383390276
"7806","32K630303",2024-06-11,"06-2024",160000,2024,"2","I",2023,2025,313.131,162285.050026986,11.997109636056
"7807","32K630303",2024-10-15,"10-2024",288000,2024,"2","X",2023,2025,315.564,289860.89668023,12.5771564202659
"7808","32L120041",2024-02-01,"02-2024",10000,2024,"1","F",2023,2025,311.022,10211.592749066,9.23127889792123
"7809","32L220172",2024-10-31,"10-2024",152500,2024,"2","X",2023,2025,315.564,153485.370637969,11.9413605361774
"7810","32L240583",2024-10-09,"10-2024",160000,2024,"2","X",2023,2025,315.564,161033.831489017,11.9893697553638
"7811","32L240657",2024-01-31,"01-2024",150000,2024,"2","X",2023,2025,309.794,153781.060963092,11.9432851877891
"7812","32L320131",2024-01-02,"01-2024",66000,2024,"2","F",2023,2025,309.794,67663.6668237603,11.1223046357193
"7813","32L510583",2024-06-10,"06-2024",519000,2024,"2","X",2023,2025,313.131,526412.131025034,13.173839703988
"7814","32L530112",2024-10-02,"10-2024",4e+05,2024,"2","X",2023,2025,315.564,402584.578722541,12.905660487238
"7815","32L530372",2024-09-17,"09-2024",425000,2024,"2","X",2023,2025,314.851,428714.773019619,12.9685471120334
"7816","32L530460",2024-09-20,"09-2024",397000,2024,"2","X",2023,2025,314.851,400470.035032444,12.9003942237962
"7817","32L530626",2024-10-24,"10-2024",478500,2024,"2","X",2023,2025,315.564,481591.80229684,13.084852151023
"7818","32L530635",2024-01-26,"01-2024",340000,2024,"2","X",2023,2025,309.794,348570.404849674,12.7615955113031
"7819","32L610232",2024-08-22,"08-2024",359900,2024,"2","X",2023,2025,314.131,363877.871652272,12.8045735728815
"7820","32L610944",2024-09-27,"09-2024",370000,2024,"2","X",2023,2025,314.851,373234.037687668,12.8299609487473
"7821","32L630616",2024-05-09,"05-2024",343400,2024,"2","I",2023,2025,313.14,348294.27795874,12.7608030277343
"7822","32L640635",2024-11-01,"11-2024",4e+05,2024,"2","X",2023,2025,316.449,401458.686865814,12.9028599101029
"7823","32L641010",2024-04-18,"04-2024",357000,2024,"2","X",2023,2025,313.016,362231.550463874,12.8000389284894
"7824","32M440032",2024-03-20,"03-2024",385000,2024,"2","X",2023,2025,312.107,391779.598022473,12.8784547107082
"7825","32M440094",2024-08-19,"08-2024",450000,2024,"2","X",2023,2025,314.131,454973.72115455,13.0279949405609
"7826","32M530315",2024-03-22,"03-2024",440500,2024,"2","X",2023,2025,312.107,448256.91669844,13.0131218217966
"7827","32M610033",2024-06-27,"06-2024",4e+05,2024,"2","X",2023,2025,313.131,405712.625067464,12.9134003679301
"7828","32M620414",2024-09-23,"09-2024",377400,2024,"2","X",2023,2025,314.851,380698.718441421,12.8497635760435
"7829","32M620582",2024-08-22,"08-2024",375000,2024,"2","X",2023,2025,314.131,379144.767628792,12.8456733837669
"7830","32M640425",2024-06-06,"06-2024",199800,2024,"2","X",2023,2025,313.131,202653.456221198,12.2192526870366
"7831","32M640535",2024-11-07,"11-2024",210000,2024,"2","X",2023,2025,316.449,210765.810604552,12.2585028937124
"7832","32M640984",2024-11-01,"11-2024",216670,2024,"2","X",2023,2025,316.449,217460.13420804,12.2897708217135
"7833","32M641042",2024-10-23,"10-2024",175000,2024,"2","X",2023,2025,315.564,176130.753191112,12.0789819140535
"7834","32M641617",2024-04-22,"04-2024",429900,2024,"2","X",2023,2025,313.016,436199.841861119,12.985855770212
"7835","32W140101",2024-07-03,"07-2024",485500,2024,"2","X",2023,2025,313.566,491750.561285343,13.1057268776545
"7836","33H110109",2024-08-09,"08-2024",245000,2024,"2","I",2023,2025,314.131,247707.914850811,12.4200055683412
"7837","33H110567",2024-03-27,"03-2024",525000,2024,"2","X",2023,2025,312.107,534244.906394281,13.188609639012
"7838","33H120137",2024-08-08,"08-2024",480000,2024,"2","X",2023,2025,314.131,485305.302564854,13.0925334616984
"7839","33H120595",2024-07-17,"07-2024",685000,2024,"2","X",2023,2025,313.566,693819.020557076,13.4499664281854
"7840","33H120706",2024-06-03,"06-2024",812000,2024,"2","X",2023,2025,313.131,823596.628886952,13.6214361609838
"7841","33H140780",2024-05-02,"05-2024",565000,2024,"2","X",2023,2025,313.14,573052.612250112,13.2587328104174
"7842","33H230173",2024-07-02,"07-2024",595000,2024,"2","X",2023,2025,313.566,602660.317126219,13.3091089954688
"7843","33H230577",2024-07-03,"07-2024",695000,2024,"2","X",2023,2025,313.566,703947.765382727,13.4644594354879
"7844","33H230632",2024-02-09,"02-2024",595000,2024,"2","X",2023,2025,311.022,607589.768569426,13.3172552104728
"7845","33H410292",2024-07-16,"07-2024",139000,2024,"1","4",2023,2025,313.566,140789.553076545,11.8550215230538
"7846","33H410849",2024-10-31,"10-2024",451000,2024,"2","X",2023,2025,315.564,453914.112509665,13.0256632796327
"7847","33H420327",2024-11-04,"11-2024",480000,2024,"2","X",2023,2025,316.449,481750.424238977,13.0851814668968
"7848","33H420914",2024-10-01,"10-2024",510000,2024,"2","X",2023,2025,315.564,513295.33787124,13.1486066658484
"7849","33H421115",2024-03-19,"03-2024",487500,2024,"2","X",2023,2025,312.107,496084.555937547,13.1145016668583
"7850","33H421371",2024-03-19,"03-2024",505000,2024,"2","X",2023,2025,312.107,513892.719484023,13.1497698056957
"7851","33H430621",2024-09-18,"09-2024",630000,2024,"2","P",2023,2025,314.851,635506.604711435,13.3621777624946
"7852","33H440154",2024-08-01,"08-2024",215000,2024,"2","X",2023,2025,314.131,217376.333440507,12.2893853859242
"7853","33H440475",2024-08-30,"08-2024",486000,2024,"2","X",2023,2025,314.131,491371.618846914,13.104955981697
"7854","33H530446",2024-06-06,"06-2024",665000,2024,"2","X",2023,2025,313.131,674497.239174659,13.421722861478
"7855","33J110111",2024-10-17,"10-2024",409000,2024,"2","X",2023,2025,315.564,411642.731743798,12.9279110961728
"7856","33J110304",2024-06-25,"06-2024",451000,2024,"2","X",2023,2025,313.131,457440.984763566,13.0334031603248
"7857","33J210211",2024-06-21,"06-2024",7e+05,2024,"2","X",2023,2025,313.131,709997.093868062,13.4730161558655
"7858","33J210413",2024-08-05,"08-2024",649000,2024,"2","X",2023,2025,314.131,656173.211176229,13.3941800745006
"7859","33J220197",2024-10-04,"10-2024",330000,2024,"2","X",2023,2025,315.564,332132.277446097,12.7132885945905
"7860","33J240700",2024-05-28,"05-2024",365000,2024,"2","X",2023,2025,313.14,370202.130037683,12.8218044328534
"7861","33J240865",2024-02-12,"02-2024",216000,2024,"2","I",2023,2025,311.022,220570.403379825,12.3039722126114
"7862","33J240865",2024-09-20,"09-2024",315000,2024,"2","X",2023,2025,314.851,317753.302355717,12.6690305819346
"7863","33J310412",2024-02-12,"02-2024",425000,2024,"2","4",2023,2025,311.022,433992.691835304,12.9807829738516
"7864","33J310584",2024-05-15,"05-2024",485000,2024,"2","X",2023,2025,313.14,491912.41936514,13.1060559702084
"7865","33J310771",2024-04-29,"04-2024",497500,2024,"2","X",2023,2025,313.016,504790.46598257,13.1318987033085
"7866","33J311123",2024-11-12,"11-2024",465000,2024,"2","X",2023,2025,316.449,466695.723481509,13.0534327685823
"7867","33J330153",2024-10-09,"10-2024",299900,2024,"2","X",2023,2025,315.564,301837.787897225,12.6176450258849
"7868","33J330241",2024-05-13,"05-2024",290000,2024,"2","X",2023,2025,313.14,294133.199208022,12.5917880022515
"7869","33J340121",2024-04-03,"04-2024",305000,2024,"2","X",2023,2025,313.016,309469.531908912,12.6426149233172
"7870","33J340314",2024-08-19,"08-2024",645000,2024,"2","X",2023,2025,314.131,652129.000321522,13.3879976745923
"7871","33J340383",2024-01-26,"01-2024",540000,2024,"2","X",2023,2025,309.794,553611.81946713,13.2242190332512
"7872","33J340534",2024-08-30,"08-2024",625000,2024,"2","X",2023,2025,314.131,631907.946047986,13.3564990075329
"7873","33J530201",2024-04-08,"04-2024",496000,2024,"2","X",2023,2025,313.016,503268.4846781,13.1288790734347
